90	Apple	iPhone 8
91	Apple	iPhone 8
92	Apple	iPhone 8
93	Apple	iPhone 8
94	Apple	iPhone 8
95	Apple	iPhone 8 Plus
96	Apple	iPhone 8 Plus
97	Apple	iPhone 8 Plus
98	Apple	iPhone 8 Plus
99	Apple	iPhone 8 Plus
100	Apple	iPhone 8 Plus
101	Apple	iPhone 8 Plus
102	Apple	iPhone 8 Plus
103	Apple	iPhone 8 Plus
104	Apple	iPhone 8 Plus
105	Apple	iPhone X
106	Apple	iPhone X
107	Apple	iPhone X
108	Apple	iPhone XS
109	Apple	iPhone XS
110	Apple	iPhone XS
111	Apple	iPhone XS Max
112	Apple	iPhone XS Max
113	Apple	iPhone XS Max
114	Apple	iPhone XR
115	Apple	iPhone XR
116	Apple	iPhone 11
117	Apple	iPhone 11 Pro Max
118	Apple	iPhone 11 Pro
119	Apple	iPhone 6
120	Apple	iPhone 7
121	Apple	iPhone 7 Plus
122	Apple	iPhone 7 Plus
123	Apple	iPhone 7 Plus
124	Apple	iPhone 7 Plus
125	Apple	iPhone 7 Plus
126	Apple	iPhone 7 Plus
127	Apple	iPhone 7 Plus
128	Apple	iPhone 7 Plus
129	Apple	iPhone 7 Plus
130	Apple	iPhone 7 Plus
131	Apple	iPhone 11
132	Apple	iPhone XR
133	Apple	iPhone XR
134	Apple	iPhone 11 Pro
135	Apple	iPhone 11 Pro Max
136	Apple	iPhone XS
137	Apple	iPhone 11
138	Apple	iPhone 11
139	Apple	iPhone 11
140	Apple	iPhone XR
141	Apple	iPhone 6 Plus
142	Apple	iPhone 11 Pro
143	Apple	iPhone XS Max
144	Apple	iPhone 11 Pro
145	Apple	iPhone 11 Pro Max
146	Apple	iPhone 5
147	Apple	iPhone 12
148	Apple	iPhone 12 Pro Max
149	Apple	Apple Watch Series 2
150	Apple	Apple Watch Series 2
151	Apple	Apple Watch Series 2
152	Apple	Apple Watch Series 2
153	Apple	Apple Watch Series 2
154	Apple	Apple Watch Series 2
155	Apple	Apple Watch Series 2
156	Apple	Apple Watch Series 2
157	Apple	Apple Watch Series 2
158	Apple	Apple Watch Series 2
159	Apple	Apple Watch Series 2
160	Apple	Apple Watch Series 2
161	Apple	Apple Watch Series 1
162	Apple	Apple Watch Series 1
163	Apple	Apple Watch Series 3
164	Apple	Apple Watch Series 3
165	Apple	Apple Watch Series 3
166	Apple	Apple Watch Series 3
167	Apple	Apple Watch Series 3
168	Apple	Apple Watch Series 3
169	Apple	Apple Watch Series 3
50	Apple	iPhone 5
51	Apple	iPhone 5
52	Apple	iPhone 5
53	Apple	iPhone 5S
54	Apple	iPhone 5S
55	Apple	iPhone 5S
56	Apple	iPhone 5S
57	Apple	iPhone 5S
58	Apple	iPhone 5S
59	Apple	iPhone 5C
60	Apple	iPhone 5C
61	Apple	iPhone 6
62	Apple	iPhone 6
63	Apple	iPhone 6
64	Apple	iPhone 6
65	Apple	iPhone 6
66	Apple	iPhone 6 Plus
67	Apple	iPhone 6 Plus
68	Apple	iPhone 6 Plus
69	Apple	iPhone 6 Plus
70	Apple	iPhone 6 Plus
71	Apple	iPhone 6 Plus
72	Apple	iPhone 6S
73	Apple	iPhone 6S
74	Apple	iPhone 6S
75	Apple	iPhone 6S
76	Apple	iPhone 6S
77	Apple	iPhone 6S
78	Apple	iPhone 6S Plus
79	Apple	iPhone 6S Plus
80	Apple	iPhone 6S Plus
81	Apple	iPhone 6S Plus
82	Apple	iPhone 6S Plus
83	Apple	iPhone 6S Plus
84	Apple	iPhone 7
85	Apple	iPhone 7
86	Apple	iPhone 7
87	Apple	iPhone 7
88	Apple	iPhone 7
89	Apple	iPhone 8
170	Apple	Apple Watch Series 3
171	Apple	Apple Watch Series 3
172	Apple	Apple Watch Series 3
173	Apple	Apple Watch Series 3
174	Apple	Apple Watch Series 3
175	Apple	Apple Watch Series 3
176	Apple	Apple Watch Series 3
177	Apple	Apple Watch Series 3
178	Apple	Apple Watch Series 3
179	Apple	Apple Watch Series 3
180	Apple	Apple Watch Series 3
181	Apple	Apple Watch Series 3
182	Apple	Apple Watch Series 3
183	Apple	Apple Watch Series 4
184	Apple	Apple Watch Series 4
185	Apple	Apple Watch Series 4
186	Apple	Apple Watch Series 4
187	Apple	Apple Watch Series 4
188	Apple	Apple Watch Series 4
189	Apple	Apple Watch Series 4
190	Apple	Apple Watch Series 4
191	Apple	Apple Watch Series 4
192	Apple	Apple Watch Series 4
193	Apple	Apple Watch Series 4
194	Apple	Apple Watch Series 4
195	Apple	Apple Watch Series 5
196	Apple	Apple Watch Series 5
197	Apple	Apple Watch Series 5
198	Apple	Apple Watch Series 5
199	Apple	Apple Watch Series 5
200	Apple	Apple Watch Series 5
201	Apple	Apple Watch Series 5
202	Apple	Apple Watch Series 5
203	Apple	Apple Watch Series 4
204	Apple	Apple Watch Series 6
205	Apple	Apple Watch Series 6
206	Samsung	Galaxy S20 FE
207	Samsung	Galaxy S20 FE
208	Samsung	Galaxy S20 FE
209	Samsung	Galaxy S20 FE
250	Samsung	Galaxy S20
251	Samsung	Galaxy S20
252	Samsung	Galaxy S20
253	Samsung	Galaxy S20
254	Samsung	Galaxy S20
255	Samsung	Galaxy S20
256	Samsung	Galaxy S20
257	Samsung	Galaxy S20
258	Samsung	Galaxy S10 Lite
259	Samsung	Galaxy S10 Lite
260	Samsung	Galaxy S10 5G
261	Samsung	Galaxy S10 5G
262	Samsung	Galaxy S10 5G
263	Samsung	Galaxy S10 5G
264	Samsung	Galaxy S10 5G
265	Samsung	Galaxy S10 Plus
266	Samsung	Galaxy S10
267	Samsung	Galaxy S10 Plus
268	Samsung	Galaxy Note 9
269	Samsung	Galaxy S10 Plus
270	Samsung	Galaxy S10 Plus
271	Samsung	Galaxy S10 Plus
272	Samsung	Galaxy S10 Plus
273	Samsung	Galaxy S10 Plus
274	Samsung	Galaxy S10 Plus
275	Samsung	Galaxy S10 Plus
276	Samsung	Galaxy S10
277	Samsung	Galaxy S10
278	Samsung	Galaxy S10
279	Samsung	Galaxy S10
280	Samsung	Galaxy S10
281	Samsung	Galaxy S10
282	Samsung	Galaxy S10
283	Samsung	Galaxy S10
284	Samsung	Galaxy S10e
285	Samsung	Galaxy S10e
286	Samsung	Galaxy S10e
287	Samsung	Galaxy S10e
288	Samsung	Galaxy S10e
289	Samsung	Galaxy S10e
210	Samsung	Galaxy S20 FE
211	Samsung	Galaxy S20 FE
212	Samsung	Galaxy S20 FE
213	Samsung	Galaxy S20 FE
214	Samsung	Galaxy S20 FE
215	Samsung	Galaxy S20 FE
216	Samsung	Galaxy S20 FE
217	Samsung	Galaxy S20 FE
218	Samsung	Galaxy S20 FE
219	Samsung	Galaxy S20 FE
220	Samsung	Galaxy S20 FE
221	Samsung	Galaxy S20 FE
222	Samsung	Galaxy S20 Ultra
223	Samsung	Galaxy S20 Ultra
224	Samsung	Galaxy S20 Ultra
225	Samsung	Galaxy S20 Ultra
226	Samsung	Galaxy S20 Ultra
227	Samsung	Galaxy S20 Ultra
228	Samsung	Galaxy S20 Ultra
229	Samsung	Galaxy S20 Ultra
230	Samsung	Galaxy S20 Ultra
231	Samsung	Galaxy S20 Ultra
232	Samsung	Galaxy S20 Ultra
233	Samsung	Galaxy S20 Plus
234	Samsung	Galaxy S20 Plus
235	Samsung	Galaxy S20 Plus
236	Samsung	Galaxy S20 Plus
237	Samsung	Galaxy S20 Plus
238	Samsung	Galaxy S20 Plus
239	Samsung	Galaxy S20 Plus
240	Samsung	Galaxy S20 Plus
241	Samsung	Galaxy S20 Plus
242	Samsung	Galaxy S20 Plus
243	Samsung	Galaxy S20 Plus
244	Samsung	Galaxy S20
245	Samsung	Galaxy S20
246	Samsung	Galaxy S20
247	Samsung	Galaxy S20
248	Samsung	Galaxy S20 Plus
249	Samsung	Galaxy S20
290	Samsung	Galaxy S10e
291	Samsung	Galaxy S10e
292	Samsung	Galaxy S10e
293	Samsung	Galaxy S10e
294	Samsung	Galaxy S10e
295	Samsung	Galaxy S10e
296	Samsung	Galaxy S10e
297	Samsung	Galaxy S10e
298	Samsung	Galaxy S9 Plus
299	Samsung	Galaxy S9 Plus
300	Samsung	Galaxy S9 Plus
301	Samsung	Galaxy S9 Plus
302	Samsung	Galaxy S9 Plus
303	Samsung	Galaxy S9 Plus
304	Samsung	Galaxy S9 Plus
305	Samsung	Galaxy S9 Plus
306	Samsung	Galaxy S9 Plus
307	Samsung	Galaxy S9 Plus
308	Samsung	Galaxy S9 Plus
309	Samsung	Galaxy S9 Plus
310	Samsung	Galaxy S9 Plus
311	Samsung	Galaxy S9 Plus
312	Samsung	Galaxy S9 Plus
313	Samsung	Galaxy S9 Plus
314	Samsung	Galaxy S9 Plus
315	Samsung	Galaxy S8
316	Samsung	Galaxy S9
317	Samsung	Galaxy S9
318	Samsung	Galaxy S9
319	Samsung	Galaxy S9
320	Samsung	Galaxy S9
321	Samsung	Galaxy S9
322	Samsung	Galaxy S9
323	Samsung	Galaxy S9
324	Samsung	Galaxy S9
325	Samsung	Galaxy S9
326	Samsung	Galaxy S9
327	Samsung	Galaxy S9
328	Samsung	Galaxy S9
329	Samsung	Galaxy S9
330	Samsung	Galaxy S9
331	Samsung	Galaxy S9
332	Samsung	Galaxy S8
333	Samsung	Galaxy S8 Plus
334	Samsung	Galaxy S8 Plus
335	Samsung	Galaxy S8 Plus
336	Samsung	Galaxy S8 Plus
337	Samsung	Galaxy S8 Plus
338	Samsung	Galaxy S8 Plus
339	Samsung	Galaxy S8 Plus
340	Samsung	Galaxy S8 Plus
341	Samsung	Galaxy S8 Plus
342	Samsung	Galaxy S8 Plus
343	Samsung	Galaxy S8 Plus
344	Samsung	Galaxy S8 Plus
345	Samsung	Galaxy S8 Plus
346	Samsung	Galaxy S8 Plus
347	Samsung	Galaxy S8 Plus
348	Samsung	Galaxy S8
349	Samsung	Galaxy S8
350	Samsung	Galaxy S8
351	Samsung	Galaxy S8
352	Samsung	Galaxy S8
353	Samsung	Galaxy S8
354	Samsung	Galaxy S8
355	Samsung	Galaxy S8
356	Samsung	Galaxy S8
357	Samsung	Galaxy S8
358	Samsung	Galaxy S8
359	Samsung	Galaxy S8
360	Samsung	Galaxy S8
361	Samsung	Galaxy S8
362	Samsung	Galaxy S8
363	Samsung	Galaxy Note 8
364	Samsung	Galaxy Note 8
365	Samsung	Galaxy Note 8
366	Samsung	Galaxy Note 8
367	Samsung	Galaxy Note 8
368	Samsung	Galaxy Note 8
369	Samsung	Galaxy Note 8
370	Samsung	Galaxy Note 8
371	Samsung	Galaxy Note 8
372	Samsung	Galaxy Note 9
373	Samsung	Galaxy Note 9
374	Samsung	Galaxy Note 9
375	Samsung	Galaxy Note 9
376	Samsung	Galaxy Note 9
377	Samsung	Galaxy Note 9
378	Samsung	Galaxy Note 9
379	Samsung	Galaxy Note 9
380	Samsung	Galaxy Note 9
381	Samsung	Galaxy Note 9
382	Samsung	Galaxy Note 9
383	Samsung	Galaxy Note 10
384	Samsung	Galaxy Note 10
385	Samsung	Galaxy Note 10
386	Samsung	Galaxy Note 10
387	Samsung	Galaxy Note 10
388	Samsung	Galaxy Note 10
389	Samsung	Galaxy Note 10
390	Samsung	Galaxy Note 10
391	Samsung	Galaxy Note 10
392	Samsung	Galaxy Note 10 Lite
393	Samsung	Galaxy Note 10 Lite
394	Samsung	Galaxy Note 10 Plus
395	Samsung	Galaxy Note 10 Plus
396	Samsung	Galaxy Note 10 Plus
397	Samsung	Galaxy Note 10 Plus
398	Samsung	Galaxy Note 10 Plus
399	Samsung	Galaxy Note 10 Plus
400	Samsung	Galaxy Note 10 Plus
401	Samsung	Galaxy Note 10 Plus
402	Samsung	Galaxy Note 20 Ultra
403	Samsung	Galaxy Note 20 Ultra
404	Samsung	Galaxy Note 20 Ultra
405	Samsung	Galaxy Note 20 Ultra
406	Samsung	Galaxy Note 20 Ultra
407	Samsung	Galaxy Note 20 Ultra
408	Samsung	Galaxy Note 20 Ultra
409	Samsung	Galaxy Note 20
410	Samsung	Galaxy Note 20
411	Samsung	Galaxy Note 20
412	Samsung	Galaxy Note 20
413	Samsung	Galaxy Note 20
414	Samsung	Galaxy Note 20
415	Samsung	Galaxy Note 20
416	Samsung	Galaxy Note 20
417	Samsung	Galaxy Note 20
418	Apple	MacBook 12
419	Apple	MacBook 12
420	Apple	MacBook 12
421	Samsung	Galaxy A20e
422	Samsung	Galaxy A20e
423	Samsung	Galaxy A20e
424	Samsung	Galaxy A20e
425	Samsung	Galaxy A20e
426	Samsung	Galaxy A32 5G
427	Samsung	Galaxy A32 5G
428	Samsung	Galaxy A32 5G
429	Samsung	Galaxy A32 5G
430	Samsung	Galaxy A32 5G
431	Samsung	Galaxy A32 4G
432	Samsung	Galaxy A32 4G
433	Samsung	Galaxy A32 4G
434	Samsung	Galaxy A32 4G
435	Samsung	Galaxy A32 4G
436	Samsung	Galaxy A32 4G
437	Samsung	Galaxy A22 5G
438	Samsung	Galaxy A22
439	Samsung	Galaxy A10
440	Samsung	Galaxy A10
441	Samsung	Galaxy A10
442	Samsung	Galaxy A10
443	Samsung	Galaxy A10
444	Samsung	Galaxy A7 2018
445	Samsung	Galaxy A10
446	Samsung	Galaxy A10s
447	Samsung	Galaxy A10s
448	Samsung	Galaxy A20e
449	Samsung	Galaxy A20e
450	Samsung	Galaxy A20e
451	Samsung	Galaxy A50
452	Samsung	Galaxy A50
453	Samsung	Galaxy A50
454	Samsung	Galaxy A20
455	Samsung	Galaxy A20
456	Samsung	Galaxy A20s
457	Samsung	Galaxy A20s
458	Samsung	Galaxy A20s
459	Samsung	Galaxy A20s
460	Samsung	Galaxy A21
461	Samsung	Galaxy A21s
462	Samsung	Galaxy A21s
463	Samsung	Galaxy A21s
464	Samsung	Galaxy A21s
465	Samsung	Galaxy A21s
466	Samsung	Galaxy A02s
467	Samsung	Galaxy A30
468	Samsung	Galaxy A30
469	Samsung	Galaxy A30
470	Samsung	Galaxy A30
471	Samsung	Galaxy A30
472	Samsung	Galaxy A50
473	Samsung	Galaxy A50
474	Samsung	Galaxy A50
475	Samsung	Galaxy A30
476	Samsung	Galaxy A30s
477	Samsung	Galaxy A30s
478	Samsung	Galaxy A30s
479	Samsung	Galaxy A30s
480	Samsung	Galaxy A30s
481	Samsung	Galaxy A30s
482	Samsung	Galaxy A42 5G
483	Samsung	Galaxy A42 5G
484	Samsung	Galaxy A42 5G
485	Samsung	Galaxy A42 5G
486	Samsung	Galaxy A42 5G
487	Samsung	Galaxy A42 5G
488	Samsung	Galaxy A32 5G
489	Samsung	Galaxy A50
490	Samsung	Galaxy A42 5G
491	Samsung	Galaxy A41
492	Samsung	Galaxy A41
493	Samsung	Galaxy A41
494	Samsung	Galaxy A41
495	Samsung	Galaxy A41
496	Samsung	Galaxy A41
497	Samsung	Galaxy A41
498	Samsung	Galaxy A40
499	Samsung	Galaxy A40
500	Samsung	Galaxy A40
501	Samsung	Galaxy A90
502	Samsung	Galaxy A90
503	Samsung	Galaxy A90
504	Samsung	Galaxy A90
505	Samsung	Galaxy A90
506	Samsung	Galaxy A51
507	Samsung	Galaxy A51 5G
508	Samsung	Galaxy A51 5G
509	Samsung	Galaxy A51 5G
510	Samsung	Galaxy A51
511	Samsung	Galaxy A51
512	Samsung	Galaxy A51
513	Samsung	Galaxy A51
514	Samsung	Galaxy A51
515	Samsung	Galaxy A51
516	Samsung	Galaxy A51
517	Samsung	Galaxy A51
518	Samsung	Galaxy A70
519	Samsung	Galaxy A70
520	Samsung	Galaxy A70
521	Samsung	Galaxy A70
522	Samsung	Galaxy A70
523	Samsung	Galaxy A70
524	Samsung	Galaxy A70
525	Samsung	Galaxy A70
526	Samsung	Galaxy A70
527	Samsung	Galaxy A71
528	Samsung	Galaxy A71
529	Samsung	Galaxy A71
530	Samsung	Galaxy A71
531	Samsung	Galaxy A71
532	Samsung	Galaxy A71
533	Samsung	Galaxy A71
534	Samsung	Galaxy A71
535	Samsung	Galaxy A71
536	Samsung	Galaxy A71 5G
537	Samsung	Galaxy A80
538	Samsung	Galaxy A80
539	Samsung	Galaxy A80
540	Samsung	Galaxy A80
541	Samsung	Galaxy A80
542	Samsung	Galaxy A80
543	Samsung	Galaxy A80
544	Samsung	Galaxy A80
545	Samsung	Galaxy A80
546	Samsung	Galaxy A80
547	Samsung	Galaxy A80
548	Samsung	Galaxy A80
549	Samsung	Galaxy A01
550	Samsung	Galaxy A01
551	Samsung	Galaxy A12
552	Samsung	Galaxy A12
553	Samsung	Galaxy A12
554	Samsung	Galaxy A12
555	Samsung	Galaxy A12
556	Samsung	Galaxy A12
557	Samsung	Galaxy A12
558	Samsung	Galaxy A12
559	Samsung	Galaxy A11
560	Samsung	Galaxy A90
561	Samsung	Galaxy A90
562	Samsung	Galaxy A31
563	Samsung	Galaxy A31
564	Samsung	Galaxy A31
565	Samsung	Galaxy A31
566	Apple	iPad Mini 1
567	Apple	iPad Mini 1
568	Apple	iPad Mini 1
569	Apple	iPad Mini 1
610	Apple	iPad Mini 4
611	Apple	iPad Mini 4
612	Apple	iPad Mini 4
613	Apple	iPad Mini 4
614	Apple	iPad Mini 4
615	Apple	iPad Mini 4
616	Apple	iPad Mini 4
617	Apple	iPad Mini 4
618	Apple	iPad Mini 4
619	Apple	iPad Mini 4
620	Apple	iPad Mini 4
621	Apple	iPad Mini 4
622	Apple	iPad Mini 4
623	Apple	iPad Mini 4
624	Apple	iPad Mini 4
625	Apple	iPad Mini 4
626	Apple	iPad Mini 4
627	Apple	iPad Air 2
628	Apple	iPad Air 2
629	Apple	iPad Mini 4
630	Apple	iPad Mini 4
631	Apple	iPad Mini 4
632	Apple	iPad Mini 4
633	Apple	iPad Mini 4
634	Apple	iPad Mini 4
635	Apple	iPad Mini 4
636	Apple	iPad Mini 4
637	Apple	iPad Mini 4
638	Apple	iPad Mini 4
639	Apple	iPad Mini 5
640	Apple	iPad Mini 5
641	Apple	iPad Mini 5
642	Apple	iPad Mini 5
643	Apple	iPad Mini 5
644	Apple	iPad Mini 5
645	Apple	iPad Mini 5
646	Apple	iPad Air 3
647	Apple	iPad Mini 5
648	Apple	iPad Mini 5
649	Apple	iPad Mini 5
570	Apple	iPad Mini 1
571	Apple	iPad Mini 1
572	Apple	iPad Mini 1
573	Apple	iPad Mini 1
574	Apple	iPad Mini 1
575	Apple	iPad Mini 1
576	Apple	iPad Mini 1
577	Apple	iPad Mini 1
578	Apple	iPad Air 1
579	Apple	iPad Mini 1
580	Apple	iPad Mini 1
581	Apple	iPad Mini 1
582	Apple	iPad Mini 1
583	Apple	iPad Mini 1
584	Apple	iPad Mini 1
585	Apple	iPad Mini 1
586	Apple	iPad Mini 1
587	Apple	iPad Mini 1
588	Apple	iPad Mini 2
589	Apple	iPad Mini 2
590	Apple	iPad Mini 2
591	Apple	iPad Mini 2
592	Apple	iPad Mini 2
593	Apple	iPad Mini 2
594	Apple	iPad Mini 2
595	Apple	iPad Mini 2
596	Apple	iPad Mini 2
597	Apple	iPad Mini 3
598	Apple	iPad Mini 3
599	Apple	iPad Mini 3
600	Apple	iPad Mini 3
601	Apple	iPad Mini 3
602	Apple	iPad Mini 3
603	Apple	iPad Mini 3
604	Apple	iPad Mini 3
605	Apple	iPad Mini 4
606	Apple	iPad Mini 4
607	Apple	iPad Pro 9.7
608	Apple	iPad Pro 9.7
609	Apple	iPad Pro 9.7
650	Apple	iPad Mini 5
651	Apple	iPad Mini 5
652	Apple	iPad Air
653	Apple	iPad Air
654	Apple	iPad Air
655	Apple	iPad Air
656	Apple	iPad Air
657	Apple	iPad Air
658	Apple	iPad Air
659	Apple	iPad Air
660	Apple	iPad Air
661	Apple	iPad Air
662	Apple	iPad Air
663	Apple	iPad Air
664	Apple	iPad Air
665	Apple	iPad Air
666	Apple	iPad Air
667	Apple	iPad Air
668	Apple	iPad Air
669	Apple	iPad Air
670	Apple	iPad Air
671	Apple	iPad Air
672	Apple	iPad Air
673	Apple	iPad Air
674	Apple	iPad Air
675	Apple	iPad Air
676	Apple	iPad Air
677	Apple	iPad Air
678	Apple	iPad Air
679	Apple	iPad Air
680	Apple	iPad Air 2
681	Apple	iPad Air 2
682	Apple	iPad Air 2
683	Apple	iPad Air 2
684	Apple	iPad Air 2
685	Apple	iPad Air 2
686	Apple	iPad Air 2
687	Apple	iPad Air 2
688	Apple	iPad Air 2
689	Apple	iPad Air 2
730	Apple	iPad Air 3
731	Apple	iPad 3
732	Apple	iPad 2
733	Apple	iPad 2
734	Apple	iPad 2
735	Apple	iPad 2
736	Apple	iPad 2
737	Apple	iPad 2
738	Apple	iPad 2
739	Apple	iPad 2
740	Apple	iPad 2
741	Apple	iPad 2
742	Apple	iPad 2
743	Apple	iPad 2
744	Apple	iPad 2
745	Apple	iPad 2
746	Apple	iPad 2
747	Apple	iPad 2
748	Apple	iPad 2
749	Apple	iPad 2
750	Apple	iPad 2
751	Apple	iPad 2
752	Apple	iPad 2
753	Apple	iPad 2
754	Apple	iPad 2
755	Apple	iPad 2
756	Apple	iPad 2
757	Apple	iPad 2
758	Apple	iPad 2
759	Apple	iPad Air 3
760	Apple	iPad 3
761	Apple	iPad 3
762	Apple	iPad 3
763	Apple	iPad 3
764	Apple	iPad 3
765	Apple	iPad 3
766	Apple	iPad 3
767	Apple	iPad 3
768	Apple	iPad 3
769	Apple	iPad 3
690	Apple	iPad Air 2
691	Apple	iPad Air 2
692	Apple	iPad Air 2
693	Apple	iPad Air 2
694	Apple	iPad Air 2
695	Apple	iPad Air 2
696	Apple	iPad Air 2
697	Apple	iPad Pro 12.9 (2015)
698	Apple	iPad Pro 12.9 (2015)
699	Apple	iPad Pro 12.9 (2015)
700	Apple	iPad Air 2
701	Apple	iPad Pro 12.9 (2015)
702	Apple	iPad Pro 12.9 (2015)
703	Apple	iPad Pro 12.9 (2015)
704	Apple	iPad Air 2
705	Apple	iPad Air 2
706	Apple	iPad Air 2
707	Apple	iPad Air 2
708	Apple	iPad Air 2
709	Apple	iPad Pro 10.5
710	Apple	iPad Pro 10.5
711	Apple	iPad Air 3
712	Apple	iPad Air 3
713	Apple	iPad Pro 10.5
714	Apple	iPad Pro 10.5
715	Apple	iPad Pro 10.5
716	Apple	iPad Air 3
717	Apple	iPad Air 3
718	Apple	iPad Air 3
719	Apple	iPad Air 3
720	Apple	iPad Air 3
721	Apple	iPad Air 3
722	Apple	iPad Pro 10.5
723	Apple	iPad Air 3
724	Apple	iPad Pro 10.5
725	Apple	iPad Pro 10.5
726	Apple	iPad Pro 10.5
727	Apple	iPad Pro 10.5
728	Apple	iPad Pro 10.5
729	Apple	iPad Air 3
810	Apple	iPad Air 4
811	Apple	iPad 7
812	Apple	iPad 7
813	Apple	iPad 7
814	Apple	iPad Pro 9.7
815	Apple	iPad Pro 9.7
816	Apple	iPad Pro 9.7
817	Apple	iPad Pro 12.9 (2015)
818	Apple	iPad Pro 9.7
819	Apple	iPad Pro 9.7
820	Apple	iPad Pro 9.7
821	Apple	iPad Pro 9.7
822	Apple	iPad Pro 9.7
823	Apple	iPad Pro 9.7
824	Apple	iPad Pro 9.7
825	Apple	iPad Pro 9.7
826	Apple	iPad Pro 9.7
827	Apple	iPad Pro 9.7
828	Apple	iPad Pro 9.7
829	Apple	iPad Pro 9.7
830	Apple	iPad Pro 9.7
831	Apple	iPad Pro 9.7
832	Apple	iPad Pro 9.7
833	Apple	iPad Pro 9.7
834	Apple	iPad Pro 9.7
835	Apple	iPad Pro 9.7
836	Apple	iPad Pro 9.7
837	Apple	iPad Pro 9.7
838	Apple	iPad Pro 9.7
839	Apple	iPad Pro 9.7
840	Apple	iPad Pro 9.7
841	Apple	iPad Pro 9.7
842	Apple	iPad Pro 9.7
843	Apple	iPad Pro 9.7
844	Apple	iPad Pro 9.7
845	Apple	iPad Pro 9.7
846	Apple	iPad Pro 9.7
847	Apple	iPad Pro 10.5
848	Apple	iPad Pro 10.5
849	Apple	iPad Pro 10.5
850	Apple	iPad Pro 10.5
851	Apple	iPad Pro 10.5
852	Apple	iPad Pro 10.5
853	Apple	iPad Pro 10.5
854	Apple	iPad Pro 10.5
855	Apple	iPad Pro 10.5
856	Apple	iPad Pro 10.5
857	Apple	iPad Pro 10.5
858	Apple	iPad Pro 10.5
859	Apple	iPad Pro 10.5
860	Apple	iPad Pro 10.5
861	Apple	iPad Pro 10.5
862	Apple	iPad Pro 10.5
863	Apple	iPad Pro 10.5
864	Apple	iPad Pro 10.5
865	Apple	iPad Pro 10.5
866	Apple	iPad Pro 10.5
867	Apple	iPad Pro 10.5
868	Apple	iPad Pro 10.5
869	Apple	iPad Pro 11 (2018)
870	Apple	iPad Pro 11 (2018)
871	Apple	iPad Pro 11 (2018)
872	Apple	iPad Pro 11 (2018)
873	Apple	iPad Pro 12.9 (2018)
874	Apple	iPad Pro 12.9 (2018)
875	Apple	iPad Pro 11 (2018)
876	Apple	iPad Pro 11 (2018)
877	Apple	iPad Pro 12.9 (2018)
878	Apple	iPad Pro 11 (2018)
879	Apple	iPad Pro 12.9 (2018)
880	Apple	iPad Pro 12.9 (2018)
881	Apple	iPad Pro 12.9 (2018)
882	Apple	iPad Pro 11 (2018)
883	Apple	iPad Pro 12.9 (2015)
884	Apple	iPad Pro 12.9 (2015)
885	Apple	iPad Pro 12.9 (2015)
886	Apple	iPad Pro 12.9 (2015)
887	Apple	iPad Pro 12.9 (2015)
888	Apple	iPad Pro 12.9 (2015)
889	Apple	iPad Pro 12.9 (2015)
770	Apple	iPad 3
771	Apple	iPad 3
772	Apple	iPad Air 3
773	Apple	iPad 4
774	Apple	iPad 4
775	Apple	iPad 4
776	Apple	iPad 5 (2017)
777	Apple	iPad 5 (2017)
778	Apple	iPad 5 (2017)
779	Apple	iPad 5 (2017)
780	Apple	iPad 5 (2017)
781	Apple	iPad 5 (2017)
782	Apple	iPad 5 (2017)
783	Apple	iPad 5 (2017)
784	Apple	iPad 6 (2018)
785	Apple	iPad 6 (2018)
786	Apple	iPad 6 (2018)
787	Apple	iPad 6 (2018)
788	Apple	iPad 6 (2018)
789	Apple	iPad 6 (2018)
790	Apple	iPad 6 (2018)
791	Apple	iPad 7 (2019)
792	Apple	iPad 7 (2019)
793	Apple	iPad 7 (2019)
794	Apple	iPad 7 (2019)
795	Apple	iPad 7 (2019)
796	Apple	iPad 7 (2019)
797	Apple	iPad 7 (2019)
798	Apple	iPad 7 (2019)
799	Apple	iPad 7 (2019)
800	Apple	iPad 7 (2019)
801	Apple	iPad 7 (2019)
802	Apple	iPad 7 (2019)
803	Apple	iPad 7 (2019)
804	Apple	iPad 7 (2019)
805	Apple	iPad 7 (2019)
806	Apple	iPad 7 (2019)
807	Apple	iPad 7 (2019)
808	Apple	iPad 7 (2019)
809	Apple	iPad 7 (2019)
890	Apple	iPad Pro 12.9 (2015)
891	Apple	iPad Pro 12.9 (2015)
892	Apple	iPad Pro 12.9 (2015)
893	Apple	iPad Pro 12.9 (2015)
894	Apple	iPad Pro 12.9 (2015)
895	Apple	iPad Pro 12.9 (2015)
896	Apple	iPad Pro 12.9 (2015)
897	Apple	iPad Pro 12.9 (2015)
898	Apple	iPad Pro 12.9 (2015)
899	Apple	iPad Pro 12.9 (2015)
900	Apple	iPad Pro 12.9 (2015)
901	Apple	iPad Pro 12.9 (2015)
902	Apple	iPad Pro 12.9 (2015)
903	Apple	iPad Pro 12.9 (2015)
904	Apple	iPad Pro 12.9 (2015)
905	Apple	iPad Pro 12.9 (2015)
906	Apple	iPad Pro 12.9 (2015)
907	Apple	iPad Pro 12.9 (2015)
908	Apple	iPad Pro 12.9 (2017)
909	Apple	iPad Pro 12.9 (2017)
910	Apple	iPad Pro 12.9 (2017)
911	Apple	iPad Pro 12.9 (2017)
912	Apple	iPad Pro 12.9 (2017)
913	Apple	iPad Pro 12.9 (2017)
914	Apple	iPad Pro 12.9 (2017)
915	Apple	iPad Pro 12.9 (2017)
916	Apple	iPad Pro 12.9 (2017)
917	Apple	iPad Pro 12.9 (2017)
918	Apple	iPad Pro 12.9 (2017)
919	Apple	iPad Pro 12.9 (2017)
920	Apple	iPad Pro 12.9 (2017)
921	Apple	iPad Pro 12.9 (2017)
922	Apple	iPad Pro 12.9 (2017)
923	Apple	iPad Pro 12.9 (2017)
924	Apple	iPad Pro 12.9 (2017)
925	Apple	iPad Pro 12.9 (2017)
926	Apple	iPad Pro 12.9 (2017)
927	Apple	iPad Pro 12.9 (2017)
928	Apple	iPad Pro 12.9 (2018)
929	Apple	iPad Pro 12.9 (2018)
970	Apple	iPhone 5C
971	Apple	iPhone 5S
972	Apple	iPhone 5C
973	Apple	iPhone 5S
974	Apple	iPhone 5S
975	Apple	iPhone 5S
976	Apple	iPhone 5S
977	Apple	iPhone 5S
978	Apple	iPhone 5S
979	Apple	iPhone 5S
980	Apple	iPhone 5S
981	Apple	iPhone 5S
982	Apple	iPhone 5S
983	Apple	iPhone 5S
984	Apple	iPhone 5S
985	Apple	iPhone 5S
986	Apple	iPhone 5S
987	Apple	iPhone 5S
988	Apple	iPhone 5S
989	Apple	iPhone 5S
990	Apple	iPhone 5S
991	Apple	iPhone 5S
992	Apple	iPhone 5S
993	Apple	iPhone SE (2016)
994	Apple	iPhone SE (2016)
995	Apple	iPhone SE (2016)
996	Apple	iPhone SE (2016)
997	Apple	iPhone SE (2016)
998	Apple	iPhone SE (2016)
999	Apple	iPhone SE (2016)
1000	Apple	iPhone 8
1001	Apple	iPhone 8
1002	Apple	iPhone 8
1003	Apple	iPhone 8
1004	Apple	iPhone 7
1005	Apple	iPhone 7
1006	Apple	iPhone 7
1007	Apple	iPhone 7
1008	Apple	iPhone 8
1009	Apple	iPhone 8
930	Apple	iPad Pro 12.9 (2018)
931	Apple	iPad Pro 12.9 (2018)
932	Apple	iPad Pro 12.9 (2018)
933	Apple	iPad Pro 12.9 (2018)
934	Apple	iPad Pro 12.9 (2018)
935	Apple	MacBook Pro 13
936	Apple	iPad 3
937	Apple	iPad 3
938	Apple	iPad 3
939	Apple	iPhone 5
940	Apple	iPhone 5
941	Apple	iPhone 5
942	Apple	iPhone 5
943	Apple	iPhone 5
944	Apple	iPhone 5
945	Apple	iPhone 5
946	Apple	iPhone 5
947	Apple	iPhone 5
948	Apple	iPhone 5
949	Apple	iPhone 5
950	Apple	iPhone 5
951	Apple	iPhone 5
952	Apple	iPhone 5
953	Apple	iPhone 5
954	Apple	iPhone 5
955	Apple	iPhone 5
956	Apple	iPhone 5
957	Apple	iPhone 5C
958	Apple	iPhone 5C
959	Apple	iPhone 5C
960	Apple	iPhone 5C
961	Apple	iPhone 5C
962	Apple	iPhone 5C
963	Apple	iPhone 5C
964	Apple	iPhone 5C
965	Apple	iPhone 5C
966	Apple	iPhone 5C
967	Apple	iPhone 5C
968	Apple	iPhone 5C
969	Apple	iPhone 5C
1010	Apple	iPhone 8
1011	Apple	iPhone 8
1012	Apple	iPhone 8
1013	Apple	iPhone 8
1014	Apple	iPhone 8
1015	Apple	iPhone 6
1016	Apple	iPhone 6
1017	Apple	iPhone 6
1018	Apple	iPhone 6
1019	Apple	iPhone 6
1020	Apple	iPhone 6
1021	Apple	iPhone 6
1022	Apple	iPhone 6
1023	Apple	iPhone 6
1024	Apple	iPhone 6
1025	Apple	iPhone 6
1026	Apple	iPhone 6
1027	Apple	iPhone 6
1028	Apple	iPhone 6
1029	Apple	iPhone 6
1030	Apple	iPhone 6
1031	Apple	iPhone 6
1032	Apple	iPhone 6
1033	Apple	iPhone 6
1034	Apple	iPhone 6
1035	Apple	iPhone 6
1036	Apple	iPhone 6
1037	Apple	iPhone 6
1038	Apple	iPhone 6
1039	Apple	iPhone 6
1040	Apple	iPhone 6
1041	Apple	iPhone 6
1042	Apple	iPhone 6
1043	Apple	iPhone 6
1044	Apple	iPhone 6
1045	Apple	iPhone 6
1046	Apple	iPhone 6
1047	Apple	iPhone 6
1048	Apple	iPhone 6
1049	Apple	iPhone 6 Plus
1050	Apple	iPhone 6 Plus
1051	Apple	iPhone 6 Plus
1052	Apple	iPhone 6 Plus
1053	Apple	iPhone 6 Plus
1054	Apple	iPhone 6 Plus
1055	Apple	iPhone 6 Plus
1056	Apple	iPhone 6 Plus
1057	Apple	iPhone 6 Plus
1058	Apple	iPhone 6 Plus
1059	Apple	iPhone 6 Plus
1060	Apple	iPhone 6 Plus
1061	Apple	iPhone 6 Plus
1062	Apple	iPhone 6 Plus
1063	Apple	iPhone 6 Plus
1064	Apple	iPhone 6 Plus
1065	Apple	iPhone 6 Plus
1066	Apple	iPhone 6 Plus
1067	Apple	iPhone 6 Plus
1068	Apple	iPhone 6 Plus
1069	Apple	iPhone 6 Plus
1070	Apple	iPhone 6 Plus
1071	Apple	iPhone 6 Plus
1072	Apple	iPhone 6 Plus
1073	Apple	iPhone 6 Plus
1074	Apple	iPhone 6 Plus
1075	Apple	iPhone 6S
1076	Apple	iPhone 6S
1077	Apple	iPhone 6S
1078	Apple	iPhone 6S
1079	Apple	iPhone 6S
1080	Apple	iPhone 6S
1081	Apple	iPhone 6S
1082	Apple	iPhone 6S
1083	Apple	iPhone 6S
1084	Apple	iPhone 6S
1085	Apple	iPhone 6S
1086	Apple	iPhone 6S
1087	Apple	iPhone 6S
1088	Apple	iPhone 6S
1089	Apple	iPhone 6S
1090	Apple	iPhone 6S
1091	Apple	iPhone 6S
1092	Apple	iPhone 6S
1093	Apple	iPhone 6S
1094	Apple	iPhone 6
1095	Apple	iPhone 6S
1096	Apple	iPhone 6S
1097	Apple	iPhone 6S
1098	Apple	iPhone 6S
1099	Apple	iPhone 6S
1100	Apple	iPhone 6S
1101	Apple	iPhone 6S
1102	Apple	iPhone 6S
1103	Apple	iPhone 6S
1104	Apple	iPhone 6S
1105	Apple	iPhone 6S
1106	Apple	iPhone 6S Plus
1107	Apple	iPhone 6S Plus
1108	Apple	iPhone 6S Plus
1109	Apple	iPhone 6S Plus
1110	Apple	iPhone 6S Plus
1111	Apple	iPhone 6S Plus
1112	Apple	iPhone 6S Plus
1113	Apple	iPhone 6S Plus
1114	Apple	iPhone 6S Plus
1115	Apple	iPhone 6S Plus
1116	Apple	iPhone 6S Plus
1117	Apple	iPhone 6S Plus
1118	Apple	iPhone 6S Plus
1119	Apple	iPhone 6S Plus
1120	Apple	iPhone 6S Plus
1121	Apple	iPhone 6S Plus
1122	Apple	iPhone 6S Plus
1123	Apple	iPhone 6S Plus
1124	Apple	iPhone 6S Plus
1125	Apple	iPhone 6S Plus
1126	Apple	iPhone 6S Plus
1127	Apple	iPhone 6S Plus
1128	Apple	iPhone 6S Plus
1129	Apple	iPhone 6S Plus
1130	Apple	iPhone 6S Plus
1131	Apple	iPhone 6S Plus
1132	Apple	iPhone 6S Plus
1133	Apple	iPhone 6S Plus
1134	Apple	iPhone 6S Plus
1135	Apple	iPhone 6S Plus
1136	Apple	iPhone 7
1137	Apple	iPhone 7
1138	Apple	iPhone 7
1139	Apple	iPhone 7
1140	Apple	iPhone 7
1141	Apple	iPhone 7
1142	Apple	iPhone 7
1143	Apple	iPhone 7
1144	Apple	iPhone 7
1145	Apple	iPhone 7
1146	Apple	iPhone 7
1147	Apple	iPhone 7
1148	Apple	iPhone 7
1149	Apple	iPhone 7
1150	Apple	iPhone 7
1151	Apple	iPhone 7
1152	Apple	iPhone 7
1153	Apple	iPhone 7
1154	Apple	iPhone 7
1155	Apple	iPhone 7
1156	Apple	iPhone 7
1157	Apple	iPhone 7
1158	Apple	iPhone 7
1159	Apple	iPhone 7
1160	Apple	iPhone 7
1161	Apple	iPhone 7
1162	Apple	iPhone 7
1163	Apple	iPhone 7
1164	Apple	iPhone 7 Plus
1165	Apple	iPhone 7 Plus
1166	Apple	iPhone 7 Plus
1167	Apple	iPhone 7 Plus
1168	Apple	iPhone 7 Plus
1169	Apple	iPhone 7 Plus
1170	Apple	iPhone 7 Plus
1171	Apple	iPhone 7 Plus
1172	Apple	iPhone 7 Plus
1173	Apple	iPhone 7 Plus
1174	Apple	iPhone 7 Plus
1175	Apple	iPhone 7 Plus
1176	Apple	iPhone 7 Plus
1177	Apple	iPhone 7 Plus
1178	Apple	iPhone 7 Plus
1179	Apple	iPhone 7 Plus
1180	Apple	iPhone 7 Plus
1181	Apple	iPhone 7 Plus
1182	Apple	iPhone 7 Plus
1183	Apple	iPhone 7 Plus
1184	Apple	iPhone 7 Plus
1185	Apple	iPhone 7 Plus
1186	Apple	iPhone 7 Plus
1187	Apple	iPhone 7 Plus
1188	Apple	iPhone 7 Plus
1189	Apple	iPhone 7 Plus
1190	Apple	iPhone 7 Plus
1191	Apple	iPhone 7 Plus
1192	Apple	iPhone 7 Plus
1193	Apple	iPhone 7 Plus
1194	Apple	iPhone 7 Plus
1195	Apple	iPhone 7 Plus
1196	Apple	iPhone 7 Plus
1197	Apple	iPhone 7 Plus
1198	Apple	iPhone 8
1199	Apple	iPhone 8
1200	Apple	iPhone 8
1201	Apple	iPhone 8
1202	Apple	iPhone 8
1203	Apple	iPhone 8
1204	Apple	iPhone 8
1205	Apple	iPhone 8
1206	Apple	iPhone 8
1207	Apple	iPhone 8
1208	Apple	iPhone 8
1209	Apple	iPhone 8
1210	Apple	iPhone 8
1211	Apple	iPhone 8
1212	Apple	iPhone 8
1213	Apple	iPhone 8
1214	Apple	iPhone 8
1215	Apple	iPhone 8
1216	Apple	iPhone 8
1217	Apple	iPhone 8
1218	Apple	iPhone 8
1219	Apple	iPhone 8
1220	Apple	iPhone 8
1221	Apple	iPhone 8 Plus
1222	Apple	iPhone 8 Plus
1223	Apple	iPhone 8 Plus
1224	Apple	iPhone 8 Plus
1225	Apple	iPhone 8 Plus
1226	Apple	iPhone 8 Plus
1227	Apple	iPhone 8 Plus
1228	Apple	iPhone 8 Plus
1229	Apple	iPhone 8 Plus
1230	Apple	iPhone 8 Plus
1231	Apple	iPhone 8 Plus
1232	Apple	iPhone 8 Plus
1233	Apple	iPhone 8 Plus
1234	Apple	iPhone 8 Plus
1235	Apple	iPhone 8 Plus
1236	Apple	iPhone 8 Plus
1237	Apple	iPhone 8 Plus
1238	Apple	iPhone 8 Plus
1239	Apple	iPhone 8 Plus
1240	Apple	iPhone 8 Plus
1241	Apple	iPhone 8 Plus
1242	Apple	iPhone 8 Plus
1243	Apple	iPhone 8 Plus
1244	Apple	iPhone 8 Plus
1245	Apple	iPhone 8 Plus
1246	Apple	iPhone 8 Plus
1247	Apple	iPhone 8 Plus
1248	Apple	iPhone 8 Plus
1249	Apple	iPhone 8 Plus
1250	Apple	iPhone 8 Plus
1251	Apple	iPhone 8 Plus
1252	Apple	iPhone 8 Plus
1253	Apple	iPhone 8 Plus
1254	Apple	iPhone 8 Plus
1255	Apple	iPhone 8 Plus
1256	Apple	iPhone 8 Plus
1257	Apple	iPhone X
1258	Apple	iPhone X
1259	Apple	iPhone X
1260	Apple	iPhone X
1261	Apple	iPhone X
1262	Apple	iPhone X
1263	Apple	iPhone X
1264	Apple	iPhone X
1265	Apple	iPhone X
1266	Apple	iPhone X
1267	Apple	iPhone X
1268	Apple	iPhone X
1269	Apple	iPhone X
1270	Apple	iPhone X
1271	Apple	iPhone X
1272	Apple	iPhone X
1273	Apple	iPhone X
1274	Apple	iPhone X
1275	Apple	iPhone X
1276	Apple	iPhone X
1277	Apple	iPhone X
1278	Apple	iPhone X
1279	Apple	iPhone X
1280	Apple	iPhone X
1281	Apple	iPhone X
1282	Apple	iPhone X
1283	Apple	iPhone X
1284	Apple	iPhone X
1285	Apple	iPhone X
1286	Apple	iPhone X
1287	Apple	iPhone X
1288	Apple	iPhone X
1289	Apple	iPhone XR
1290	Apple	iPhone XR
1291	Apple	iPhone XR
1292	Apple	iPhone XR
1293	Apple	iPhone XR
1294	Apple	iPhone XR
1295	Apple	iPhone XR
1296	Apple	iPhone XR
1297	Apple	iPhone XR
1298	Apple	iPhone XR
1299	Apple	iPhone XR
1300	Apple	iPhone XR
1301	Apple	iPhone XR
1302	Apple	iPhone XR
1303	Apple	iPhone XR
1304	Apple	iPhone XR
1305	Apple	iPhone XR
1306	Apple	iPhone XR
1307	Apple	iPhone XR
1308	Apple	iPhone XR
1309	Apple	iPhone XR
1310	Apple	iPhone XR
1311	Apple	iPhone XR
1312	Apple	iPhone XR
1313	Apple	iPhone XR
1314	Apple	iPhone XR
1315	Apple	iPhone XR
1316	Apple	iPhone XR
1317	Apple	iPhone XR
1318	Apple	iPhone XR
1319	Apple	iPhone XR
1320	Apple	iPhone XR
1321	Apple	iPhone XR
1322	Apple	iPhone XR
1323	Apple	iPhone XR
1324	Apple	iPhone XR
1325	Apple	iPhone XR
1326	Apple	iPhone XR
1327	Apple	iPhone XR
1328	Apple	iPhone XR
1329	Apple	iPhone XR
1330	Apple	iPhone XR
1331	Apple	iPhone XR
1332	Apple	iPhone XR
1333	Apple	iPhone XR
1334	Apple	iPhone XR
1335	Apple	iPhone XR
1336	Apple	iPhone XR
1337	Apple	iPhone XR
1338	Apple	iPhone XR
1339	Apple	iPhone XR
1340	Apple	iPhone XR
1341	Apple	iPhone XR
1342	Apple	iPhone XR
1343	Apple	iPhone XR
1344	Apple	iPhone XR
1345	Apple	iPhone XR
1346	Apple	iPhone XR
1347	Apple	iPhone XR
1348	Apple	iPhone XR
1349	Apple	iPhone XR
1350	Apple	iPhone XS
1351	Apple	iPhone XS
1352	Apple	iPhone XS
1353	Apple	iPhone XS
1354	Apple	iPhone XS
1355	Apple	iPhone XS
1356	Apple	iPhone XS
1357	Apple	iPhone XS
1358	Apple	iPhone XS
1359	Apple	iPhone XS
1360	Apple	iPhone XS
1361	Apple	iPhone XS
1362	Apple	iPhone XS
1363	Apple	iPhone XS
1364	Apple	iPhone XS
1365	Apple	iPhone XS
1366	Apple	iPhone XS
1367	Apple	iPhone XS
1368	Apple	iPhone XS
1369	Apple	iPhone XS
1370	Apple	iPhone XS
1371	Apple	iPhone XS
1372	Apple	iPhone XS
1373	Apple	iPhone XS
1374	Apple	iPhone XS
1375	Apple	iPhone XS
1376	Apple	iPhone XS
1377	Apple	iPhone XS
1378	Apple	iPhone XS
1379	Apple	iPhone XS
1380	Apple	iPhone XS
1381	Apple	iPhone XS
1382	Apple	iPhone XS
1383	Apple	iPhone XS
1384	Apple	iPhone XS
1385	Apple	iPhone XS
1386	Apple	iPhone XS
1387	Apple	iPhone XS
1388	Apple	iPhone XS
1389	Apple	iPhone XS Max
1390	Apple	iPhone XS Max
1391	Apple	iPhone XS Max
1392	Apple	iPhone XS Max
1393	Apple	iPhone XS Max
1394	Apple	iPhone XS Max
1395	Apple	iPhone XS Max
1396	Apple	iPhone XS Max
1397	Apple	iPhone XS Max
1398	Apple	iPhone XS Max
1399	Apple	iPhone XS Max
1400	Apple	iPhone XS Max
1401	Apple	iPhone XS Max
1402	Apple	iPhone XS Max
1403	Apple	iPhone XS Max
1404	Apple	iPhone XS Max
1405	Apple	iPhone XS Max
1406	Apple	iPhone XS Max
1407	Apple	iPhone XS Max
1408	Apple	iPhone XS Max
1409	Apple	iPhone XS Max
1410	Apple	iPhone XS Max
1411	Apple	iPhone XS Max
1412	Apple	iPhone XS Max
1413	Apple	iPhone XS Max
1414	Apple	iPhone XS Max
1415	Apple	iPhone XS Max
1416	Apple	iPhone XS Max
1417	Apple	iPhone XS Max
1418	Apple	iPhone XS Max
1419	Apple	iPhone XS Max
1420	Apple	iPhone XS Max
1421	Apple	iPhone 11
1422	Apple	iPhone 11
1423	Apple	iPhone 11
1424	Apple	iPhone 11
1425	Apple	iPhone 11
1426	Apple	iPhone 11
1427	Apple	iPhone 11
1428	Apple	iPhone 11
1429	Apple	iPhone 11
1430	Apple	iPhone 11
1431	Apple	iPhone 11
1432	Apple	iPhone 11
1433	Apple	iPhone 11
1434	Apple	iPhone 11
1435	Apple	iPhone 11
1436	Apple	iPhone 11
1437	Apple	iPhone 11
1438	Apple	iPhone 11
1439	Apple	iPhone 11
1440	Apple	iPhone 11
1441	Apple	iPhone 11
1442	Apple	iPhone 11
1443	Apple	iPhone 11
1444	Apple	iPhone 11
1445	Apple	iPhone 11
1446	Apple	iPhone 11
1447	Apple	iPhone 11
1448	Apple	iPhone 11
1449	Apple	iPhone 11
1450	Apple	iPhone 11
1451	Apple	iPhone 11
1452	Apple	iPhone 11
1453	Apple	iPhone 11
1454	Apple	iPhone 11
1455	Apple	iPhone 11
1456	Apple	iPhone 11
1457	Apple	iPhone 11
1458	Apple	iPhone 11
1459	Apple	iPhone 11
1460	Apple	iPhone 11
1461	Apple	iPhone 11
1462	Apple	iPhone 11
1463	Apple	iPhone 11
1464	Apple	iPhone 11
1465	Apple	iPhone 11
1466	Apple	iPhone 11
1467	Apple	iPhone 11 Pro
1468	Apple	iPhone 11 Pro
1469	Apple	iPhone 11 Pro
1470	Apple	iPhone 11 Pro
1471	Apple	iPhone 11 Pro
1472	Apple	iPhone 11 Pro
1473	Apple	iPhone 11 Pro
1474	Apple	iPhone 11 Pro
1475	Apple	iPhone 11 Pro
1476	Apple	iPhone 11 Pro
1477	Apple	iPhone 11 Pro
1478	Apple	iPhone 11 Pro
1479	Apple	iPhone 11 Pro
1480	Apple	iPhone 11 Pro
1481	Apple	iPhone 11 Pro
1482	Apple	iPhone 11 Pro
1483	Apple	iPhone 11 Pro
1484	Apple	iPhone 11 Pro
1485	Apple	iPhone 11 Pro
1486	Apple	iPhone 11 Pro
1487	Apple	iPhone 11 Pro
1488	Apple	iPhone 11 Pro
1489	Apple	iPhone 11 Pro
1490	Apple	iPhone 11 Pro
1491	Apple	iPhone 11 Pro
1492	Apple	iPhone 11 Pro
1493	Apple	iPhone 11 Pro
1494	Apple	iPhone 11 Pro
1495	Apple	iPhone 11 Pro
1496	Apple	iPhone 11 Pro
1497	Apple	iPhone 11 Pro
1498	Apple	iPhone 11 Pro
1499	Apple	iPhone 11 Pro
1500	Apple	iPhone 11 Pro
1501	Apple	iPhone 11 Pro
1502	Apple	iPhone 11 Pro
1503	Apple	iPhone 11 Pro
1504	Apple	iPhone 11 Pro
1505	Apple	iPhone 11 Pro Max
1506	Apple	iPhone 11 Pro Max
1507	Apple	iPhone 11 Pro Max
1508	Apple	iPhone 11 Pro Max
1509	Apple	iPhone 11 Pro Max
1510	Apple	iPhone 11 Pro Max
1511	Apple	iPhone 11 Pro Max
1512	Apple	iPhone 11 Pro Max
1513	Apple	iPhone 11 Pro Max
1514	Apple	iPhone 11 Pro Max
1515	Apple	iPhone 11 Pro Max
1516	Apple	iPhone 11 Pro Max
1517	Apple	iPhone 11 Pro Max
1518	Apple	iPhone 11 Pro Max
1519	Apple	iPhone 11 Pro Max
1520	Apple	iPhone 11 Pro Max
1521	Apple	iPhone 11 Pro Max
1522	Apple	iPhone 11 Pro Max
1523	Apple	iPhone 11 Pro Max
1524	Apple	iPhone 12
1525	Apple	iPhone 12
1526	Apple	iPhone 12
1527	Apple	iPhone 12
1528	Apple	iPhone 12
1529	Apple	iPhone 12
1530	Apple	iPhone 12
1531	Apple	iPhone 12
1532	Apple	iPhone 12
1533	Apple	iPhone 12
1534	Apple	iPhone 12
1535	Apple	iPhone 12
1536	Apple	iPhone 12
1537	Apple	iPhone 12
1538	Apple	iPhone 12
1539	Apple	iPhone 12
1540	Apple	iPhone 12
1541	Apple	iPhone 12
1542	Apple	iPhone 12
1543	Apple	iPhone 12
1544	Apple	iPhone 12 Mini
1545	Apple	iPhone 12
1546	Apple	iPhone 12
1547	Apple	iPhone 12
1548	Apple	iPhone 12
1549	Apple	iPhone 12
1550	Apple	iPhone 12
1551	Apple	iPhone 12
1552	Apple	iPhone 12 Mini
1553	Apple	iPhone 12 Mini
1554	Apple	iPhone 12 Mini
1555	Apple	iPhone 12 Mini
1556	Apple	iPhone 12 Mini
1557	Apple	iPhone 12 Mini
1558	Apple	iPhone 12 Mini
1559	Apple	iPhone 12 Mini
1560	Apple	iPhone 12 Mini
1561	Apple	iPhone 12 Mini
1562	Apple	iPhone 12 Mini
1563	Apple	iPhone 12
1564	Apple	iPhone 12
1565	Apple	iPhone 12
1566	Apple	iPhone 12
1567	Apple	iPhone 12
1568	Apple	iPhone 11
1569	Apple	iPhone 12 Mini
1570	Apple	iPhone 12 Mini
1571	Apple	iPhone 12 Mini
1572	Apple	iPhone 12 Mini
1573	Apple	iPhone 12 Mini
1574	Apple	iPhone 12 Mini
1575	Apple	iPhone 12 Mini
1576	Apple	iPhone 12 Mini
1577	Apple	iPhone 12
1578	Apple	iPhone 12 Pro
1579	Apple	iPhone 12 Pro
1580	Apple	iPhone 12 Pro
1581	Apple	iPhone 12 Pro
1582	Apple	iPhone 12 Pro
1583	Apple	iPhone 12 Pro
1584	Apple	iPhone 12 Pro
1585	Apple	iPhone 12 Pro
1586	Apple	iPhone 12 Pro
1587	Apple	iPhone 12 Pro
1588	Apple	iPhone 12 Pro
1589	Apple	iPhone 12 Pro
1590	Apple	iPhone 12 Pro
1591	Apple	iPhone 12 Pro
1592	Apple	iPhone 12 Pro
1593	Apple	iPhone 12 Pro Max
1594	Apple	iPhone 12 Pro Max
1595	Apple	iPhone 12 Pro Max
1596	Apple	iPhone 12 Pro Max
1597	Apple	iPhone 12 Pro Max
1598	Apple	iPhone 12 Pro Max
1599	Apple	iPhone 12 Pro Max
1600	Apple	iPhone 12 Pro Max
1601	Apple	iPhone 12 Pro Max
1602	Apple	iPhone 12 Pro Max
1603	Apple	iPhone 12 Pro Max
1604	Apple	iPhone 12 Pro Max
1605	Apple	iPhone 12 Pro Max
1606	Apple	iPhone 12 Pro Max
1607	Apple	iPhone 12 Pro Max
1608	Apple	iPhone 12 Pro Max
1609	Apple	iPhone 12 Pro Max
1610	Apple	iPhone 12 Pro Max
1611	Apple	iPhone 12 Pro Max
1612	Apple	iPhone 12 Pro Max
1613	Apple	iPhone 12 Pro Max
1614	Apple	iPhone 12 Pro Max
1615	Apple	iPhone 12 Pro
1616	Apple	iPhone 12 Pro Max
1617	Apple	iPhone 12 Pro Max
1618	Apple	iPhone 12 Mini
1619	Apple	iPhone 12 Mini
1620	Apple	iPhone 12 Mini
1621	Apple	iPhone 12 Mini
1622	Apple	iPhone 12 Mini
1623	Apple	iPhone 12
1624	Apple	iPhone 12
1625	Apple	iPhone 12
1626	Apple	iPhone 12
1627	Apple	iPhone 12
1628	Apple	iPhone 12 Pro
1629	Apple	iPhone 12 Pro
1630	Apple	iPhone 12 Pro
1631	Apple	iPhone 12 Pro
1632	Apple	iPhone SE (2020)
1633	Apple	iPhone SE (2020)
1634	Apple	iPhone SE (2020)
1635	Apple	iPhone SE (2020)
1636	Apple	iPhone SE (2020)
1637	Apple	iPhone SE (2020)
1638	Apple	iPhone 12 Pro Max
1639	Apple	iPhone 12 Pro Max
1640	Apple	iPhone 12 Pro Max
1641	Apple	iPhone 12 Pro Max
1642	Apple	iPhone 12 Pro
1643	Apple	iPhone 12 Pro
1644	Apple	iPhone 12 Pro
1645	Apple	iPhone 12 Pro
1646	Apple	iPhone 12 Mini
1647	Apple	iPhone 12 Mini
1648	Apple	iPhone 12 Mini
1649	Apple	iPhone 12 Mini
1650	Apple	iPhone 12 Mini
1651	Apple	iPhone 12
1652	Apple	iPhone 12
1653	Apple	iPhone 12
1654	Apple	iPhone 12
1655	Apple	iPhone 12
1656	Apple	iPhone 11 Pro Max
1657	Apple	iPhone 11 Pro Max
1658	Apple	iPhone 11 Pro Max
1659	Apple	iPhone 11 Pro Max
1660	Apple	iPhone 11 Pro
1661	Apple	iPhone 11 Pro
1662	Apple	iPhone 11 Pro
1663	Apple	iPhone 11 Pro
1664	Apple	iPhone 11
1665	Apple	iPhone 11
1666	Apple	iPhone 11
1667	Apple	iPhone 11
1668	Apple	iPhone 11
1669	Apple	iPhone 11
1670	Apple	iPad 6
1671	Apple	iPad 7
1672	Apple	iPhone 8
1673	Apple	iPhone 8 Plus
1674	Apple	iPhone 5S
1675	Apple	iPhone 11 Pro Max
1676	Apple	iPhone 12
1677	Samsung	Galaxy S21 Ultra
1678	Samsung	Galaxy S21 Ultra
1679	Samsung	Galaxy S21 Ultra
1680	Samsung	Galaxy S21 Ultra
1681	Samsung	Galaxy S21 Ultra
1682	Samsung	Galaxy S21 Ultra
1683	Samsung	Galaxy S21 Ultra
1684	Samsung	Galaxy S21 Ultra
1685	Samsung	Galaxy S21 Ultra
1686	Samsung	Galaxy S21 Ultra
1687	Samsung	Galaxy S21 Ultra
1688	Samsung	Galaxy S21 Ultra
1689	Samsung	Galaxy S21 Ultra
1690	Samsung	Galaxy S21 Ultra
1691	Samsung	Galaxy S21 Ultra
1692	Samsung	Galaxy S21 Plus
1693	Samsung	Galaxy S21 Plus
1694	Samsung	Galaxy S21 Plus
1695	Samsung	Galaxy S21 Plus
1696	Samsung	Galaxy S21 Plus
1697	Samsung	Galaxy S21 Plus
1698	Samsung	Galaxy S21 Plus
1699	Samsung	Galaxy S21 Plus
1700	Samsung	Galaxy S21 Plus
1701	Samsung	Galaxy S21 Plus
1702	Samsung	Galaxy S21 Plus
1703	Samsung	Galaxy S21 Plus
1704	Samsung	Galaxy S21 Plus
1705	Samsung	Galaxy S21 Plus
1706	Samsung	Galaxy S21
1707	Samsung	Galaxy S21
1708	Samsung	Galaxy S21
1709	Samsung	Galaxy S21
1710	Samsung	Galaxy S21
1711	Samsung	Galaxy S21
1712	Samsung	Galaxy S21
1713	Samsung	Galaxy S21
1714	Samsung	Galaxy S21
1715	Samsung	Galaxy S21
1716	Samsung	Galaxy S21
1717	Samsung	Galaxy S21
1718	Samsung	Galaxy S21
1719	Samsung	Galaxy S21
1720	Samsung	Galaxy S21
1721	Samsung	Galaxy S21
1722	Samsung	Galaxy S21
1723	Samsung	Galaxy Note 10 Lite
1724	Samsung	Galaxy Note 10 Lite
1725	Samsung	Galaxy Note 10 Lite
1726	Samsung	Galaxy Note 10 Lite
1727	Samsung	Galaxy Note 10 Lite
1728	Samsung	Galaxy S10 Lite
1729	Samsung	Galaxy S10 Lite
1730	Samsung	Galaxy S10 Lite
1731	Samsung	Galaxy S10 Plus
1732	Samsung	Galaxy S10 Plus
1733	Samsung	Galaxy S10 Plus
1734	Samsung	Galaxy S10 Plus
1735	Samsung	Galaxy S10 Plus
1736	Samsung	Galaxy S10 Plus
1737	Samsung	Galaxy S10 Plus
1738	Samsung	Galaxy S10e
1739	Samsung	Galaxy S10e
1740	Samsung	Galaxy S10e
1741	Samsung	Galaxy S10e
1742	Samsung	Galaxy S10e
1743	Samsung	Galaxy S10
1744	Samsung	Galaxy S10
1745	Samsung	Galaxy S10
1746	Samsung	Galaxy S10
1747	Samsung	Galaxy S10
1748	Samsung	Galaxy S10
1749	Samsung	Galaxy S9 Plus
1750	Samsung	Galaxy S9 Plus
1751	Samsung	Galaxy S9 Plus
1752	Samsung	Galaxy S9 Plus
1753	Samsung	Galaxy S9 Plus
1754	Samsung	Galaxy S9 Plus
1755	Samsung	Galaxy S9
1756	Samsung	Galaxy S9
1757	Samsung	Galaxy S9
1758	Samsung	Galaxy S9
1759	Samsung	Galaxy S9
1760	Samsung	Galaxy S9
1761	Samsung	Galaxy S8 Plus
1762	Samsung	Galaxy S8 Plus
1763	Samsung	Galaxy S8 Plus
1764	Samsung	Galaxy S8 Plus
1765	Samsung	Galaxy S8 Plus
1766	Samsung	Galaxy S8 Plus
1767	Samsung	Galaxy S8
1768	Samsung	Galaxy S8
1769	Samsung	Galaxy S8
1770	Samsung	Galaxy S8
1771	Samsung	Galaxy S8
1772	Samsung	Galaxy S8
1773	Samsung	Galaxy Note 20 Ultra
1774	Samsung	Galaxy Note 20 Ultra
1775	Samsung	Galaxy Note 20 Ultra
1776	Samsung	Galaxy Note 20
1777	Samsung	Galaxy Note 20
1778	Samsung	Galaxy Note 20
1779	Samsung	Galaxy Note 10 Plus
1780	Samsung	Galaxy Note 10 Plus
1781	Samsung	Galaxy Note 10 Plus
1782	Samsung	Galaxy Note 10 Plus
1783	Samsung	Galaxy Note 10 Lite
1784	Samsung	Galaxy Note 10 Lite
1785	Samsung	Galaxy Note 10
1786	Samsung	Galaxy Note 10
1787	Samsung	Galaxy Note 10
1788	Samsung	Galaxy Note 9
1789	Samsung	Galaxy Note 9
1790	Samsung	Galaxy Note 9
1791	Samsung	Galaxy Note 9
1792	Samsung	Galaxy Note 8
1793	Samsung	Galaxy Note 8
1794	Samsung	Galaxy Note 8
1795	Samsung	Galaxy A90
1796	Samsung	Galaxy A90
1797	Samsung	Galaxy A42 5G
1798	Samsung	Galaxy A30s
1799	Samsung	Galaxy A31
1800	Samsung	Galaxy A21s
1801	Samsung	Galaxy A20s
1802	Samsung	Galaxy A20e
1803	Samsung	Galaxy A20
1804	Samsung	Galaxy A11
1805	Samsung	Galaxy A10
1806	Samsung	Galaxy A10s
1807	Samsung	Galaxy A40
1808	Samsung	Galaxy A40
1809	Samsung	Galaxy A40
1810	Samsung	Galaxy A40
1811	Samsung	Galaxy A40
1812	Samsung	Galaxy A40
1813	Samsung	Galaxy A40
1814	Samsung	Galaxy S10 Lite
1815	Samsung	Galaxy S9
1816	Samsung	Galaxy S8 Plus
1817	Samsung	Galaxy A22 5G
1818	Samsung	Galaxy A20s
1819	Samsung	Galaxy A11
1820	Samsung	Galaxy A21s
1821	Samsung	Galaxy A12
1822	Samsung	Galaxy A02s
1823	Samsung	Galaxy S9 Plus
1824	Apple	iPhone X
1825	Apple	iPhone XS
1826	Apple	iPhone XS Max
1827	Apple	iPhone XR
1828	Apple	iPhone 11
1829	Apple	iPhone 11 Pro
1830	Apple	iPhone 11 Pro Max
1831	Apple	iPhone 12
1832	Apple	iPhone 12 Pro Max
1833	Apple	iPhone 12 Mini
1834	Apple	iPhone 12
1835	Apple	iPhone 12 Pro Max
1836	Apple	iPhone 12 Mini
1837	Samsung	Galaxy Note 10 Lite
1838	Apple	iPhone X
1839	Apple	iPhone XS
1840	Apple	iPhone XS Max
1841	Apple	iPhone XR
1842	Apple	iPhone 11
1843	Apple	iPhone 11 Pro
1844	Apple	iPhone 11 Pro Max
1845	Apple	iPhone 11 Pro Max
1846	Apple	iPhone 11 Pro Max
1847	Apple	iPhone 11 Pro
1848	Apple	iPhone 11 Pro
1849	Apple	iPhone 11
1850	Apple	iPhone 11
1851	Apple	iPhone XR
1852	Apple	iPhone XR
1853	Apple	iPhone XR
1854	Apple	iPhone XS Max
1855	Apple	iPhone XS Max
1856	Apple	iPhone XS Max
1857	Apple	iPhone XS
1858	Apple	iPhone XS
1859	Apple	iPhone XS
1860	Apple	iPhone X
1861	Apple	iPhone X
1862	Apple	iPhone X
1863	Apple	iPhone 11 Pro Max
1864	Apple	iPhone 11 Pro Max
1865	Apple	iPhone 11 Pro
1866	Apple	iPhone 11 Pro
1867	Apple	iPhone 11 Pro
1868	Apple	iPhone 11
1869	Apple	iPhone 11
1870	Apple	iPhone 12 Pro Max
1871	Apple	iPhone 12 Pro Max
1872	Apple	iPhone 12 Pro Max
1873	Apple	iPhone 12 Mini
1874	Apple	iPhone 12 Mini
1875	Apple	iPhone 12 Mini
1876	Apple	iPhone 12
1877	Apple	iPhone 12
1878	Apple	iPhone 12
1879	Universal	
1880	Universal	
1881	Universal	
1882	Universal	
1883	Universal	
1884	Universal	
1885	Universal	
1886	Universal	
1887	Universal	
1888	Universal	
1889	Universal	
1930	Universal	
1931	Universal	
1932	Universal	
1933	Universal	
1934	Universal	
1935	Universal	
1936	Universal	
1937	Universal	
1938	Universal	
1939	Universal	
1940	Universal	
1941	Universal	
1942	Universal	
1943	Universal	
1944	Universal	
1945	Universal	
1946	Universal	
1947	Universal	
1948	Universal	
1949	Universal	
1950	Universal	
1951	Universal	
1952	Universal	
1953	Universal	
1954	Universal	
1955	Universal	
1956	Universal	
1957	Universal	
1958	Universal	
1959	Universal	
1960	Universal	
1961	Universal	
1962	Apple	iPhone 13
1963	Apple	iPhone 13
1964	Apple	iPhone 13
1965	Apple	iPhone 13
1966	Apple	iPhone 13
1967	Apple	iPhone 13
1968	Apple	iPhone 13
1969	Apple	iPhone 13
1970	Apple	iPhone 13
1971	Apple	iPhone 13
1972	Apple	iPhone 13
1973	Apple	iPhone 13
1974	Apple	iPhone 13
1975	Apple	iPhone 13
1976	Apple	iPhone 13
1977	Apple	iPhone 13
1978	Apple	iPhone 13
1979	Apple	iPhone 13
1980	Apple	iPhone 13
1981	Apple	iPhone 13
1982	Apple	iPhone 13
1983	Apple	iPhone 13
1984	Apple	iPhone 13
1985	Apple	iPhone 13
1986	Apple	iPhone 13
1987	Apple	iPhone 13
1988	Apple	iPhone 13
1989	Apple	iPhone 13
1990	Apple	iPhone 13
1991	Apple	iPhone 13
1992	Apple	iPhone 13
1993	Apple	iPhone 13
1994	Apple	iPhone 13
1995	Apple	iPhone 13
1996	Apple	iPhone 13
1997	Apple	iPhone 13
1998	Apple	iPhone 13
1999	Apple	iPhone 13 Pro
2000	Apple	iPhone 13 Pro
2001	Apple	iPhone 13 Pro
2002	Apple	iPhone 13 Pro
2003	Apple	iPhone 13
2004	Apple	iPhone 13 Pro
2005	Apple	iPhone 13 Pro
2006	Apple	iPhone 13 Pro
2007	Apple	iPhone 13 Pro
2008	Apple	iPhone 13 Pro
2009	Apple	iPhone 13 Pro
1890	Universal	
1891	Universal	
1892	Universal	
1893	Universal	
1894	Apple	MacBook Air
1895	Apple	MacBook Pro 13
1896	Apple	MacBook Pro 15
1897	Universal	
1898	Universal	
1899	Universal	
1900	Universal	
1901	Universal	
1902	Universal	
1903	Universal	
1904	Universal	
1905	Universal	
1906	Universal	
1907	Universal	
1908	Universal	
1909	Universal	
1910	Universal	
1911	Apple	
1912	Apple	
1913	Apple	
1914	Apple	
1915	Universal	
1916	Universal	
1917	Universal	
1918	Universal	
1919	Universal	
1920	Universal	
1921	Universal	
1922	Universal	
1923	Universal	
1924	Universal	
1925	Universal	
1926	Universal	
1927	Universal	
1928	Universal	
1929	Universal	
2010	Apple	iPhone 13 Pro
2011	Apple	iPhone 13 Pro
2012	Apple	iPhone 13 Pro
2013	Apple	iPhone 13 Pro
2014	Apple	iPhone 13 Pro
2015	Apple	iPhone 13 Pro
2016	Apple	iPhone 13 Pro
2017	Apple	iPhone 13 Pro
2018	Apple	iPhone 13 Pro
2019	Apple	iPhone 13 Pro
2020	Apple	iPhone 13 Pro
2021	Apple	iPhone 13 Pro
2022	Apple	iPhone 13 Pro
2023	Apple	iPhone 13 Pro
2024	Apple	iPhone 13 Pro
2025	Apple	iPhone 13 Pro
2026	Apple	iPhone 13 Pro
2027	Apple	iPhone 13 Pro
2028	Apple	iPhone 13 Pro
2029	Apple	iPhone 13 Pro
2030	Apple	iPhone 13 Pro
2031	Apple	iPhone 13 Pro Max
2032	Apple	iPhone 13 Pro Max
2033	Apple	iPhone 13 Pro Max
2034	Apple	iPhone 13 Pro Max
2035	Apple	iPhone 13 Pro Max
2036	Apple	iPhone 13 Pro Max
2037	Apple	iPhone 13 Pro Max
2038	Apple	iPhone 13 Pro Max
2039	Apple	iPhone 13 Pro Max
2040	Apple	iPhone 13 Pro Max
2041	Apple	iPhone 13 Pro Max
2042	Apple	iPhone 13 Pro Max
2043	Apple	iPhone 13 Pro Max
2044	Apple	iPhone 13 Pro Max
2045	Apple	iPhone 13 Pro Max
2046	Apple	iPhone 13 Pro Max
2047	Apple	iPhone 13 Pro Max
2048	Apple	iPhone 13 Pro Max
2049	Apple	iPhone 13 Pro Max
2050	Apple	iPhone 13 Pro Max
2051	Apple	iPhone 13 Pro Max
2052	Apple	iPhone 13 Pro Max
2053	Apple	iPhone 13 Pro Max
2054	Apple	iPhone 13 Pro Max
2055	Apple	iPhone 13 Pro Max
2056	Apple	iPhone 13 Pro Max
2057	Apple	iPhone 13 Pro Max
2058	Apple	iPhone 13 Pro Max
2059	Apple	iPhone 13 Pro Max
2060	Apple	iPhone 13 Pro Max
2061	Apple	iPhone 13 Pro Max
2062	Apple	iPhone 13 Mini
2063	Apple	iPhone 13 Mini
2064	Apple	iPhone 13 Mini
2065	Apple	iPhone 13 Mini
2066	Apple	iPhone 13 Mini
2067	Apple	iPhone 13 Mini
2068	Apple	iPhone 13 Mini
2069	Apple	iPhone 13 Mini
2070	Apple	iPhone 13 Mini
2071	Apple	iPhone 13 Mini
2072	Apple	iPhone 13 Mini
2073	Apple	iPhone 13 Mini
2074	Apple	iPhone 13 Mini
2075	Apple	iPhone 13 Mini
2076	Apple	iPhone 13 Mini
2077	Apple	iPhone 13 Mini
2078	Apple	iPhone 13 Mini
2079	Apple	iPhone 13 Mini
2080	Apple	iPhone 13 Mini
2081	Apple	iPhone 13 Mini
2082	Apple	iPhone 13 Mini
2083	Apple	iPhone 13 Mini
2084	Apple	iPhone 13 Mini
2085	Apple	iPhone 13 Mini
2086	Apple	iPhone 13 Mini
2087	Apple	iPhone 13 Mini
2088	Apple	iPhone 13 Mini
2089	Apple	iPhone 13 Mini
2090	Apple	iPhone 13 Mini
2091	Apple	iPad Pro 11 (2021)
2092	Apple	iPad Pro 11 (2021)
2093	Apple	iPad Pro 11 (2021)
2094	Apple	iPad Pro 12.9 (2021)
2095	Apple	iPad 9
2096	Samsung	Galaxy A72
2097	Samsung	Galaxy A52
2098	Apple	iPhone SE (2020)
2099	Apple	iPhone SE (2020)
2100	Apple	iPhone 8 Plus
2101	Apple	iPhone 8 Plus
2102	Apple	iPhone 8
2103	Apple	iPhone 8
2104	Apple	iPhone 7 Plus
2105	Apple	iPhone 7 Plus
2106	Apple	iPhone 7
2107	Apple	iPhone 7
2108	Apple	iPhone 6S Plus
2109	Apple	iPhone 6S Plus
2110	Apple	iPhone 6S
2111	Apple	iPhone 6S
2112	Apple	iPhone 6
2113	Apple	iPhone 6
2114	Apple	iPhone SE
2115	Apple	iPhone SE
2116	Apple	iPhone 5S
2117	Apple	iPhone 6 Plus
2118	Apple	iPhone 6 Plus
2119	Samsung	Galaxy S21 FE
2120	Samsung	Galaxy S21 FE
2121	Samsung	Galaxy S21 FE
2122	Samsung	Galaxy S21 FE
2123	Samsung	Galaxy S21 FE
2124	Samsung	Galaxy S21 FE
2125	Samsung	Galaxy S21 FE
2126	Samsung	Galaxy S21 FE
2127	Samsung	Galaxy S21 FE
2128	Samsung	Galaxy S21 FE
2129	Samsung	Galaxy S21 FE
2130	Samsung	Galaxy S21 FE
2131	Samsung	Galaxy A03s
2132	Samsung	Galaxy A52s 5G
2133	Samsung	Galaxy A52s 5G
2134	Samsung	Galaxy A52s 5G
2135	Samsung	Galaxy A52s 5G
2136	Samsung	Galaxy A52s 5G
2137	Samsung	Galaxy A52s 5G
2138	Samsung	Galaxy A52s 5G
2139	Samsung	Galaxy A52s 5G
2140	Samsung	Galaxy A52s 5G
2141	Samsung	Galaxy A52s 5G
2142	Samsung	Galaxy A02s
2143	Samsung	Galaxy A03s
2144	Samsung	Galaxy A03s
2145	Samsung	Galaxy A03s
2146	Samsung	Galaxy A03s
2147	Samsung	Galaxy S22 Ultra
2148	Samsung	Galaxy S22
2149	Samsung	Galaxy S22 Ultra
2150	Samsung	Galaxy S22
2151	Samsung	Galaxy S22 Ultra
2152	Samsung	Galaxy S22 Plus
2153	Samsung	Galaxy S22
2154	Samsung	Galaxy S22 Ultra
2155	Samsung	Galaxy S22 Plus
2156	Samsung	Galaxy S22
2157	Apple	iPad 6
2158	Apple	iPad Air 1
2159	Apple	iPad 6
2160	Apple	iPad 7
2161	Apple	iPad 7
2162	Apple	iPad 7
2163	Apple	iPad 7
2164	Apple	iPad 9
2165	Apple	iPad 9
2166	Apple	iPad 9
2167	Apple	iPad Air 1
2168	Samsung	Galaxy S22
2169	Samsung	Galaxy S22
2170	Samsung	Galaxy S22
2171	Samsung	Galaxy S22
2172	Samsung	Galaxy S22
2173	Samsung	Galaxy S22
2174	Samsung	Galaxy S22
2175	Samsung	Galaxy S22
2176	Samsung	Galaxy S22
2177	Samsung	Galaxy S22
2178	Samsung	Galaxy S22
2179	Samsung	Galaxy S22
2180	Samsung	Galaxy S22
2181	Samsung	Galaxy S22 Plus
2182	Samsung	Galaxy S22 Plus
2183	Samsung	Galaxy S22 Plus
2184	Samsung	Galaxy S22 Plus
2185	Samsung	Galaxy S22 Plus
2186	Samsung	Galaxy S22 Plus
2187	Samsung	Galaxy S22 Plus
2188	Samsung	Galaxy S22 Plus
2189	Samsung	Galaxy S22 Plus
2190	Samsung	Galaxy S22 Plus
2191	Samsung	Galaxy S22 Plus
2192	Samsung	Galaxy S22 Plus
2193	Samsung	Galaxy S22 Ultra
2194	Samsung	Galaxy S22 Ultra
2195	Samsung	Galaxy S22 Ultra
2196	Samsung	Galaxy S22 Ultra
2197	Samsung	Galaxy S22 Ultra
2198	Samsung	Galaxy S22 Ultra
2199	Samsung	Galaxy S22 Ultra
2200	Samsung	Galaxy S22 Ultra
2201	Samsung	Galaxy S22 Ultra
2202	Samsung	Galaxy S22 Ultra
2203	Samsung	Galaxy A53 5G
2204	Samsung	Galaxy A53 5G
2205	Samsung	Galaxy A53 5G
2206	Samsung	Galaxy A53 5G
2207	Samsung	Galaxy A53 5G
2208	Samsung	Galaxy A53 5G
2209	Samsung	Galaxy A53 5G
2210	Samsung	Galaxy A33 5G
2211	Samsung	Galaxy A53 5G
2212	Samsung	Galaxy A53 5G
2213	Samsung	Galaxy A53 5G
2214	Samsung	Galaxy A53 5G
2215	Samsung	Galaxy A52
2216	Samsung	Galaxy A52
2217	Samsung	Galaxy A52
2218	Samsung	Galaxy A52
2219	Samsung	Galaxy A52
2220	Samsung	Galaxy A52
2221	Samsung	Galaxy A52
2222	Samsung	Galaxy A52
2223	Samsung	Galaxy A52
2224	Samsung	Galaxy A52
2225	Samsung	Galaxy A52
2226	Samsung	Galaxy A52
2227	Samsung	Galaxy A52
2228	Samsung	Galaxy A52
2229	Samsung	Galaxy A01
2230	Samsung	Galaxy A01
2231	Apple	Apple Watch Series 7
2232	Apple	Apple Watch Series 7
2233	Apple	iPad Mini 6
2234	Apple	iPad Mini 6
2235	Apple	iPhone 12 Mini
2236	Apple	iPhone 12
2237	Samsung	Galaxy A12 Nacho
2238	Samsung	Galaxy A12 Nacho
2239	Samsung	Galaxy A12 Nacho
2240	Samsung	Galaxy A12 Nacho
2241	Samsung	Galaxy A12
2242	Samsung	Galaxy A12 Nacho
2243	Samsung	Galaxy A13
2244	Samsung	Galaxy A13
2245	Samsung	Galaxy A13
2246	Samsung	Galaxy A13
2247	Samsung	Galaxy A13
2248	Samsung	Galaxy A33 5G
2249	Samsung	Galaxy A33 5G
2250	Samsung	Galaxy A33 5G
2251	Samsung	Galaxy A33 5G
2252	Samsung	Galaxy A33 5G
2253	Samsung	Galaxy A33 5G
2254	Samsung	Galaxy A33 5G
2255	Samsung	Galaxy A33 5G
2256	Samsung	Galaxy A33 5G
2257	Samsung	Galaxy A33 5G
2258	Samsung	Galaxy A33 5G
2259	Apple	iPhone 13 Pro Max
2260	Apple	iPhone 13
2261	Apple	iPhone 13 Mini
2262	Apple	iPhone 12 Pro Max
2263	Apple	iPhone 12
2264	Apple	iPhone 12 Mini
2265	Apple	iPhone XS Max
2266	Apple	iPhone XR
2267	Apple	iPhone X
2268	Apple	iPhone 13 Pro Max
2269	Apple	iPhone 13
2270	Apple	iPhone 13 Mini
2271	Apple	iPhone 12 Pro Max
2272	Apple	iPhone 12
2273	Apple	iPhone 12 Mini
2274	Apple	iPhone XS Max
2275	Apple	iPhone XR
2276	Apple	iPhone X
2277	Apple	iPhone 13 Pro Max
2278	Apple	iPhone 13
2279	Apple	iPhone 13 Mini
2280	Apple	iPhone 12 Pro Max
2281	Apple	iPhone 12
2282	Apple	iPhone 12 Mini
2283	Apple	iPhone XS Max
2284	Apple	iPhone XR
2285	Apple	iPhone X
2286	Apple	iPhone 6 Plus
2287	Apple	iPhone 6
2288	Apple	iPhone 12 Mini
2289	Apple	iPhone 13 Mini
2290	Apple	iPhone 13 Pro Max
2291	Apple	iPhone 13 Pro
2292	Apple	iPhone 13
2293	Apple	iPhone 12 Pro Max
2294	Apple	iPhone 12
2295	Apple	iPhone 11 Pro Max
2296	Apple	iPhone 11 Pro
2297	Apple	iPhone 11
2298	Apple	iPhone XS Max
2299	Apple	iPhone XR
2300	Apple	iPhone X
2301	Apple	iPhone 7 Plus
2302	Apple	iPhone 7
2303	Apple	iPhone 13 Mini
2304	Apple	iPhone 13 Pro Max
2305	Apple	iPhone 13 Pro
2306	Apple	iPhone 13
2307	Apple	iPhone 12 Mini
2308	Apple	iPhone 12 Pro Max
2309	Apple	iPhone 12
2310	Apple	iPhone 11 Pro Max
2311	Apple	iPhone 11 Pro
2312	Apple	iPhone 11
2313	Apple	iPhone XS Max
2314	Apple	iPhone XR
2315	Apple	iPhone X
2316	Apple	iPhone 7 Plus
2317	Apple	iPhone 7
2318	Apple	iPhone 13 Mini
2319	Apple	iPhone 13 Pro Max
2320	Apple	iPhone 13 Pro
2321	Apple	iPhone 13
2322	Apple	iPhone 12 Mini
2323	Apple	iPhone 12 Pro Max
2324	Apple	iPhone 12
2325	Apple	iPhone 13 Mini
2326	Apple	iPhone 13 Mini
2327	Apple	iPhone 13 Mini
2328	Apple	iPhone 13 Mini
2329	Apple	iPhone 13 Mini
2330	Apple	iPhone 13 Pro Max
2331	Apple	iPhone 13 Pro Max
2332	Apple	iPhone 13 Pro Max
2333	Apple	iPhone 13 Pro Max
2334	Apple	iPhone 13 Pro Max
2335	Apple	iPhone 13 Pro
2336	Apple	iPhone 13 Pro
2337	Apple	iPhone 13 Pro
2338	Apple	iPhone 13 Pro
2339	Apple	iPhone 13 Pro
2340	Apple	iPhone 13
2341	Apple	iPhone 13
2342	Apple	iPhone 13
2343	Apple	iPhone 13
2344	Apple	iPhone 13
2345	Apple	iPhone 12 Mini
2346	Apple	iPhone 12 Mini
2347	Apple	iPhone 12 Mini
2348	Apple	iPhone 12 Mini
2349	Apple	iPhone 12 Mini
2350	Apple	iPhone 12 Pro Max
2351	Apple	iPhone 12 Pro Max
2352	Apple	iPhone 12 Pro Max
2353	Apple	iPhone 12 Pro Max
2354	Apple	iPhone 12 Pro Max
2355	Apple	iPhone 12
2356	Apple	iPhone 12
2357	Apple	iPhone 12
2358	Apple	iPhone 12
2359	Apple	iPhone 12
2360	Apple	iPhone 11 Pro Max
2361	Apple	iPhone 11 Pro Max
2362	Apple	iPhone 11 Pro Max
2363	Apple	iPhone 11 Pro Max
2364	Apple	iPhone 11 Pro Max
2365	Apple	iPhone 11 Pro
2366	Apple	iPhone 11 Pro
2367	Apple	iPhone 11 Pro
2368	Apple	iPhone 11 Pro
2369	Apple	iPhone 11 Pro
2370	Apple	iPhone 11
2371	Apple	iPhone 11
2372	Apple	iPhone 11
2373	Apple	iPhone 11
2374	Apple	iPhone 11
2375	Apple	iPhone 13 Mini
2376	Apple	iPhone 13 Mini
2377	Apple	iPhone 13 Mini
2378	Apple	iPhone 13 Pro Max
2379	Apple	iPhone 13 Pro Max
2380	Apple	iPhone 13 Pro Max
2381	Apple	iPhone 13 Pro
2382	Apple	iPhone 13 Pro
2383	Apple	iPhone 13 Pro
2384	Apple	iPhone 13
2385	Apple	iPhone 13
2386	Apple	iPhone 13
2387	Apple	iPhone 12 Mini
2388	Apple	iPhone 12 Mini
2389	Apple	iPhone 12 Mini
2390	Apple	iPhone 12 Pro Max
2391	Apple	iPhone 12 Pro Max
2392	Apple	iPhone 12 Pro Max
2393	Apple	iPhone 12
2394	Apple	iPhone 12
2395	Apple	iPhone 12
2396	Apple	iPhone 11 Pro Max
2397	Apple	iPhone 11 Pro Max
2398	Apple	iPhone 11 Pro Max
2399	Apple	iPhone 11 Pro
2400	Apple	iPhone 11 Pro
2401	Apple	iPhone 11 Pro
2402	Apple	iPhone 11
2403	Apple	iPhone 11
2404	Apple	iPhone 11
2405	Apple	iPhone 13 Mini
2406	Apple	iPhone 13 Mini
2407	Apple	iPhone 13 Pro Max
2408	Apple	iPhone 13 Pro Max
2409	Apple	iPhone 13 Pro Max
2410	Apple	iPhone 13 Pro
2411	Apple	iPhone 13 Pro
2412	Apple	iPhone 13 Pro
2413	Apple	iPhone 13
2414	Apple	iPhone 13
2415	Apple	iPhone 13
2416	Apple	iPhone 12 Pro Max
2417	Apple	iPhone 12 Pro Max
2418	Apple	iPhone 12 Pro Max
2419	Apple	iPhone 12
2420	Apple	iPhone 12
2421	Apple	iPhone 12
2422	Apple	iPhone 11 Pro Max
2423	Apple	iPhone 11 Pro Max
2424	Apple	iPhone 11 Pro Max
2425	Apple	iPhone 11 Pro
2426	Apple	iPhone 11 Pro
2427	Apple	iPhone 11 Pro
2428	Apple	iPhone 11
2429	Apple	iPhone 11
2430	Apple	iPhone 11
2431	Apple	iPhone XR
2432	Apple	iPhone XR
2433	Apple	iPhone XR
2434	Apple	iPhone XS Max
2435	Apple	iPhone XS Max
2436	Apple	iPhone XS Max
2437	Apple	iPhone X
2438	Apple	iPhone X
2439	Apple	iPhone X
2440	Apple	iPhone 7 Plus
2441	Apple	iPhone 7 Plus
2442	Apple	iPhone 7 Plus
2443	Apple	iPhone 7
2444	Apple	iPhone 7
2445	Apple	iPhone 7
2446	Universal	
2447	Universal	
2448	Universal	
2449	Universal	
2450	Apple	iPhone 13 Pro
2451	Apple	iPhone 13
2452	Apple	iPhone 12 Pro Max
2453	Apple	iPhone 12 Pro
2454	Apple	iPhone 12
2455	Apple	iPhone 11 Pro
2456	Apple	iPhone 11
2457	Apple	AirTag
2458	Apple	AirTag
2459	Apple	AirTag
2460	Apple	AirTag
2461	Apple	AirTag
2462	Apple	AirTag
2463	Apple	AirTag
2464	Apple	AirTag
2465	Apple	AirTag
2466	Apple	AirTag
2467	Apple	AirPods Pro
2468	Apple	AirPods Pro
2469	Apple	AirPods Pro
2470	Apple	AirPods Pro
2471	Apple	AirPods Pro
2472	Apple	AirPods Pro
2473	Apple	AirPods 3
2474	Apple	AirPods 3
2475	Apple	AirPods 3
2476	Apple	AirPods 3
2477	Apple	AirPods 3
2478	Apple	AirPods 3
2479	Apple	AirPods 1
2480	Apple	AirPods 1
2481	Apple	AirPods 1
2482	Apple	AirPods 1
2483	Apple	AirPods 1
2484	Apple	AirPods 1
2485	Apple	iPad Pro 12.9 (2018)
2486	Apple	iPad Pro 12.9 (2015)
2487	Apple	iPad Air 4
2488	Apple	iPad Air 3
2489	Apple	iPad Mini 4
2490	Apple	iPad 7
2491	Apple	iPad 5
2492	Apple	iPad Air 1
2493	Apple	iPad
2494	Apple	iPad
2495	Apple	iPad
2496	Apple	iPad
2497	Apple	iPad
2498	Apple	iPad Pro 12.9 (2018)
2499	Apple	iPad Mini 4
2500	Apple	iPad Mini 4
2501	Apple	iPad Mini 4
2502	Apple	iPad Mini 4
2503	Apple	iPad Mini 4
2504	Apple	iPad Pro 12.9 (2015)
2505	Apple	iPad Air 4
2506	Apple	iPad Air 4
2507	Apple	iPad Air 4
2508	Apple	iPad Air 4
2509	Apple	iPad Air 4
2510	Apple	iPad Air 3
2511	Apple	iPad Air 3
2512	Apple	iPad Air 3
2513	Apple	iPad Air 3
2514	Apple	iPad Air 3
2515	Apple	iPad Air 1
2516	Apple	iPad Air 1
2517	Apple	iPad Air 1
2518	Apple	iPad Air 1
2519	Apple	iPad Air 1
2520	Apple	iPad 7
2521	Apple	iPad 7
2522	Apple	iPad 7
2523	Apple	iPad 7
2524	Apple	iPad 7
2525	Apple	iPad 5
2526	Apple	iPad 5
2527	Apple	iPad 5
2528	Apple	iPad 5
2529	Apple	iPad 5
2530	Apple	iPad Mini 4
2531	Apple	iPad Air 3
2532	Apple	iPad Air 3
2533	Apple	iPad Air 4
2534	Apple	iPad Pro 12.9 (2015)
2535	Universal	
2536	Universal	
2537	Universal	
2538	Universal	
2539	Universal	
2540	Universal	
2541	Universal	
2542	Universal	
2543	Universal	
2544	Universal	
2545	Universal	
2546	Universal	
2547	Universal	
2548	Universal	
2549	Universal	
2550	Universal	
2551	Universal	
2552	Universal	
2553	Apple	iPad Pro 9.7
2554	Apple	iPad Pro 9.7
2555	Apple	iPad Pro 9.7
2556	Apple	iPad Pro 9.7
2557	Apple	iPad Pro 9.7
2558	Apple	iPad Mini 6
2559	Apple	iPad Mini 6
2560	Apple	iPad Mini 6
2561	Apple	iPad Mini 6
2562	Apple	iPad Mini 6
2563	Samsung	Galaxy A51 5G
2564	Samsung	Galaxy A51 5G
2565	Samsung	Galaxy A51 5G
2566	Samsung	Galaxy A51 5G
2567	Samsung	Galaxy A51 5G
2568	Samsung	Galaxy A51 5G
2569	Samsung	Galaxy A51 5G
2570	Apple	iPad Mini 6
2571	Apple	iPad Mini 6
2572	Apple	iPhone 12
2573	Samsung	Galaxy A72
2574	Samsung	Galaxy A72
2575	Samsung	Galaxy A72
2576	Samsung	Galaxy A72
2577	Samsung	Galaxy A72
2578	Samsung	Galaxy A72
2579	Samsung	Galaxy A72
2580	Samsung	Galaxy S20 Ultra
2581	Samsung	Galaxy A73
2582	Samsung	Galaxy A73
2583	Samsung	Galaxy A71
2584	Samsung	Galaxy A71
2585	Samsung	Galaxy A8 (2018)
2586	Samsung	Galaxy A7 (2017)
2587	Samsung	Galaxy A7 (2017)
2588	Samsung	Galaxy A7 (2016)
2589	Samsung	Galaxy A6 Plus (2018)
2590	Samsung	Galaxy A6 (2018)
2591	Samsung	Galaxy A5 (2017)
2592	Samsung	Galaxy A5 (2017)
2593	Samsung	Galaxy A5 (2017)
2594	Samsung	Galaxy A5 (2017)
2595	Samsung	Galaxy A5 (2016)
2596	Samsung	Galaxy A5 (2016)
2597	Samsung	Galaxy A3 (2017)
2598	Samsung	Galaxy A3 (2017)
2599	Samsung	Galaxy A3 (2017)
2600	Samsung	Galaxy A3 (2017)
2601	Samsung	Galaxy A3 (2016)
2602	Samsung	Galaxy A3 (2016)
2603	Samsung	Galaxy A23
2604	Samsung	Galaxy A03 (2022)
2605	Samsung	Galaxy A03 Core
2606	Samsung	Galaxy A02
2607	Samsung	Galaxy A01 Core
2608	Samsung	Galaxy M53
2609	Samsung	Galaxy M52
2610	Samsung	Galaxy M51
2611	Samsung	Galaxy M33 5G
2612	Samsung	Galaxy M32
2613	Samsung	Galaxy M31s
2614	Samsung	Galaxy M31
2615	Samsung	Galaxy M30s
2616	Samsung	Galaxy M23
2617	Samsung	Galaxy M22
2618	Samsung	Galaxy M21
2619	Samsung	Galaxy M20
2620	Samsung	Galaxy M13
2621	Samsung	Galaxy M12
2622	Samsung	Galaxy M11
2623	Samsung	Galaxy M10
2624	Samsung	Galaxy J8
2625	Samsung	Galaxy J7 Pro
2626	Samsung	Galaxy J7 Pro
2627	Samsung	Galaxy J7 Pro
2628	Samsung	Galaxy J7
2629	Samsung	Galaxy J6 Plus
2630	Samsung	Galaxy J6
2631	Samsung	Galaxy J5 Pro
2632	Samsung	Galaxy J5 Pro
2633	Samsung	Galaxy J5
2634	Samsung	Galaxy J5
2635	Samsung	Galaxy J5
2636	Samsung	Galaxy J5
2637	Samsung	Galaxy J5
2638	Samsung	Galaxy J5
2639	Samsung	Galaxy J4
2640	Samsung	Galaxy J3
2641	Samsung	Galaxy J3
2642	Samsung	Galaxy J3
2643	Samsung	Galaxy J3
2644	Samsung	Galaxy J3
2645	Samsung	Galaxy J3
2646	Samsung	Galaxy J2
2647	Samsung	Galaxy J2
2648	Samsung	Galaxy J1
2649	Samsung	Galaxy XCover Pro
2650	Samsung	Galaxy XCover 5
2651	Samsung	Galaxy XCover 4
2652	Samsung	Galaxy Z Fold 3
2653	Samsung	Galaxy Z Fold 3
2654	Samsung	Galaxy Z Fold 3
2655	Samsung	Galaxy Z Fold 3
2656	Samsung	Galaxy Z Fold 2
2657	Samsung	Galaxy Z Flip 5G
2658	Samsung	Galaxy Z Flip
2659	Samsung	Galaxy Z Flip
2660	Samsung	Galaxy Z Flip
2661	Apple	iPhone 12 Mini
2662	Apple	iPhone 12 Mini
2663	Apple	iPhone 13 Pro
2664	Apple	iPhone 13 Pro
2665	Apple	iPhone 13 Pro Max
2666	Apple	iPhone 13 Pro Max
2667	Apple	iPhone 13
2668	Apple	iPhone 13
2669	Apple	iPhone 13 Mini
2670	Apple	iPhone 13
2671	Apple	iPhone 11 Pro Max
2672	Apple	iPhone 11 Pro
2673	Apple	iPhone 11
2674	Apple	iPhone XR
2675	Apple	iPhone XS Max
2676	Apple	iPhone XS
2677	Apple	iPhone X
2678	Universal	
2679	Universal	
2680	Universal	
2681	Universal	
2682	Universal	
2683	Apple	iPad Pro 12.9 (2015)
2684	Apple	iPad Mini 5
2685	Apple	iPad Mini 5
2686	Apple	iPad Air 2
2687	Apple	iPad Air 2
2688	Apple	MacBook Pro 15
2689	Apple	MacBook Pro 13
2730	Apple	iPhone 14 Pro
2731	Apple	iPhone 14 Pro
2732	Apple	iPhone 14 Pro
2733	Apple	iPhone 14 Pro
2734	Apple	iPhone 14 Pro
2735	Apple	iPhone 14 Plus
2736	Apple	iPhone 14 Plus
2737	Apple	iPhone 14 Plus
2738	Apple	iPhone 14 Plus
2739	Apple	iPhone 14 Plus
2740	Apple	iPhone 14
2741	Apple	iPhone 14
2742	Apple	iPhone 14
2743	Apple	iPhone 14
2744	Apple	iPhone 14
2745	Apple	iPhone 14 Pro Max
2746	Apple	iPhone 14 Pro Max
2747	Apple	iPhone 14 Pro Max
2748	Apple	iPhone 14 Pro
2749	Apple	iPhone 14 Pro
2750	Apple	iPhone 14 Pro
2751	Apple	iPhone 14 Plus
2752	Apple	iPhone 14 Plus
2753	Apple	iPhone 14 Plus
2754	Apple	iPhone 14
2755	Apple	iPhone 14
2756	Apple	iPhone 14
2757	Apple	iPhone 14 Pro Max
2758	Apple	iPhone 14 Pro Max
2759	Apple	iPhone 14 Pro Max
2760	Apple	iPhone 14 Pro
2761	Apple	iPhone 14 Pro
2762	Apple	iPhone 14 Pro
2763	Apple	iPhone 14 Plus
2764	Apple	iPhone 14 Plus
2765	Apple	iPhone 14 Plus
2766	Apple	iPhone 14
2767	Apple	iPhone 14
2768	Apple	iPhone 14
2769	Apple	iPhone 11 Pro Max
2690	Apple	MacBook Air
2691	Apple	iPad Air 4
2692	Apple	iPad Pro 12.9 (2021)
2693	Apple	iPad Pro 11 (2021)
2694	Apple	iPad Pro 11 (2020)
2695	Apple	iPad Pro 11 (2018)
2696	Apple	iPhone 13 Pro
2697	Apple	iPhone 12 Pro Max
2698	Apple	iPhone 13
2699	Apple	iPhone 11
2700	Apple	iPhone XS
2701	Apple	iPhone 12 Pro
2702	Apple	iPhone 13
2703	Apple	iPhone 13
2704	Apple	iPhone 12 Pro Max
2705	Apple	iPhone 14 Pro
2706	Apple	iPhone 14
2707	Apple	iPhone 14 Pro Max
2708	Apple	iPhone 14 Pro
2709	Apple	iPhone 14 Pro Max
2710	Apple	iPhone 14 Pro
2711	Apple	iPhone 14 Pro Max
2712	Apple	iPhone 14 Pro
2713	Apple	iPhone 14 Pro Max
2714	Apple	iPhone 14 Pro
2715	Apple	iPhone 14 Plus
2716	Apple	iPhone 14
2717	Apple	iPhone 14 Pro Max
2718	Apple	iPhone 14 Pro
2719	Apple	iPhone 14 Plus
2720	Apple	iPhone 14
2721	Apple	iPhone 14 Pro Max
2722	Apple	iPhone 14 Pro
2723	Apple	iPhone 14 Plus
2724	Apple	iPhone 14
2725	Apple	iPhone 14 Pro Max
2726	Apple	iPhone 14 Pro Max
2727	Apple	iPhone 14 Pro Max
2728	Apple	iPhone 14 Pro Max
2729	Apple	iPhone 14 Pro Max
2770	Apple	iPhone XS Max
2771	Apple	iPhone XS
2772	Universal	
2773	Universal	
2774	Apple	Apple Watch Series 7
2775	Apple	Apple Watch Series 7
2776	Apple	Apple Watch Series 7
2777	Apple	Apple Watch Series 7
2778	Apple	Apple Watch Series 7
2779	Apple	Apple Watch Series 7
2780	Apple	Apple Watch Series 7
2781	Apple	Apple Watch Series 7
2782	Apple	Apple Watch Series 4
2783	Apple	Apple Watch Series 4
2784	Apple	Apple Watch Series 4
2785	Apple	Apple Watch Series 4
2786	Apple	Apple Watch Series 4
2787	Apple	Apple Watch Series 4
2788	Apple	Apple Watch Series 4
2789	Apple	Apple Watch Series 4
2790	Apple	Apple Watch Series 3
2791	Apple	Apple Watch Series 3
2792	Apple	Apple Watch Series 3
2793	Apple	Apple Watch Series 3
2794	Apple	Apple Watch Series 3
2795	Apple	Apple Watch Series 3
2796	Apple	Apple Watch Series 3
2797	Apple	Apple Watch Series 3
2798	Apple	Apple Watch Series 7
2799	Apple	Apple Watch Series 7
2800	Apple	Apple Watch Series 7
2801	Apple	Apple Watch Series 7
2802	Apple	Apple Watch Series 7
2803	Apple	Apple Watch Series 7
2804	Apple	Apple Watch Series 7
2805	Apple	Apple Watch Series 7
2806	Apple	Apple Watch Series 4
2807	Apple	Apple Watch Series 4
2808	Apple	Apple Watch Series 4
2809	Apple	Apple Watch Series 4
2810	Apple	Apple Watch Series 4
2811	Apple	Apple Watch Series 4
2812	Apple	Apple Watch Series 4
2813	Apple	Apple Watch Series 4
2814	Apple	Apple Watch Series 3
2815	Apple	Apple Watch Series 3
2816	Apple	Apple Watch Series 3
2817	Apple	Apple Watch Series 3
2818	Apple	Apple Watch Series 3
2819	Apple	Apple Watch Series 3
2820	Apple	Apple Watch Series 3
2821	Apple	Apple Watch Series 3
2822	Apple	Apple Watch Ultra
2823	Apple	Apple Watch Series 7
2824	Apple	Apple Watch Series 7
2825	Apple	Apple Watch Series 4
2826	Apple	Apple Watch Series 4
2827	Apple	Apple Watch Series 3
2828	Apple	Apple Watch Series 3
2829	Apple	
2830	Apple	
2831	Apple	
2832	Apple	
2833	Apple	
2834	Apple	
2835	Apple	
2836	Apple	
2837	Apple	
2838	Apple	
2839	Apple	
2840	Apple	
2841	Apple	
2842	Apple	
2843	Apple	
2844	Apple	
2845	Apple	
2846	Apple	
2847	Apple	
2848	Apple	
2849	Apple	
2850	Apple	Apple Watch
2851	Apple	Apple Watch
2852	Apple	Apple Watch
2853	Apple	Apple Watch
2854	Apple	Apple Watch
2855	Apple	Apple Watch
2856	Apple	Apple Watch
2857	Apple	Apple Watch
2858	Apple	Apple Watch
2859	Apple	Apple Watch
2860	Apple	Apple Watch
2861	Apple	Apple Watch
2862	Apple	Apple Watch
2863	Apple	Apple Watch
2864	Apple	Apple Watch
2865	Apple	Apple Watch
2866	Apple	Apple Watch
2867	Apple	Apple Watch
2868	Apple	Apple Watch
2869	Apple	Apple Watch
2870	Apple	Apple Watch
2871	Apple	Apple Watch
2872	Apple	Apple Watch
2873	Apple	Apple Watch
2874	Apple	Apple Watch
2875	Apple	Apple Watch
2876	Apple	Apple Watch
2877	Apple	Apple Watch
2878	Apple	Apple Watch
2879	Apple	Apple Watch
2880	Apple	Apple Watch
2881	Apple	Apple Watch
2882	Apple	Apple Watch
2883	Apple	Apple Watch
2884	Apple	Apple Watch
2885	Apple	Apple Watch
2886	Apple	Apple Watch
2887	Apple	Apple Watch
2888	Apple	Apple Watch
2889	Apple	Apple Watch
2890	Apple	Apple Watch
2891	Apple	Apple Watch
2892	Apple	Apple Watch
2893	Apple	Apple Watch
2894	Apple	Apple Watch
2895	Apple	Apple Watch
2896	Apple	Apple Watch
2897	Apple	Apple Watch
2898	Apple	Apple Watch
2899	Apple	Apple Watch
2900	Apple	Apple Watch
2901	Apple	Apple Watch
2902	Apple	Apple Watch
2903	Apple	Apple Watch
2904	Apple	Apple Watch
2905	Apple	Apple Watch
2906	Apple	Apple Watch
2907	Apple	iPhone SE (2020)
2908	Apple	iPhone 14 Pro
2909	Apple	iPhone 14 Pro
2910	Apple	iPhone 14 Pro
2911	Apple	iPhone 14 Pro
2912	Apple	iPhone 14 Pro
2913	Apple	iPhone 14 Pro
2914	Apple	iPhone 14 Pro
2915	Apple	iPhone 14 Pro
2916	Apple	iPhone 14 Pro
2917	Apple	iPhone 14 Pro
2918	Apple	iPhone 14 Pro
2919	Apple	iPhone 14 Pro
2920	Apple	iPhone 14 Pro
2921	Apple	iPhone 14 Pro
2922	Apple	iPhone 14 Pro
2923	Apple	iPhone 14 Pro
2924	Apple	iPhone 14 Pro
2925	Apple	iPhone 14
2926	Apple	iPhone 14
2927	Apple	iPhone 14
2928	Apple	iPhone 14
2929	Apple	iPhone 14
2930	Apple	iPhone 14
2931	Apple	iPhone 12
2932	Apple	iPhone SE (2022)
2933	Apple	iPhone SE (2022)
2934	Apple	iPhone SE (2022)
2935	Samsung	Galaxy Note 20 Ultra
2936	Samsung	Galaxy Note 20
2937	Samsung	Galaxy Note 10 Lite
2938	Samsung	Galaxy Note 10 Plus
2939	Samsung	Galaxy Note 10
2940	Samsung	Galaxy Note 9
2941	Samsung	Galaxy Note 8
2942	Samsung	Galaxy S22 Ultra
2943	Samsung	Galaxy S22 Plus
2944	Samsung	Galaxy S22
2945	Samsung	Galaxy S21 FE
2946	Samsung	Galaxy S21 Ultra
2947	Samsung	Galaxy S21 Plus
2948	Samsung	Galaxy S21
2949	Samsung	Galaxy S20 Ultra
2950	Samsung	Galaxy S20 Plus
2951	Samsung	Galaxy S20 FE
2952	Samsung	Galaxy S20
2953	Samsung	Galaxy S10 Lite
2954	Samsung	Galaxy S10 Plus
2955	Samsung	Galaxy S10 5G
2956	Samsung	Galaxy S10
2957	Samsung	Galaxy S10e
2958	Samsung	Galaxy S9 Plus
2959	Samsung	Galaxy S9
2960	Samsung	Galaxy S8 Plus
2961	Samsung	Galaxy S8
2962	Samsung	Galaxy A73 5G
2963	Samsung	Galaxy A72 4G
2964	Samsung	Galaxy A71 5G
2965	Samsung	Galaxy A71
2966	Samsung	Galaxy A70
2967	Samsung	Galaxy A53 5G
2968	Samsung	Galaxy A52s 5G
2969	Samsung	Galaxy A52
2970	Samsung	Galaxy A51 5G
2971	Samsung	Galaxy A51
2972	Samsung	Galaxy A50
2973	Samsung	Galaxy A32 5G
2974	Samsung	Galaxy A32 4G
2975	Samsung	Galaxy A31
2976	Samsung	Galaxy A30s
2977	Samsung	Galaxy A30
2978	Samsung	Galaxy A22
2979	Samsung	Galaxy A21s
2980	Samsung	Galaxy A20s
2981	Samsung	Galaxy A20e
2982	Samsung	Galaxy A20
2983	Samsung	Galaxy A7 (2017)
2984	Samsung	Galaxy A7 (2016)
2985	Samsung	Galaxy A5 (2017)
2986	Samsung	Galaxy A5 (2016)
2987	Samsung	Galaxy A3 (2017)
2988	Samsung	Galaxy A3 (2016)
2989	Apple	iPhone 14 Pro Max
2990	Apple	iPhone 14 Plus
2991	Apple	iPhone 14 Plus
2992	Apple	iPhone 14
2993	Apple	iPhone 14
2994	Apple	iPhone 14
2995	Apple	iPhone 14
2996	Apple	iPhone 14
2997	Apple	iPhone 14
2998	Apple	iPhone 14
2999	Apple	iPhone 14
3000	Apple	iPhone 14
3001	Apple	iPhone 14
3002	Apple	iPhone 14
3003	Apple	iPhone 14
3004	Apple	iPhone 14
3005	Apple	iPhone 14
3006	Apple	iPhone 14
3007	Apple	iPhone 14
3008	Apple	iPhone 14
3009	Apple	iPhone 14 Pro
3010	Apple	iPhone 14 Pro
3011	Apple	iPhone 14 Pro
3012	Apple	iPhone 14 Pro
3013	Apple	iPhone 14 Pro
3014	Apple	iPhone 14 Pro
3015	Apple	iPhone 13 Pro
3016	Apple	iPhone 14 Pro
3017	Apple	iPhone 14 Pro
3018	Apple	iPhone 14 Pro
3019	Apple	iPhone 14 Pro
3020	Apple	iPhone 14 Pro
3021	Apple	iPhone 14 Pro
3022	Apple	iPhone 14 Pro
3023	Apple	iPhone 14 Pro
3024	Apple	iPhone 14 Pro Max
3025	Apple	iPhone 14 Pro Max
3026	Apple	iPhone 14 Pro Max
3027	Apple	iPhone 14 Pro Max
3028	Apple	iPhone 14 Pro Max
3029	Apple	iPhone 14 Pro Max
3030	Apple	iPhone 14 Pro Max
3031	Apple	iPhone 14 Pro Max
3032	Apple	iPhone 14 Pro Max
3033	Apple	iPhone 14 Pro Max
3034	Apple	iPhone 14 Pro Max
3035	Apple	iPhone 14 Pro Max
3036	Apple	iPhone 14 Pro Max
3037	Apple	iPhone 14 Pro Max
3038	Apple	iPhone 14 Pro Max
3039	Apple	iPhone 14 Pro Max
3040	Apple	iPhone 14 Pro
3041	Apple	iPhone 14 Pro
3042	Apple	iPhone 14 Pro
3043	Apple	iPhone 14 Pro
3044	Apple	iPhone 14 Pro
3045	Apple	iPhone 14 Plus
3046	Apple	iPhone 14 Plus
3047	Apple	iPhone 14 Plus
3048	Apple	iPhone 14
3049	Apple	iPhone 14
3050	Apple	iPhone 14
3051	Apple	iPhone 14
3052	Apple	iPhone 8 Plus
3053	Apple	iPhone 12 Pro Max
3054	Apple	iPhone 13 Mini
3055	Apple	iPhone 13 Mini
3056	Samsung	Galaxy A7 (2018)
3057	Samsung	Galaxy A23 5G
3058	Samsung	Galaxy A13 5G
3059	Samsung	Galaxy A04s
3060	Samsung	Galaxy A13 (2022)
3061	Samsung	Galaxy A9 (2018)
3062	Samsung	Galaxy Z Fold 2
3063	Samsung	Galaxy Z Fold 2
3064	Samsung	Galaxy Z Fold 4
3065	Samsung	Galaxy Z Fold 4
3066	Samsung	Galaxy Z Fold 4
3067	Samsung	Galaxy Z Flip 3
3068	Samsung	Galaxy Z Flip 3
3069	Samsung	Galaxy Z Flip 3
3070	Samsung	Galaxy Z Flip 3
3071	Samsung	Galaxy Z Flip 3
3072	Samsung	Galaxy Z Flip 3
3073	Samsung	Galaxy Z Flip 4
3074	Samsung	Galaxy Z Flip 4
3075	Samsung	Galaxy Z Flip 4
3076	Samsung	Galaxy Z Flip 4
3077	Samsung	Galaxy Z Flip 4
3078	Samsung	Galaxy Xcover 6 Pro
3079	Apple	iPhone 14 Pro Max
3080	Apple	iPhone 14 Pro Max
3081	Apple	iPhone 14 Pro Max
3082	Apple	iPhone 14 Pro Max
3083	Apple	iPhone 14 Pro
3084	Apple	iPhone 14 Pro
3085	Apple	iPhone 14 Pro
3086	Apple	iPhone 14 Pro
3087	Apple	iPhone 14 Plus
3088	Apple	iPhone 14 Plus
3089	Apple	iPhone 14 Plus
3090	Apple	iPhone 14 Plus
3091	Apple	iPhone 14 Plus
3092	Apple	iPhone 14
3093	Apple	iPhone 14
3094	Apple	iPhone 14
3095	Apple	iPhone 14
3096	Apple	iPhone 14
3097	Apple	iPhone 14 Pro Max
3098	Apple	iPhone 14 Pro Max
3099	Apple	iPhone 14 Pro Max
3100	Apple	iPhone 14 Pro Max
3101	Apple	iPhone 14 Pro
3102	Apple	iPhone 14 Pro
3103	Apple	iPhone 14 Pro
3104	Apple	iPhone 14 Pro
3105	Apple	iPhone 14 Plus
3106	Apple	iPhone 14 Plus
3107	Apple	iPhone 14 Plus
3108	Apple	iPhone 14 Plus
3109	Apple	iPhone 14 Plus
3110	Apple	iPhone 14
3111	Apple	iPhone 14
3112	Apple	iPhone 14
3113	Apple	iPhone 14
3114	Apple	iPhone 14
3115	Samsung	Galaxy Fold
3116	Samsung	Galaxy A9 (2018)
3117	Samsung	Galaxy A13 5G
3118	Samsung	Galaxy A23 5G
3119	Samsung	Galaxy A04s
3120	Samsung	Galaxy Note 20 Ultra
3121	Samsung	Galaxy Note 20
3122	Samsung	Galaxy Note 10 Plus
3123	Samsung	Galaxy Note 10
3124	Samsung	Galaxy S22 Ultra
3125	Samsung	Galaxy S22 Plus
3126	Samsung	Galaxy S22
3127	Samsung	Galaxy S21 Ultra
3128	Samsung	Galaxy S21 Plus
3129	Samsung	Galaxy S21
3130	Samsung	Galaxy S20 Ultra
3131	Samsung	Galaxy S20 Plus
3132	Samsung	Galaxy S20
3133	Samsung	Galaxy S10 Plus
3134	Samsung	Galaxy S10
3135	Samsung	Galaxy S10 Lite
3136	Samsung	Galaxy A91
3137	Samsung	Galaxy A42
3138	Samsung	Galaxy A21
3139	Samsung	Galaxy A11
3140	Samsung	Galaxy M31s
3141	Samsung	Galaxy M31
3142	Samsung	Galaxy M21s
3143	Samsung	Galaxy M21
3144	Samsung	Galaxy M11
3145	Samsung	Galaxy M51
3146	Samsung	Galaxy M30s
3147	Samsung	Galaxy M30
3148	Samsung	Galaxy M20s
3149	Samsung	Galaxy M20
3150	Samsung	Galaxy A90 5G
3151	Samsung	Galaxy A90
3152	Samsung	Galaxy A80
3153	Samsung	Galaxy A70s
3154	Samsung	Galaxy A70
3155	Samsung	Galaxy J6 (2018)
3156	Samsung	Galaxy A50
3157	Samsung	Galaxy A50s
3158	Samsung	Galaxy A40s
3159	Samsung	Galaxy A30s
3160	Samsung	Galaxy A30
3161	Samsung	Galaxy A20s
3162	Samsung	Galaxy A20
3163	Samsung	Galaxy M62
3164	Samsung	Galaxy M53
3165	Samsung	Galaxy M52
3166	Samsung	Galaxy F62
3167	Samsung	Galaxy S21 FE
3168	Samsung	Galaxy S22 Plus
3169	Samsung	Galaxy S22
3170	Samsung	Galaxy S21 Plus
3171	Samsung	Galaxy S21
3172	Samsung	Galaxy A71
3173	Samsung	Galaxy A53
3174	Samsung	Galaxy A31
3175	Samsung	Galaxy Note 20 Ultra
3176	Samsung	Galaxy Note 20
3177	Samsung	Galaxy Note 10 Plus
3178	Samsung	Galaxy Note 10
3179	Samsung	Galaxy S22 Ultra
3180	Samsung	Galaxy S22 Plus
3181	Samsung	Galaxy S22
3182	Samsung	Galaxy S21 Ultra
3183	Samsung	Galaxy S21 Plus
3184	Samsung	Galaxy S21
3185	Samsung	Galaxy S20 Ultra
3186	Samsung	Galaxy S20 Plus
3187	Samsung	Galaxy S20
3188	Samsung	Galaxy S10 Plus
3189	Samsung	Galaxy S10
3190	Samsung	Galaxy A11
3191	Samsung	Galaxy A51
3192	Samsung	Galaxy A21
3193	Samsung	Galaxy A03s
3194	Samsung	Galaxy A60
3195	Samsung	Galaxy A20
3196	Samsung	Galaxy A10
3197	Honor	Honor Play 4T Pro
3198	Honor	Honor Play 4 Pro
3199	Honor	Honor Play 4T
3200	Huawei	P30 Lite (2020)
3201	Huawei	P30 Lite
3202	Huawei	P Smart (2021)
3203	Huawei	P Smart+ (2019)
3204	Huawei	Nova 8i
3205	Huawei	Nova 7i
3206	Huawei	Nova 7
3207	Huawei	Nova 3
3208	Huawei	Mate 20 Lite
3209	Honor	Honor 20 Lite
3210	Honor	Honor 20i
3211	Honor	Honor 20
3212	Honor	Honor 10 Lite
3213	Honor	Honor 10i
3214	Huawei	Enjoy 9E
3215	Huawei	Enjoy 9
3216	Huawei	Enjoy Z
3217	Honor	Honor X30
3218	Huawei	Y9 Prime (2019)
3219	Huawei	Y9 (2019)
3220	Huawei	Y7P (2020)
3221	Huawei	Y7 (2019)
3222	Huawei	Y7 Pro (2019)
3223	Huawei	Y7P
3224	Huawei	Y6 Pro (2019)
3225	Huawei	Y6 (2019)
3226	Huawei	Y6P (2020)
3227	Huawei	Y7A
3228	Huawei	Y9S
3229	Honor	Honor Play 6T
3230	Huawei	Enjoy 20
3231	Huawei	Manmao 9
3232	Honor	Honor 9X
3233	Honor	Honor 6X
3234	Honor	Honor V10
3235	Honor	Honor Play 3
3236	Honor	Honor Play
3237	Honor	Honor V9
3238	Honor	Honor 20s
3239	Honor	Honor 10i
3240	Honor	Honor 10
3241	Honor	Honor 9
3242	Honor	Honor 8
3243	Huawei	Enjoy 50 Plus
3244	Honor	Honor X30
3245	Huawei	Manmao 10
3246	Huawei	Enjoy 20 Pro
3247	Honor	Honor 50 SE
3248	Honor	Honor Play 5T
3249	Honor	Honor Play 4
3250	Honor	Honor X10
3251	Huawei	Enjoy 10 Plus
3252	Huawei	Enjoy 9S
3253	Huawei	Enjoy 8 Plus
3254	Huawei	Mate 30
3255	Huawei	Mate 20
3256	Huawei	Mate 9
3257	Huawei	P40
3258	Huawei	P30
3259	Huawei	P20 Pro
3260	Huawei	P20
3261	Huawei	P10 Plus
3262	Huawei	P10
3263	Huawei	Enjoy 30E
3264	Huawei	Maimang 10 SE
3265	Huawei	Enjoy 20
3266	Huawei	P50
3267	Honor	Honor 40 Lite
3268	Huawei	Enjoy 30
3269	Huawei	Enjoy 20 Plus
3270	Huawei	Enjoy 20 Pro
3271	Honor	Honor 20 Lite
3272	Huawei	Enjoy 9 Plus
3273	Huawei	Maimang 8
3274	Huawei	Maimang 7
3275	Huawei	Maimang 6
3276	Huawei	Maimang 5
3277	Huawei	Nova 7
3278	Huawei	Nova 6
3279	Huawei	Nova 5i Pro
3280	Huawei	Nova 5i
3281	Huawei	Nova 5
3282	Huawei	Nova 4E
3283	Huawei	Nova 4
3284	Huawei	Nova 3E
3285	Huawei	Nova 3
3286	Huawei	Nova 2
3287	Xiaomi	Redmi Note 11T Pro Plus
3288	Xiaomi	Redmi Note 11T Pro
3289	Xiaomi	Redmi Note 11T
3370	Apple	iPhone 13 Pro Max
3371	Apple	iPhone 13 Pro Max
3372	Apple	iPhone 13 Pro
3373	Apple	iPhone 13 Pro
3374	Apple	iPhone 13 Pro
3375	Apple	iPhone 13 Pro
3376	Apple	iPhone 13 Pro
3377	Apple	iPhone 13 Pro
3378	Apple	iPhone 13
3379	Apple	iPhone 13
3380	Apple	iPhone 13
3381	Apple	iPhone 13
3382	Apple	iPhone 13
3383	Apple	iPhone 13
3384	Apple	iPhone 12 Pro Max
3385	Apple	iPhone 12 Pro Max
3386	Apple	iPhone 12 Pro Max
3387	Apple	iPhone 12 Pro Max
3388	Apple	iPhone 12 Pro Max
3389	Apple	iPhone 12 Pro Max
3390	Apple	iPhone 12
3391	Apple	iPhone 12
3392	Apple	iPhone 12
3393	Apple	iPhone 12
3394	Apple	iPhone 12
3395	Apple	iPhone 12
3396	Samsung	Galaxy Z Fold 4
3397	Apple	iPad 10th Gen
3398	Apple	iPad 10th Gen
3399	Apple	iPad 10th Gen
3400	Apple	iPad 10th Gen
3401	Apple	iPad 10th Gen
3402	Apple	iPad 10th Gen
3403	Universal	
3404	Universal	
3405	Samsung	Galaxy S22 Ultra
3406	Samsung	Galaxy S22 Plus
3407	Samsung	Galaxy S22
3408	Samsung	Galaxy S21 FE
3409	Samsung	Galaxy S21 Ultra
3410	Samsung	Galaxy S21 Plus
3411	Samsung	Galaxy S20 FE
3412	Samsung	Galaxy S20 Ultra
3413	Samsung	Galaxy S20 Plus
3414	Samsung	Galaxy S20
3415	Samsung	Galaxy Note 20 Ultra
3416	Samsung	Galaxy Note 20
3417	Samsung	Galaxy Note 10 Plus
3418	Samsung	Galaxy Note 10 Lite
3419	Samsung	Galaxy Note 10
3420	Samsung	Galaxy A73
3421	Samsung	Galaxy A72
3422	Samsung	Galaxy A71
3423	Samsung	Galaxy A70
3424	Samsung	Galaxy A53
3425	Samsung	Galaxy A52s
3426	Samsung	Galaxy A52
3427	Samsung	Galaxy A51
3428	Samsung	Galaxy Z Fold 4
3429	Samsung	Galaxy Z Fold 3
3430	Samsung	Galaxy Z Fold 2
3431	Samsung	Galaxy Z Fold
3432	Samsung	Galaxy Z Flip 4
3433	Samsung	Galaxy Z Flip 3
3434	Samsung	Galaxy Z Flip
3435	Samsung	Galaxy XCover Pro
3436	Samsung	Galaxy XCover 5
3437	Samsung	Galaxy XCover 4
3438	Samsung	Galaxy M52
3439	Samsung	Galaxy M51
3440	Samsung	Galaxy M40
3441	Samsung	Galaxy M33
3442	Samsung	Galaxy M32
3443	Samsung	Galaxy M31s
3444	Samsung	Galaxy M31
3445	Samsung	Galaxy M30
3446	Samsung	Galaxy M23
3447	Samsung	Galaxy M22
3448	Samsung	Galaxy M20
3449	Samsung	Galaxy M12
3450	Samsung	Galaxy M11
3451	Samsung	Galaxy M10
3452	Samsung	Galaxy F52
3453	Samsung	Galaxy F42
3454	Huawei	P Smart 2021
3455	Huawei	P Smart Pro 2019
3456	Huawei	P Smart Z 2019
3457	Huawei	P Smart 2019
3458	Huawei	P Smart Plus 2019
3459	Huawei	P Smart Plus 2018
3460	Huawei	P Smart Plus 2017
3461	Huawei	P40 Pro
3462	Huawei	P40 Lite
3463	Huawei	P40
3464	Huawei	P30 Pro
3465	Huawei	P30 Lite
3466	Huawei	P30
3467	Huawei	Mate 40 Pro
3468	Huawei	Mate 40
3469	Huawei	Mate 30 Pro
3470	Huawei	Mate 30
3471	Huawei	Mate 20 Pro
3472	Huawei	Mate 20 Lite
3473	Huawei	Mate 20X
3474	Huawei	Mate 20
3475	Huawei	Nova Y60
3476	Huawei	Nova 9 SE
3477	Huawei	Nova 8i
3478	Huawei	Nova 7 SE
3479	Huawei	Nova 7i
3480	Huawei	Nova 6 SE
3481	Huawei	Nova 5Z
3482	Huawei	Nova 5T
3483	Huawei	Nova 5i Pro
3484	Huawei	Nova 5i
3485	Huawei	Nova 5
3486	Huawei	Nova 4e
3487	Huawei	Nova 4
3488	Universal	
3489	Universal	
3290	Xiaomi	Redmi Note 11
3291	Xiaomi	Redmi Note 11S
3292	Xiaomi	Redmi Note 11S
3293	Xiaomi	Redmi Note 11
3294	Xiaomi	Redmi Note 10T
3295	Xiaomi	Redmi Note 10
3296	Xiaomi	Redmi Note 10S
3297	Xiaomi	Redmi Note 10 Pro
3298	Xiaomi	Redmi Note 10 Pro Max
3299	Xiaomi	Redmi Note 9
3300	Xiaomi	Redmi 10
3301	Xiaomi	Redmi 10
3302	Xiaomi	Redmi Note 8 Pro
3303	Xiaomi	Redmi Note 8
3304	Xiaomi	Redmi Note 7
3305	Xiaomi	Redmi 10X
3306	Xiaomi	Redmi 8
3307	Xiaomi	Redmi K50
3308	Xiaomi	Redmi K40
3309	Xiaomi	Redmi K30
3310	Xiaomi	POCO X3 GT
3311	Xiaomi	POCO X3
3312	Xiaomi	POCO X3 NFC
3313	Xiaomi	POCO F3
3314	Xiaomi	POCO X2
3315	Xiaomi	11T
3316	Xiaomi	11 Lite
3317	Xiaomi	X4 GT
3318	Xiaomi	12 Lite
3319	Xiaomi	10T
3320	Xiaomi	Redmi Note 11E Pro
3321	Xiaomi	Redmi Note 11 Pro Plus
3322	Xiaomi	Redmi Note 11
3323	Xiaomi	Redmi Note 10
3324	Xiaomi	Redmi 10X
3325	Xiaomi	Redmi K20
3326	Xiaomi	Redmi 7A
3327	Xiaomi	Redmi 7
3328	Xiaomi	Redmi 6
3329	Xiaomi	Redmi Note 8 Pro
3490	Apple	iPhone 14 Pro Max
3491	Apple	iPhone 14 Pro Max
3492	Apple	iPhone 14 Pro
3493	Apple	iPhone 14 Pro
3494	Apple	iPhone 14 Plus
3495	Apple	iPhone 14 Plus
3496	Apple	iPhone 14
3497	Apple	iPhone 14
3498	Universal	
3499	Apple	iPad 10
3500	Apple	iPad 10
3501	Apple	iPad 10
3502	Universal	
3503	Universal	
3504	Apple	iPhone 11
3505	Apple	iPhone 11
3506	Apple	iPhone 11
3507	Apple	iPhone 11
3508	Apple	iPhone 11
3509	Apple	iPhone 11 Pro
3510	Apple	iPhone 11 Pro
3511	Apple	iPhone 11 Pro
3512	Apple	iPhone 11 Pro
3513	Apple	iPhone 11 Pro
3514	Apple	iPhone 11 Pro Max
3515	Apple	iPhone 11 Pro Max
3516	Apple	iPhone 11 Pro Max
3517	Apple	iPhone 11 Pro Max
3518	Apple	iPhone 11 Pro Max
3519	Apple	iPhone 12
3520	Apple	iPhone 12
3521	Apple	iPhone 12
3522	Apple	iPhone 12
3523	Apple	iPhone 12
3524	Apple	iPhone 12 Pro Max
3525	Apple	iPhone 12 Pro Max
3526	Apple	iPhone 12 Pro Max
3527	Apple	iPhone 12 Pro Max
3528	Apple	iPhone 12 Pro Max
3529	Apple	iPhone 13
3330	Xiaomi	Redmi Note 5
3331	Xiaomi	Redmi 5 Plus
3332	Xiaomi	Mi 10T
3333	Xiaomi	Mi 10 Lite
3334	Xiaomi	Mi X3
3335	Xiaomi	CC9e
3336	Xiaomi	Mi 9
3337	Apple	iPad Air 5
3338	Apple	iPad Air 4
3339	Apple	iPad Air 4
3340	Apple	iPad Pro 11 (2022)
3341	Apple	iPad Pro 12.9 (2022)
3342	Apple	iPhone 14 Pro Max
3343	Apple	iPhone 14 Pro Max
3344	Apple	iPhone 14 Pro Max
3345	Apple	iPhone 14 Pro Max
3346	Apple	iPhone 14 Pro Max
3347	Apple	iPhone 14 Pro Max
3348	Apple	iPhone 14 Pro
3349	Apple	iPhone 14 Pro
3350	Apple	iPhone 14 Pro
3351	Apple	iPhone 14 Pro
3352	Apple	iPhone 14 Pro
3353	Apple	iPhone 14 Pro
3354	Apple	iPhone 14 Plus
3355	Apple	iPhone 14 Plus
3356	Apple	iPhone 14 Plus
3357	Apple	iPhone 14 Plus
3358	Apple	iPhone 14 Plus
3359	Apple	iPhone 14 Plus
3360	Apple	iPhone 14
3361	Apple	iPhone 14
3362	Apple	iPhone 14
3363	Apple	iPhone 14
3364	Apple	iPhone 14
3365	Apple	iPhone 14
3366	Apple	iPhone 13 Pro Max
3367	Apple	iPhone 13 Pro Max
3368	Apple	iPhone 13 Pro Max
3369	Apple	iPhone 13 Pro Max
3530	Apple	iPhone 13
3531	Apple	iPhone 13
3532	Apple	iPhone 13
3533	Apple	iPhone 13
3534	Apple	iPhone 13 Pro
3535	Apple	iPhone 13 Pro
3536	Apple	iPhone 13 Pro
3537	Apple	iPhone 13 Pro
3538	Apple	iPhone 13 Pro
3539	Apple	iPhone 13 Pro Max
3540	Apple	iPhone 13 Pro Max
3541	Apple	iPhone 13 Pro Max
3542	Apple	iPhone 13 Pro Max
3543	Apple	iPhone 13 Pro Max
3544	Apple	iPhone 14
3545	Apple	iPhone 14
3546	Apple	iPhone 14
3547	Apple	iPhone 14
3548	Apple	iPhone 14
3549	Apple	iPhone 14 Plus
3550	Apple	iPhone 14 Plus
3551	Apple	iPhone 14 Plus
3552	Apple	iPhone 14 Plus
3553	Apple	iPhone 14 Plus
3554	Apple	iPhone 14 Pro
3555	Apple	iPhone 14 Pro
3556	Apple	iPhone 14 Pro
3557	Apple	iPhone 14 Pro
3558	Apple	iPhone 14 Pro
3559	Apple	iPhone 14 Pro Max
3560	Apple	iPhone 14 Pro Max
3561	Apple	iPhone 14 Pro Max
3562	Apple	iPhone 14 Pro Max
3563	Apple	iPhone 14 Pro Max
3564	Apple	iPhone 11
3565	Apple	iPhone 11
3566	Apple	iPhone 11
3567	Apple	iPhone 11
3568	Apple	iPhone 11
3569	Apple	iPhone 11 Pro
3570	Apple	iPhone 11 Pro
3571	Apple	iPhone 11 Pro
3572	Apple	iPhone 11 Pro
3573	Apple	iPhone 11 Pro
3574	Apple	iPhone 11 Pro Max
3575	Apple	iPhone 11 Pro Max
3576	Apple	iPhone 11 Pro Max
3577	Apple	iPhone 11 Pro Max
3578	Apple	iPhone 11 Pro Max
3579	Apple	iPhone 12
3580	Apple	iPhone 12
3581	Apple	iPhone 12
3582	Apple	iPhone 12
3583	Apple	iPhone 12
3584	Apple	iPhone 12 Pro Max
3585	Apple	iPhone 12 Pro Max
3586	Apple	iPhone 12 Pro Max
3587	Apple	iPhone 12 Pro Max
3588	Apple	iPhone 12 Pro Max
3589	Apple	iPhone 12 Mini
3590	Apple	iPhone 12 Mini
3591	Apple	iPhone 12 Mini
3592	Apple	iPhone 12 Mini
3593	Apple	iPhone 12 Mini
3594	Apple	iPhone 13
3595	Apple	iPhone 13
3596	Apple	iPhone 13
3597	Apple	iPhone 13
3598	Apple	iPhone 13
3599	Apple	iPhone 13 Pro
3600	Apple	iPhone 13 Pro
3601	Apple	iPhone 13 Pro
3602	Apple	iPhone 13 Pro
3603	Apple	iPhone 13 Pro
3604	Apple	iPhone 13 Pro Max
3605	Apple	iPhone 13 Pro Max
3606	Apple	iPhone 13 Pro Max
3607	Apple	iPhone 13 Pro Max
3608	Apple	iPhone 13 Pro Max
3609	Apple	iPhone 13 Mini
3610	Apple	iPhone 13 Mini
3611	Apple	iPhone 13 Mini
3612	Apple	iPhone 13 Mini
3613	Apple	iPhone 13 Mini
3614	Apple	iPhone 14
3615	Apple	iPhone 14
3616	Apple	iPhone 14
3617	Apple	iPhone 14
3618	Apple	iPhone 14
3619	Apple	iPhone 14 Plus
3620	Apple	iPhone 14 Plus
3621	Apple	iPhone 14 Plus
3622	Apple	iPhone 14 Plus
3623	Apple	iPhone 14 Plus
3624	Apple	iPhone 14 Pro
3625	Apple	iPhone 14 Pro
3626	Apple	iPhone 14 Pro
3627	Apple	iPhone 14 Pro
3628	Apple	iPhone 14 Pro
3629	Apple	iPhone 14 Pro Max
3630	Apple	iPhone 14 Pro Max
3631	Apple	iPhone 14 Pro Max
3632	Apple	iPhone 14 Pro Max
3633	Apple	iPhone 14 Pro Max
3634	Apple	iPhone 11
3635	Apple	iPhone 11
3636	Apple	iPhone 11
3637	Apple	iPhone 11
3638	Apple	iPhone 11 Pro
3639	Apple	iPhone 11 Pro
3640	Apple	iPhone 11 Pro
3641	Apple	iPhone 11 Pro
3642	Apple	iPhone 11 Pro Max
3643	Apple	iPhone 11 Pro Max
3644	Apple	iPhone 11 Pro Max
3645	Apple	iPhone 11 Pro Max
3646	Apple	iPhone 12
3647	Apple	iPhone 12
3648	Apple	iPhone 12
3649	Apple	iPhone 12
3650	Apple	iPhone 12 Pro Max
3651	Apple	iPhone 12 Pro Max
3652	Apple	iPhone 12 Pro Max
3653	Apple	iPhone 12 Pro Max
3654	Apple	iPhone 12 Mini
3655	Apple	iPhone 12 Mini
3656	Apple	iPhone 12 Mini
3657	Apple	iPhone 12 Mini
3658	Apple	iPhone 13
3659	Apple	iPhone 13
3660	Apple	iPhone 13
3661	Apple	iPhone 13
3662	Apple	iPhone 13 Pro
3663	Apple	iPhone 13 Pro
3664	Apple	iPhone 13 Pro
3665	Apple	iPhone 13 Pro
3666	Apple	iPhone 13 Pro Max
3667	Apple	iPhone 13 Pro Max
3668	Apple	iPhone 13 Pro Max
3669	Apple	iPhone 13 Pro Max
3670	Apple	iPhone 13 Mini
3671	Apple	iPhone 13 Mini
3672	Apple	iPhone 13 Mini
3673	Apple	iPhone 13 Mini
3674	Apple	iPhone 14
3675	Apple	iPhone 14
3676	Apple	iPhone 14
3677	Apple	iPhone 14
3678	Apple	iPhone 14 Plus
3679	Apple	iPhone 14 Plus
3680	Apple	iPhone 14 Plus
3681	Apple	iPhone 14 Plus
3682	Apple	iPhone 14 Pro
3683	Apple	iPhone 14 Pro
3684	Apple	iPhone 14 Pro
3685	Apple	iPhone 14 Pro
3686	Apple	iPhone 14 Pro Max
3687	Apple	iPhone 14 Pro Max
3688	Apple	iPhone 14 Pro Max
3689	Apple	iPhone 14 Pro Max
3690	Apple	iPhone 11
3691	Apple	iPhone 11
3692	Apple	iPhone 11
3693	Apple	iPhone 11
3694	Apple	iPhone 11
3695	Apple	iPhone 11
3696	Apple	iPhone 11 Pro
3697	Apple	iPhone 11 Pro
3698	Apple	iPhone 11 Pro
3699	Apple	iPhone 11 Pro
3700	Apple	iPhone 11 Pro
3701	Apple	iPhone 11 Pro
3702	Apple	iPhone 11 Pro Max
3703	Apple	iPhone 11 Pro Max
3704	Apple	iPhone 11 Pro Max
3705	Apple	iPhone 11 Pro Max
3706	Apple	iPhone 11 Pro Max
3707	Apple	iPhone 11 Pro Max
3708	Apple	iPhone 12
3709	Apple	iPhone 12
3710	Apple	iPhone 12
3711	Apple	iPhone 12
3712	Apple	iPhone 12
3713	Apple	iPhone 12
3714	Apple	iPhone 12 Pro Max
3715	Apple	iPhone 12 Pro Max
3716	Apple	iPhone 12 Pro Max
3717	Apple	iPhone 12 Pro Max
3718	Apple	iPhone 12 Pro Max
3719	Apple	iPhone 12 Pro Max
3720	Apple	iPhone 12 Mini
3721	Apple	iPhone 12 Mini
3722	Apple	iPhone 12 Mini
3723	Apple	iPhone 12 Mini
3724	Apple	iPhone 12 Mini
3725	Apple	iPhone 12 Mini
3726	Apple	iPhone 13
3727	Apple	iPhone 13
3728	Apple	iPhone 13
3729	Apple	iPhone 13
3730	Apple	iPhone 13
3731	Apple	iPhone 13
3732	Apple	iPhone 13 Pro
3733	Apple	iPhone 13 Pro
3734	Apple	iPhone 13 Pro
3735	Apple	iPhone 13 Pro
3736	Apple	iPhone 13 Pro
3737	Apple	iPhone 13 Pro
3738	Apple	iPhone 13 Pro Max
3739	Apple	iPhone 13 Pro Max
3740	Apple	iPhone 13 Pro Max
3741	Apple	iPhone 13 Pro Max
3742	Apple	iPhone 13 Pro Max
3743	Apple	iPhone 13 Pro Max
3744	Apple	iPhone 13 Mini
3745	Apple	iPhone 13 Mini
3746	Apple	iPhone 13 Mini
3747	Apple	iPhone 13 Mini
3748	Apple	iPhone 13 Mini
3749	Apple	iPhone 13 Mini
3750	Apple	iPhone 14
3751	Apple	iPhone 14
3752	Apple	iPhone 14
3753	Apple	iPhone 14
3754	Apple	iPhone 14
3755	Apple	iPhone 14
3756	Apple	iPhone 14 Plus
3757	Apple	iPhone 14 Plus
3758	Apple	iPhone 14 Plus
3759	Apple	iPhone 14 Plus
3760	Apple	iPhone 14 Plus
3761	Apple	iPhone 14 Plus
3762	Apple	iPhone 14 Pro
3763	Apple	iPhone 14 Pro
3764	Apple	iPhone 14 Pro
3765	Apple	iPhone 14 Pro
3766	Apple	iPhone 14 Pro
3767	Apple	iPhone 14 Pro
3768	Apple	iPhone 14 Pro Max
3769	Apple	iPhone 14 Pro Max
3770	Apple	iPhone 14 Pro Max
3771	Apple	iPhone 14 Pro Max
3772	Apple	iPhone 14 Pro Max
3773	Apple	iPhone 14 Pro Max
3774	Apple	iPhone 14 Plus
3775	Apple	iPhone 14 Plus
3776	Apple	iPhone 14 Plus
3777	Apple	iPhone 14 Plus
3778	Apple	iPhone 14 Plus
3779	Apple	iPhone 14 Pro Max
3780	Apple	iPhone 14 Pro Max
3781	Apple	iPhone 14 Pro
3782	Apple	iPhone 14 Pro
3783	Universal	
3784	Universal	
3785	Universal	
3786	Universal	
3787	Universal	
3788	Universal	
3789	Universal	
3790	Universal	
3791	Universal	
3792	Universal	
3793	Universal	
3794	Universal	
3795	Universal	
3796	Samsung	Galaxy Watch Active 2
3797	Universal	
3798	Universal	
3799	Samsung	Galaxy Watch 5
3800	Universal	
3801	Universal	
3802	Universal	
3803	Universal	
3804	Universal	
3805	Universal	
3806	Universal	
3807	Universal	
3808	Universal	
3809	Universal	
3850	Apple	iPhone 14 Plus
3851	Apple	iPhone 14
3852	Apple	iPhone 14
3853	Apple	iPhone 14
3854	Apple	iPhone 14
3855	Apple	iPhone 13 Pro Max
3856	Apple	iPhone 13 Pro Max
3857	Apple	iPhone 13 Pro Max
3858	Apple	iPhone 13 Pro Max
3859	Apple	iPhone 13 Pro
3860	Apple	iPhone 13 Pro
3861	Apple	iPhone 13 Pro
3862	Apple	iPhone 13 Pro
3863	Apple	iPhone 13
3864	Apple	iPhone 13
3865	Apple	iPhone 13
3866	Apple	iPhone 13
3867	Apple	iPhone 12 Pro Max
3868	Apple	iPhone 12 Pro Max
3869	Apple	iPhone 12 Pro Max
3870	Apple	iPhone 12 Pro Max
3871	Apple	iPhone 12
3872	Apple	iPhone 12
3873	Apple	iPhone 12
3874	Apple	iPhone 12
3875	Universal	
3876	Universal	
3877	Samsung	Galaxy S23
3878	Samsung	Galaxy S23
3879	Samsung	Galaxy S23
3880	Samsung	Galaxy S23
3881	Samsung	Galaxy S23
3882	Samsung	Galaxy S23
3883	Samsung	Galaxy S23
3884	Samsung	Galaxy S23
3885	Samsung	Galaxy S23
3886	Samsung	Galaxy S23
3887	Samsung	Galaxy S23
3888	Samsung	Galaxy S23 Plus
3889	Samsung	Galaxy S23 Plus
3810	Universal	
3811	Universal	
3812	Universal	
3813	Universal	
3814	Universal	
3815	Apple	MacBook Air 13.6
3816	Apple	MacBook Pro 16.2
3817	Apple	MacBook Pro 14.2
3818	Apple	MacBook Air 13.6
3819	Apple	MacBook 16
3820	Apple	MacBook Pro 15
3821	Apple	MacBook Pro 15
3822	Apple	MacBook Pro 13.3
3823	Apple	MacBook Pro 13
3824	Apple	MacBook Air 13
3825	Apple	MacBook 12
3826	Apple	iMac 27
3827	Apple	iMac 24
3828	Apple	iMac 21.5
3829	Universal	
3830	Universal	
3831	Universal	
3832	Universal	
3833	Apple	iPhone 14 Plus
3834	Apple	iPhone 14 Plus
3835	Apple	iPhone 14 Plus
3836	Apple	iPhone 14 Plus
3837	Apple	iPhone 14 Plus
3838	Apple	iPhone 14 Plus
3839	Apple	iPhone 14 Pro Max
3840	Apple	iPhone 14 Pro Max
3841	Apple	iPhone 14 Pro Max
3842	Apple	iPhone 14 Pro Max
3843	Apple	iPhone 14 Pro
3844	Apple	iPhone 14 Pro
3845	Apple	iPhone 14 Pro
3846	Apple	iPhone 14 Pro
3847	Apple	iPhone 14 Plus
3848	Apple	iPhone 14 Plus
3849	Apple	iPhone 14 Plus
3970	Samsung	Galaxy A54
3971	Samsung	Galaxy A54
3972	Samsung	Galaxy A54
3973	Samsung	Galaxy A14
3974	Samsung	Galaxy A14
3975	Samsung	Galaxy A14
3976	Samsung	Galaxy A04e
3977	Samsung	Galaxy A04e
3978	Samsung	Galaxy S22 Plus
3979	Samsung	Galaxy A72
3980	Samsung	Galaxy A13
3981	Samsung	Galaxy S21 FE
3982	Samsung	Galaxy S21 FE
3983	Samsung	Galaxy S21 FE
3984	Samsung	Galaxy S21 FE
3985	Samsung	Galaxy S22 Plus
3986	Samsung	Galaxy S21 FE
3987	Samsung	Galaxy S21 FE
3988	Samsung	Galaxy S21 FE
3989	Samsung	Galaxy S22 Plus
3990	Samsung	Galaxy S22 Plus
3991	Samsung	Galaxy S22 Plus
3992	Samsung	Galaxy S22
3993	Samsung	Galaxy A14
3994	Samsung	Galaxy A14
3995	Samsung	Galaxy Z Flip 4
3996	Universal	
3997	Universal	
3998	Universal	
3999	Universal	
4000	Universal	
4001	Universal	
4002	Universal	
4003	Universal	
4004	Universal	
4005	Universal	
4006	Universal	
4007	Universal	
4008	Universal	
4009	Universal	
3890	Samsung	Galaxy S23 Plus
3891	Samsung	Galaxy S23 Plus
3892	Samsung	Galaxy S23 Plus
3893	Samsung	Galaxy S23 Plus
3894	Samsung	Galaxy S23 Plus
3895	Samsung	Galaxy S23 Plus
3896	Samsung	Galaxy S23 Plus
3897	Samsung	Galaxy S23 Plus
3898	Samsung	Galaxy S23 Ultra
3899	Samsung	Galaxy S23 Ultra
3900	Samsung	Galaxy S23 Ultra
3901	Samsung	Galaxy S23 Ultra
3902	Samsung	Galaxy S23 Ultra
3903	Samsung	Galaxy S23 Ultra
3904	Samsung	Galaxy S23 Ultra
3905	Samsung	Galaxy S23 Ultra
3906	Samsung	Galaxy S23 Ultra
3907	Samsung	Galaxy S23 Ultra
3908	Samsung	Galaxy S23 Ultra
3909	Samsung	Galaxy S23 Ultra
3910	Samsung	Galaxy S23 Ultra
3911	Samsung	Galaxy S23 Plus
3912	Samsung	Galaxy S23
3913	Samsung	Galaxy S23 Ultra
3914	Samsung	Galaxy S23 Plus
3915	Samsung	Galaxy S23
3916	Samsung	Galaxy S23 Ultra
3917	Samsung	Galaxy S23 Ultra
3918	Samsung	Galaxy S23 Ultra
3919	Samsung	Galaxy S23 Ultra
3920	Samsung	Galaxy S23
3921	Samsung	Galaxy S23 Ultra
3922	Samsung	Galaxy A53
3923	Samsung	Galaxy A53
3924	Samsung	Galaxy A53
3925	Samsung	Galaxy A53
3926	Samsung	Galaxy S23 Ultra
3927	Samsung	Galaxy S23 Ultra
3928	Samsung	Galaxy S23 Plus
3929	Samsung	Galaxy S23
3930	Samsung	Galaxy S23
3931	Samsung	Galaxy S23
3932	Universal	
3933	Samsung	Galaxy Z Fold 4
3934	Samsung	Galaxy S22 Plus
3935	Samsung	Galaxy S23 Plus
3936	Samsung	Galaxy S22
3937	Samsung	Galaxy S23
3938	Samsung	Galaxy S23 Ultra
3939	Samsung	Galaxy Z Flip 4
3940	Universal	
3941	Universal	
3942	Universal	
3943	Universal	
3944	Universal	
3945	Universal	
3946	Universal	
3947	Apple	iPhone XR
3948	Universal	
3949	Universal	
3950	Universal	
3951	Apple	Apple Watch SE 2nd Gen
3952	Apple	Apple Watch SE 2nd Gen
3953	Apple	Apple Watch Series 8
3954	Apple	Apple Watch Series 8
3955	Samsung	Galaxy A34
3956	Samsung	Galaxy A34
3957	Samsung	Galaxy A34
3958	Samsung	Galaxy A34
3959	Samsung	Galaxy A34
3960	Samsung	Galaxy A34
3961	Samsung	Galaxy A34
3962	Samsung	Galaxy A34
3963	Samsung	Galaxy A34
3964	Samsung	Galaxy A34
3965	Samsung	Galaxy A34
3966	Samsung	Galaxy A34
3967	Samsung	Galaxy A54
3968	Samsung	Galaxy A54
3969	Samsung	Galaxy A54
4010	Universal	
4011	Universal	
4012	Universal	
4013	Universal	
4014	Universal	
4015	Universal	
4016	Universal	
4017	Universal	
4018	Universal	
4019	Universal	
4020	Universal	
4021	Universal	
4022	Universal	
4023	Universal	
4024	Universal	
4025	Universal	
4026	Universal	
4027	Universal	
4028	Universal	
4029	Universal	
4030	Universal	
4031	Universal	
4032	Universal	
4033	Universal	
4034	Universal	
4035	Universal	
4036	Universal	
4037	Universal	
4038	Universal	
4039	Universal	
4040	Universal	
4041	Universal	
4042	Universal	
4043	Universal	
4044	Universal	
4045	Universal	
4046	Universal	
4047	Universal	
4048	Universal	
4049	Universal	
4050	Universal	
4051	Universal	
4052	Universal	
4053	Universal	
4054	Universal	
4055	Universal	
4056	Universal	
4057	Universal	
4058	Google	Pixel 7 Pro
4059	Samsung	Galaxy A14 5G
4060	Samsung	Galaxy A54
4061	Samsung	Galaxy A54
4062	Universal	
4063	Apple	Apple Watch Series 8
4064	Apple	Apple Watch Series 8
4065	Apple	Apple Watch SE (2nd Gen)
4066	Apple	Apple Watch Series 7
4067	Apple	Apple Watch Series 7
4068	Apple	Apple Watch Series 6
4069	Universal	
4070	Apple	iPhone 14 Plus
4071	Apple	iPhone 14 Plus
4072	Apple	iPhone 14 Plus
4073	Apple	iPhone 14 Plus
4074	Apple	iPhone 14 Plus
4075	Apple	iPhone 14
4076	Apple	iPhone 14
4077	Apple	iPhone 14
4078	Apple	iPhone 14
4079	Apple	iPhone 14
4080	Universal	
4081	Universal	
4082	Universal	
4083	Universal	
4084	Universal	
4085	Universal	
4086	Universal	
4087	Universal	
4088	Apple	
4089	Universal	
4130	Universal	
4131	Universal	
4132	Universal	
4133	Universal	
4134	Universal	
4135	Universal	
4136	Universal	
4137	Universal	
4138	Universal	
4139	Universal	
4140	Universal	
4141	Universal	
4142	Universal	
4143	Universal	
4144	Universal	
4145	Universal	
4146	Universal	
4147	Universal	
4148	Universal	
4149	Universal	
4150	Universal	
4151	Universal	
4152	Universal	
4153	Universal	
4154	Universal	
4155	Universal	
4156	Universal	
4157	Universal	
4158	Universal	
4159	Universal	
4160	Universal	
4161	Universal	
4162	Universal	
4163	Universal	
4164	Universal	
4165	Universal	
4166	Universal	
4167	Universal	
4168	Universal	
4169	Universal	
4090	Universal	
4091	Universal	
4092	Google	Pixel 7a
4093	Google	Pixel 7 Pro
4094	Google	Pixel 7 Pro
4095	Google	Pixel 7 Pro
4096	Google	Pixel 7
4097	Google	Pixel 7
4098	Google	Pixel 6a
4099	Google	Pixel 6a
4100	Google	Pixel 6 Pro
4101	Google	Pixel 6 Pro
4102	Google	Pixel 6
4103	Google	Pixel 6
4104	Google	Pixel 6
4105	Google	Pixel 5a 5G
4106	Google	Pixel 5
4107	Google	Pixel 4a 5G
4108	Google	Pixel 4a
4109	Google	Pixel 4 XL
4110	Google	Pixel 4
4111	Google	Pixel 3a XL
4112	Google	Pixel 3a
4113	Google	Pixel 3 XL
4114	Google	Pixel 3
4115	Universal	
4116	Universal	
4117	Universal	
4118	Universal	
4119	Universal	
4120	Universal	
4121	Universal	
4122	Universal	
4123	Universal	
4124	Universal	
4125	Universal	
4126	Universal	
4127	Universal	
4128	Universal	
4129	Universal	
4210	Apple	iPhone 12 Mini
4211	Apple	iPhone 12 Mini
4212	Universal	
4213	Universal	
4214	Universal	
4215	Universal	
4216	Universal	
4217	Universal	
4218	Universal	
4219	Universal	
4220	Universal	
4221	Universal	
4222	Universal	
4223	Universal	
4224	Universal	
4225	Universal	
4226	Universal	
4227	Universal	
4228	Universal	
4229	Universal	
4230	Universal	
4231	Universal	
4232	Universal	
4233	Universal	
4234	Universal	
4235	Universal	
4236	Universal	
4237	Universal	
4238	Universal	
4239	Universal	
4240	Universal	
4241	Universal	
4242	Universal	
4243	Universal	
4244	Universal	
4245	Universal	
4246	Universal	
4247	Universal	
4248	Universal	
4249	Universal	
4250	Universal	
4251	Universal	
4252	Universal	
4253	Universal	
4254	Universal	
4255	Universal	
4256	Universal	
4257	Universal	
4258	Universal	
4259	Universal	
4260	Universal	
4261	Universal	
4262	Universal	
4263	Universal	
4264	Universal	
4265	Universal	
4266	Universal	
4267	Universal	
4268	Universal	
4269	Universal	
4270	Universal	
4271	Universal	
4272	Universal	
4273	Universal	
4274	Universal	
4275	Universal	
4276	Universal	
4277	Universal	
4278	Universal	
4279	Universal	
4280	Universal	
4281	Universal	
4282	Universal	
4283	Universal	
4284	Universal	
4285	Universal	
4286	Universal	
4287	Universal	
4288	Universal	
4289	Universal	
4290	Universal	
4291	Universal	
4292	Universal	
4293	Universal	
4294	Universal	
4295	Universal	
4296	Universal	
4297	Universal	
4298	Universal	
4299	Universal	
4300	Universal	
4301	Universal	
4302	Universal	
4303	Universal	
4304	Universal	
4305	Universal	
4306	Universal	
4307	Universal	
4308	Universal	
4309	Universal	
4310	Universal	
4311	Universal	
4312	Universal	
4313	Universal	
4314	Universal	
4315	Universal	
4316	Universal	
4317	Universal	
4318	Universal	
4319	Universal	
4320	Universal	
4321	Universal	
4322	Universal	
4323	Universal	
4324	Universal	
4325	Universal	
4326	Universal	
4327	Universal	
4328	Universal	
4329	Universal	
4170	Universal	
4171	Apple	iPad Pro 12.9 (2021)
4172	Apple	iPad Pro 11 (2022)
4173	Apple	iPad Air 4
4174	Apple	iPad Air 4
4175	Apple	iPad Mini 6
4176	Apple	iPad 10.9 (2022)
4177	Apple	iPad 10.2 (2021)
4178	Apple	iPad Air 4
4179	Apple	iPad 10.2 (2019)
4180	Apple	iPhone 13 Mini
4181	Apple	iPhone 13 Pro
4182	Apple	iPhone 14 Pro Max
4183	Apple	iPhone 13 Pro
4184	Apple	iPhone 14 Pro
4185	Apple	iPhone 7
4186	Apple	iPhone 13 Mini
4187	Apple	iPhone 13 Pro
4188	Apple	iPhone 14 Pro
4189	Apple	iPhone 12
4190	Apple	iPhone 13 Mini
4191	Apple	iPhone 7
4192	Apple	iPhone 14
4193	Apple	iPhone 14
4194	Apple	iPhone 14 Pro Max
4195	Apple	iPhone 13
4196	Apple	iPhone 14 Pro
4197	Apple	iPhone 14 Pro
4198	Universal	
4199	Universal	
4200	Universal	
4201	Universal	
4202	Universal	
4203	Universal	
4204	Universal	
4205	Universal	
4206	Universal	
4207	Apple	iPhone 12 Mini
4208	Apple	iPhone 12 Mini
4209	Apple	iPhone 12 Mini
4330	Universal	
4331	Universal	
4332	Universal	
4333	Universal	
4334	Universal	
4335	Universal	
4336	Universal	
4337	Universal	
4338	Universal	
4339	Universal	
4340	Universal	
4341	Universal	
4342	Universal	
4343	Universal	
4344	Universal	
4345	Universal	
4346	Universal	
4347	Universal	
4348	Universal	
4349	Universal	
4350	Universal	
4351	Universal	
4352	Universal	
4353	Universal	
4354	Universal	
4355	Universal	
4356	Universal	
4357	Universal	
4358	Apple	iPhone 13 Pro Max
4359	Apple	iPhone 11 Pro Max
4360	Apple	iPhone 13 Pro Max
4361	Apple	iPhone 13 Mini
4362	Apple	iPhone 13 Pro Max
4363	Apple	iPad (2019)
4364	Apple	iPhone 13 Pro Max
4365	Apple	iPhone 7
4366	Apple	iPhone 7
4367	Apple	iPhone 13 Mini
4368	Apple	iPhone 12 Mini
4369	Apple	iPhone 13 Mini
4410	Apple	iPhone 15 Plus
4411	Apple	iPhone 15
4412	Apple	iPhone 15 Pro Max
4413	Apple	iPhone 15 Pro
4414	Apple	iPhone 15 Plus
4415	Apple	iPhone 15
4416	Apple	iPhone 15 Pro Max
4417	Apple	iPhone 15 Pro
4418	Apple	iPhone 15 Plus
4419	Apple	iPhone 15
4420	Apple	iPhone 15 Pro Max
4421	Apple	iPhone 15 Pro
4422	Apple	iPhone 15 Plus
4423	Apple	iPhone 15
4424	Apple	iPhone 15 Pro Max
4425	Apple	iPhone 15 Pro Max
4426	Apple	iPhone 15 Pro Max
4427	Apple	iPhone 15 Pro
4428	Apple	iPhone 15 Pro
4429	Apple	iPhone 15 Pro
4430	Apple	iPhone 15 Plus
4431	Apple	iPhone 15 Plus
4432	Apple	iPhone 15 Plus
4433	Apple	iPhone 15
4434	Apple	iPhone 15
4435	Apple	iPhone 15
4436	Apple	iPhone 15 Pro Max
4437	Apple	iPhone 15 Pro Max
4438	Apple	iPhone 15 Pro Max
4439	Apple	iPhone 15 Pro Max
4440	Apple	iPhone 15 Pro Max
4441	Apple	iPhone 15 Pro
4442	Apple	iPhone 15 Pro
4443	Apple	iPhone 15 Pro
4444	Apple	iPhone 15 Pro
4445	Apple	iPhone 15 Pro
4446	Apple	iPhone 15 Plus
4447	Apple	iPhone 15 Plus
4448	Apple	iPhone 15 Plus
4449	Apple	iPhone 15 Plus
4370	Apple	iPhone 11 Pro Max
4371	Apple	iPhone 11 Pro Max
4372	Apple	iPad Pro 10.5
4373	Apple	iPhone 13 Pro
4374	Apple	iPhone 13
4375	Apple	iPhone 13
4376	Apple	iPhone 13
4377	Apple	iPhone 12 Mini
4378	Apple	iPhone 13 Pro
4379	Apple	iPhone 13
4380	Apple	iPhone 13 Pro
4381	Apple	iPhone 14 Plus
4382	Apple	iPhone 7
4383	Apple	iPhone 14 Plus
4384	Apple	iPhone 13 Mini
4385	Apple	iPhone 14 Pro Max
4386	Samsung	Galaxy Tab S9
4387	Samsung	Galaxy Watch 6
4388	Samsung	Galaxy Z Fold 5
4389	Apple	Beats X
4390	Samsung	Galaxy Watch 6
4391	Samsung	Galaxy Watch 6 Classic
4392	Samsung	Galaxy Tab S9
4393	Samsung	Galaxy Watch 6 Classic
4394	Xiaomi	Mi TV Box S (2nd Gen)
4395	Xiaomi	Mi TV Stick 4K
4396	Xiaomi	Smart Band 7
4397	Xiaomi	Mi TV Stick
4398	Xiaomi	Electric Precision Screwdriver
4399	Xiaomi	Mi Temperature and Humidity Monitor 2
4400	Apple	iPhone 15 Pro
4401	Apple	iPhone 15
4402	Apple	iPhone 15 Pro Max
4403	Apple	iPhone 15 Pro
4404	Apple	iPhone 15 Plus
4405	Apple	iPhone 15
4406	Apple	iPhone 15 Plus
4407	Apple	iPhone 15
4408	Apple	iPhone 15 Pro Max
4409	Apple	iPhone 15 Pro
4490	Apple	iPad Mini 6
4491	Apple	iPad Air 5
4492	Samsung	Galaxy Tab A8
4493	Apple	iPad Pro 11 (2020)
4494	Samsung	Galaxy S21
4495	Xiaomi	Redmi Note 12 Pro
4496	Apple	iPhone 12
4497	Apple	iPhone 15 Pro Max
4498	Apple	iPhone 14 Pro Max
4499	Apple	iPhone X
4500	Samsung	Galaxy A13
4501	Samsung	Galaxy A54
4502	Apple	iPhone 11 Pro Max
4503	Samsung	Galaxy S23 Ultra
4504	Samsung	Galaxy S23
4505	Apple	iPhone 12 Pro Max
4506	Apple	iPhone 12
4507	Apple	iPhone X
4508	Apple	iPhone 13 Mini
4509	Samsung	Galaxy S21 FE
4510	Samsung	Galaxy S23+
4511	Apple	iPhone 14 Pro
4512	Apple	iPhone 13 Pro Max
4513	Apple	iPhone 14 Pro Max
4514	Apple	iPhone 14 Pro Max
4515	Apple	iPhone 14 Pro
4516	Apple	iPhone 11
4517	Samsung	Galaxy S20 FE
4518	Apple	iPhone 14
4519	Samsung	Galaxy A33
4520	Apple	iPhone XR
4521	Apple	iPhone 12
4522	Google	Pixel 7
4523	Apple	iPhone 14 Pro
4524	Samsung	Galaxy A54
4525	Apple	iPhone 12 Mini
4526	Apple	iPhone 7
4527	Apple	iPhone 14
4528	Apple	iPhone 11 Pro
4529	Apple	iPhone 14 Pro
4450	Apple	iPhone 15 Plus
4451	Apple	iPhone 15
4452	Apple	iPhone 15
4453	Apple	iPhone 15
4454	Apple	iPhone 15
4455	Apple	iPhone 15
4456	Universal	
4457	Samsung	Galaxy A54
4458	Samsung	Galaxy A54
4459	Samsung	Galaxy Watch 4
4460	Apple	Apple Watch Series 4
4461	Apple	Apple Watch Series 4
4462	Garmin	Forerunner 945
4463	Samsung	Galaxy Watch
4464	Garmin	Venu 2
4465	Samsung	Galaxy Watch 5 Pro
4466	Apple	Apple Watch Series 4
4467	Apple	Apple Watch Series 7
4468	Apple	Apple Watch
4469	Apple	Apple Watch Ultra
4470	Universal	Fitbit Sense 2
4471	Apple	Apple Watch Series 4
4472	Apple	Apple Watch Ultra
4473	Samsung	Galaxy Watch 5
4474	Universal	
4475	Garmin	Forerunner 245
4476	Apple	Apple Watch Series 7
4477	Apple	Apple Watch Series 7
4478	Samsung	Galaxy Watch 5
4479	Garmin	Venu
4480	Apple	Apple Watch Ultra
4481	Apple	iPad Pro 11 (2020)
4482	Samsung	Galaxy Tab A8
4483	Samsung	Galaxy Tab S7+
4484	Universal	Surface Pro 8
4485	Samsung	Galaxy Tab S8 Ultra
4486	Apple	iPad 10.9 (2022)
4487	Apple	iPad Pro 12.9 (2020)
4488	Apple	iPad (2019)
4489	Apple	iPad Pro 12.9 (2021)
4530	Apple	iPhone 6s
4531	Samsung	Galaxy A52
4532	Apple	iPhone 12
4533	Apple	iPhone 13 mini
4534	Samsung	Galaxy S22
4535	Apple	iPhone 14 Pro
4536	Apple	iPhone XR
4537	Apple	iPhone 14
4538	Apple	iPhone 14
4539	Universal	
4540	Universal	
4541	Universal	
4542	Universal	
4543	Universal	
4544	Universal	
4545	Universal	
4546	Universal	
4547	Universal	
4548	Samsung	Galaxy SmartTag2
4549	Samsung	Galaxy SmartTag2
4550	Samsung	Galaxy S22
4551	Universal	
4552	Universal	
4553	Universal	
4554	Universal	
4555	Universal	
4556	Universal	
4557	Apple	AirPods Pro 1
4558	Google	Pixel 8
4559	Google	Pixel 7 Pro
4560	Apple	Apple Watch Ultra 1
4561	Apple	Apple Watch Series 7
4562	Apple	Apple Watch Ultra 1
4563	Universal	
4564	Universal	
4565	Universal	
4566	Universal	
4567	Universal	
4568	Xiaomi	Xiaomi Pad 5
4569	Samsung	Galaxy Tab S9
4570	Apple	iPad Pro 12.9 (2020)
4571	Apple	iPad 9.7 (2018)
4572	Samsung	Galaxy Tab S6 Lite
4573	Apple	iPad Air 4
4574	Apple	iPad 7
4575	Samsung	Galaxy Tab A8 (2021)
4576	Xiaomi	Pad 6
4577	Apple	iPad Pro 12.9 (2018)
4578	Samsung	Galaxy Tab S9 Ultra
4579	Apple	iPad Pro 12.9 (2018)
4580	Apple	AirTag
4581	Universal	
4582	Universal	
4583	Universal	
4584	Universal	
4585	Universal	
4586	Universal	
4587	Universal	
4588	Universal	
4589	Universal	
4590	Universal	
4591	Universal	
4592	Universal	
4593	Universal	
4594	Apple	iPhone 14 Plus
4595	Apple	iPhone 13 Mini
4596	Apple	iPad Mini 6
4597	Apple	iPhone 13 Pro
4598	Apple	iPhone 12 Pro
4599	Universal	
4600	Universal	
4601	Universal	
4602	Universal	
4603	Universal	
4604	Universal	
4605	Universal	
4606	Universal	
4607	Universal	
4608	Universal	
4609	Universal	
4610	Universal	
4611	Universal	
4612	Universal	
4613	Universal	
4614	Universal	
4615	Universal	
4616	Universal	
4617	Universal	
4618	Universal	
4619	Apple	iPhone 14 Pro Max
4620	Apple	iPhone SE (2022)
4621	Apple	iPhone SE (2022)
4622	Apple	MacBook Pro 13
4623	Apple	iPhone 15 Pro Max
4624	Apple	iPhone 15 Pro Max
4625	Apple	iPhone 15 Pro Max
4626	Apple	iPhone 15 Pro Max
4627	Apple	iPhone 15 Plus
4628	Apple	iPhone 15 Plus
4629	Apple	iPhone 15 Plus
4630	Apple	iPhone 15 Plus
4631	Apple	iPhone 15 Pro
4632	Apple	iPhone 15 Pro
4633	Apple	iPhone 15 Pro
4634	Apple	iPhone 15 Pro
4635	Apple	iPhone 15
4636	Apple	iPhone 15
4637	Apple	iPhone 15
4638	Apple	iPhone 15
4639	Universal	
4640	Universal	
4641	Universal	
4642	Universal	
4643	Apple	iPad Pro 11 (2022)
4644	Apple	iPad Pro 12.9 (2021)
4645	Apple	iPad Mini 5
4646	Apple	iPhone 15 Pro Max
4647	Apple	iPhone 15 Pro Max
4648	Apple	iPhone 15 Pro Max
4649	Apple	iPhone 15 Pro Max
4690	Apple	iPhone 15 Pro
4691	Apple	iPhone 15 Pro
4692	Apple	iPhone 15 Pro
4693	Apple	iPhone 15 Pro
4694	Apple	iPhone 15 Pro
4695	Apple	iPhone 15 Pro
4696	Apple	iPhone 15 Pro
4697	Apple	iPhone 15 Pro
4698	Apple	iPhone 15 Pro
4699	Apple	iPhone 15 Pro
4700	Apple	iPhone 15 Pro
4701	Apple	iPhone 15 Pro
4702	Apple	iPhone 15 Pro
4703	Apple	iPhone 15 Pro
4704	Apple	iPhone 15 Pro
4705	Apple	iPhone 15 Pro
4706	Apple	iPhone 15 Pro
4707	Apple	iPhone 15 Pro
4708	Apple	iPhone 15 Pro
4709	Apple	iPhone 15 Pro
4710	Apple	iPhone 15 Pro
4711	Apple	iPhone 15 Pro
4712	Apple	iPhone 15 Pro
4713	Apple	iPhone 15 Pro
4714	Apple	iPhone 15 Pro
4715	Apple	iPhone 15 Pro
4716	Apple	iPhone 15 Pro
4717	Apple	iPhone 15 Pro
4718	Apple	iPhone 15 Pro
4719	Apple	iPhone 15 Pro
4720	Apple	iPhone 15 Pro
4721	Apple	iPhone 15 Pro
4722	Apple	iPhone 15 Pro
4723	Apple	iPhone 15 Pro
4724	Apple	iPhone 15 Plus
4725	Apple	iPhone 15 Plus
4726	Apple	iPhone 15 Plus
4727	Apple	iPhone 15 Plus
4728	Apple	iPhone 15 Plus
4729	Apple	iPhone 15 Plus
4650	Apple	iPhone 15 Pro Max
4651	Apple	iPhone 15 Pro Max
4652	Apple	iPhone 15 Pro Max
4653	Apple	iPhone 15 Pro Max
4654	Apple	iPhone 15 Pro Max
4655	Apple	iPhone 15 Pro Max
4656	Apple	iPhone 15 Pro Max
4657	Apple	iPhone 15 Pro Max
4658	Apple	iPhone 15 Pro Max
4659	Apple	iPhone 15 Pro Max
4660	Apple	iPhone 15 Pro Max
4661	Apple	iPhone 15 Pro Max
4662	Apple	iPhone 15 Pro Max
4663	Apple	iPhone 15 Pro Max
4664	Apple	iPhone 15 Pro Max
4665	Apple	iPhone 15 Pro Max
4666	Apple	iPhone 15 Pro Max
4667	Apple	iPhone 15 Pro Max
4668	Apple	iPhone 15 Pro Max
4669	Apple	iPhone 15 Pro Max
4670	Apple	iPhone 15 Pro Max
4671	Apple	iPhone 15 Pro Max
4672	Apple	iPhone 15 Pro Max
4673	Apple	iPhone 15 Pro Max
4674	Apple	iPhone 15 Pro Max
4675	Apple	iPhone 15 Pro Max
4676	Apple	iPhone 15 Pro Max
4677	Apple	iPhone 15 Pro Max
4678	Apple	iPhone 15 Pro Max
4679	Apple	iPhone 15 Pro Max
4680	Apple	iPhone 15 Pro Max
4681	Apple	iPhone 15 Pro Max
4682	Apple	iPhone 15 Pro Max
4683	Apple	iPhone 15 Pro
4684	Apple	iPhone 15 Pro
4685	Apple	iPhone 15 Pro
4686	Apple	iPhone 15 Pro
4687	Apple	iPhone 15 Pro
4688	Apple	iPhone 15 Pro
4689	Apple	iPhone 15 Pro
4730	Apple	iPhone 15 Plus
4731	Apple	iPhone 15 Plus
4732	Apple	iPhone 15 Plus
4733	Apple	iPhone 15 Plus
4734	Apple	iPhone 15 Plus
4735	Apple	iPhone 15 Plus
4736	Apple	iPhone 15 Plus
4737	Apple	iPhone 15 Plus
4738	Apple	iPhone 15 Plus
4739	Apple	iPhone 15 Plus
4740	Apple	iPhone 15 Plus
4741	Apple	iPhone 15 Plus
4742	Apple	iPhone 15 Plus
4743	Apple	iPhone 15 Plus
4744	Apple	iPhone 15 Plus
4745	Apple	iPhone 15 Plus
4746	Apple	iPhone 15 Plus
4747	Apple	iPhone 15 Plus
4748	Apple	iPhone 15 Plus
4749	Apple	iPhone 15 Plus
4750	Apple	iPhone 15 Plus
4751	Apple	iPhone 15 Plus
4752	Apple	iPhone 15 Plus
4753	Apple	iPhone 15 Plus
4754	Apple	iPhone 15 Plus
4755	Apple	iPhone 15 Plus
4756	Apple	iPhone 15 Plus
4757	Apple	iPhone 15 Plus
4758	Apple	iPhone 15 Plus
4759	Apple	iPhone 15 Plus
4760	Apple	iPhone 15 Plus
4761	Apple	iPhone 15 Plus
4762	Apple	iPhone 15
4763	Apple	iPhone 15
4764	Apple	iPhone 15
4765	Apple	iPhone 15
4766	Apple	iPhone 15
4767	Apple	iPhone 15
4768	Apple	iPhone 15
4769	Apple	iPhone 15
4770	Apple	iPhone 15
4771	Apple	iPhone 15
4772	Apple	iPhone 15
4773	Apple	iPhone 15
4774	Apple	iPhone 15
4775	Apple	iPhone 15
4776	Apple	iPhone 15
4777	Apple	iPhone 15
4778	Apple	iPhone 15
4779	Apple	iPhone 15
4780	Apple	iPhone 15
4781	Apple	iPhone 15
4782	Apple	iPhone 15
4783	Apple	iPhone 15
4784	Apple	iPhone 15
4785	Apple	iPhone 15
4786	Apple	iPhone 15
4787	Apple	iPhone 15
4788	Apple	iPhone 15
4789	Apple	iPhone 15
4790	Apple	iPhone 15
4791	Apple	iPhone 15
4792	Apple	iPhone 15
4793	Apple	iPhone 15
4794	Apple	iPhone 15
4795	Apple	iPhone 15
4796	Apple	iPhone 15
4797	Apple	iPhone 15
4798	Apple	iPhone 15
4799	Apple	iPhone 15
4800	Apple	iPhone 15
4801	Apple	iPhone 15
4802	Apple	iPhone 15
4803	Apple	iPhone 15
4804	Apple	iPhone 15
4805	Apple	iPhone 15
4806	Apple	iPhone 15
4807	Apple	iPhone 15
4808	Apple	iPhone 15
4809	Apple	iPhone 15
4850	Apple	iPhone 15
4851	Apple	iPhone 14 Pro Max
4852	Apple	iPhone 14 Pro Max
4853	Apple	iPhone 14 Pro Max
4854	Apple	iPhone 14 Pro
4855	Apple	iPhone 14 Pro
4856	Apple	iPhone 14 Pro
4857	Apple	iPhone 14 Plus
4858	Apple	iPhone 14 Plus
4859	Apple	iPhone 14 Plus
4860	Apple	iPhone 14
4861	Apple	iPhone 14
4862	Apple	iPhone 14
4863	Apple	iPhone 13 Pro Max
4864	Apple	iPhone 13 Pro Max
4865	Apple	iPhone 13 Pro Max
4866	Apple	iPhone 13 Pro
4867	Apple	iPhone 13 Pro
4868	Apple	iPhone 13 Pro
4869	Apple	iPhone 13
4870	Apple	iPhone 13
4871	Apple	iPhone 13
4872	Apple	iPhone 15 Pro Max
4873	Apple	iPhone 15 Pro Max
4874	Apple	iPhone 15 Pro Max
4875	Apple	iPhone 15 Pro Max
4876	Apple	iPhone 15 Pro
4877	Apple	iPhone 15 Pro
4878	Apple	iPhone 15 Pro
4879	Apple	iPhone 15 Pro
4880	Apple	iPhone 15 Plus
4881	Apple	iPhone 15 Plus
4882	Apple	iPhone 15 Plus
4883	Apple	iPhone 15 Plus
4884	Apple	iPhone 15
4885	Apple	iPhone 15
4886	Apple	iPhone 15
4887	Apple	iPhone 15
4888	Apple	iPhone 14 Pro Max
4889	Apple	iPhone 14 Pro Max
4810	Apple	iPhone 15 Pro Max
4811	Apple	iPhone 15 Pro Max
4812	Apple	iPhone 15 Pro
4813	Apple	iPhone 15 Pro
4814	Apple	iPhone 15 Plus
4815	Apple	iPhone 15 Plus
4816	Apple	iPhone 15
4817	Apple	iPhone 15
4818	Apple	iPhone 14 Plus
4819	Apple	iPhone 14 Plus
4820	Apple	iPhone 14
4821	Apple	iPhone 14
4822	Apple	iPhone 13 Pro Max
4823	Apple	iPhone 13 Pro
4824	Apple	iPhone 13
4825	Samsung	Galaxy S23 Ultra
4826	Samsung	Galaxy A14 5G
4827	Samsung	Galaxy A14 4G
4828	Samsung	Galaxy A33 5G
4829	Samsung	Galaxy A33 5G
4830	Samsung	Galaxy A33 5G
4831	Samsung	Galaxy A33 5G
4832	Apple	iPhone 15
4833	Universal	
4834	Apple	iPhone 14 Plus
4835	Universal	
4836	Universal	
4837	Universal	
4838	Universal	
4839	Apple	iPhone 15 Pro Max
4840	Apple	iPhone 15 Pro Max
4841	Apple	iPhone 15 Pro Max
4842	Apple	iPhone 15 Pro
4843	Apple	iPhone 15 Pro
4844	Apple	iPhone 15 Pro
4845	Apple	iPhone 15 Plus
4846	Apple	iPhone 15 Plus
4847	Apple	iPhone 15 Plus
4848	Apple	iPhone 15
4849	Apple	iPhone 15
4890	Apple	iPhone 14 Pro Max
4891	Apple	iPhone 14 Pro Max
4892	Apple	iPhone 14 Pro
4893	Apple	iPhone 14 Pro
4894	Apple	iPhone 14 Pro
4895	Apple	iPhone 14 Pro
4896	Apple	iPhone 14 Plus
4897	Apple	iPhone 14 Plus
4898	Apple	iPhone 14 Plus
4899	Apple	iPhone 14 Plus
4900	Apple	iPhone 14
4901	Apple	iPhone 14
4902	Apple	iPhone 14
4903	Apple	iPhone 14
4904	Apple	iPhone 13 Pro Max
4905	Apple	iPhone 13 Pro Max
4906	Apple	iPhone 13 Pro Max
4907	Apple	iPhone 13 Pro
4908	Apple	iPhone 13 Pro
4909	Apple	iPhone 13 Pro
4910	Apple	iPhone 13 Pro
4911	Apple	iPhone 13 Mini
4912	Apple	iPhone 13 Mini
4913	Apple	iPhone 13 Mini
4914	Apple	iPhone 13 Mini
4915	Apple	iPhone 13
4916	Apple	iPhone 13
4917	Apple	iPhone 13
4918	Apple	iPhone 13
4919	Apple	iPhone 15 Pro Max
4920	Apple	iPhone 15 Pro Max
4921	Apple	iPhone 15 Pro Max
4922	Apple	iPhone 15 Pro Max
4923	Apple	iPhone 15 Pro
4924	Apple	iPhone 15 Pro
4925	Apple	iPhone 15 Pro
4926	Apple	iPhone 15 Pro
4927	Apple	iPhone 15 Plus
4928	Apple	iPhone 15 Plus
4929	Apple	iPhone 15 Plus
4930	Apple	iPhone 15 Plus
4931	Apple	iPhone 15
4932	Apple	iPhone 15
4933	Apple	iPhone 15
4934	Apple	iPhone 15
4935	Samsung	Galaxy S24 Ultra
4936	Samsung	Galaxy S24 Ultra
4937	Samsung	Galaxy S24 Ultra
4938	Samsung	Galaxy S24 Plus
4939	Samsung	Galaxy S24 Plus
4940	Samsung	Galaxy S24 Plus
4941	Samsung	Galaxy S24
4942	Samsung	Galaxy S24
4943	Samsung	Galaxy S24
4944	Samsung	Galaxy S23 Ultra
4945	Samsung	Galaxy S23 Ultra
4946	Samsung	Galaxy S23 Ultra
4947	Samsung	Galaxy S23 Plus
4948	Samsung	Galaxy S23 Plus
4949	Samsung	Galaxy S23 Plus
4950	Samsung	Galaxy S23
4951	Samsung	Galaxy S23
4952	Samsung	Galaxy S23
4953	Samsung	Galaxy S24 Ultra
4954	Samsung	Galaxy S24 Ultra
4955	Samsung	Galaxy S24 Plus
4956	Samsung	Galaxy S24 Plus
4957	Samsung	Galaxy S24
4958	Samsung	Galaxy S24
4959	Samsung	Galaxy S23 Ultra
4960	Samsung	Galaxy S23 Ultra
4961	Samsung	Galaxy S23 Plus
4962	Samsung	Galaxy S23 Plus
4963	Samsung	Galaxy S23
4964	Samsung	Galaxy S23
4965	Samsung	Galaxy S24 Ultra
4966	Samsung	Galaxy S24 Ultra
4967	Samsung	Galaxy S24 Ultra
4968	Samsung	Galaxy S24 Plus
4969	Samsung	Galaxy S24 Plus
4970	Samsung	Galaxy S24 Plus
4971	Samsung	Galaxy S24
4972	Samsung	Galaxy S24
4973	Samsung	Galaxy S24
4974	Samsung	Galaxy S23 Ultra
4975	Samsung	Galaxy S23 Ultra
4976	Samsung	Galaxy S23 Ultra
4977	Samsung	Galaxy S23 Plus
4978	Samsung	Galaxy S23 Plus
4979	Samsung	Galaxy S23 Plus
4980	Samsung	Galaxy S23
4981	Samsung	Galaxy S23
4982	Samsung	Galaxy S23
4983	Samsung	Galaxy S24 Ultra
4984	Samsung	Galaxy S24 Ultra
4985	Samsung	Galaxy S24 Ultra
4986	Samsung	Galaxy S24 Plus
4987	Samsung	Galaxy S24 Plus
4988	Samsung	Galaxy S24 Plus
4989	Samsung	Galaxy S24
4990	Samsung	Galaxy S24
4991	Samsung	Galaxy S24
4992	Samsung	Galaxy S23 Ultra
4993	Samsung	Galaxy S23 Ultra
4994	Samsung	Galaxy S23 Ultra
4995	Samsung	Galaxy S23 Plus
4996	Samsung	Galaxy S23 Plus
4997	Samsung	Galaxy S23 Plus
4998	Samsung	Galaxy S23
4999	Samsung	Galaxy S23
5000	Samsung	Galaxy S23
5001	Samsung	Galaxy S24 Ultra
5002	Samsung	Galaxy S24 Plus
5003	Samsung	Galaxy S24
5004	Samsung	Galaxy S23 Ultra
5005	Google	Pixel 8 Pro
5006	Google	Pixel 8 Pro
5007	Google	Pixel 8 Pro
5008	Google	Pixel 8
5009	Google	Pixel 8
5010	Google	Pixel 8
5011	Google	Pixel 7 Pro
5012	Google	Pixel 7 Pro
5013	Google	Pixel 7 Pro
5014	Google	Pixel 7a
5015	Google	Pixel 7a
5016	Google	Pixel 7a
5017	Google	Pixel 7
5018	Google	Pixel 7
5019	Google	Pixel 7
5020	Google	Pixel 6 Pro
5021	Google	Pixel 6 Pro
5022	Google	Pixel 6 Pro
5023	Google	Pixel 6a
5024	Google	Pixel 6a
5025	Google	Pixel 6a
5026	Google	Pixel 6
5027	Google	Pixel 6
5028	Google	Pixel 6
5029	Google	Pixel 8 Pro
5030	Google	Pixel 8 Pro
5031	Google	Pixel 8 Pro
5032	Google	Pixel 8
5033	Google	Pixel 8
5034	Google	Pixel 7 Pro
5035	Google	Pixel 7 Pro
5036	Google	Pixel 7 Pro
5037	Google	Pixel 7a
5038	Google	Pixel 7
5039	Google	Pixel 7
5040	Google	Pixel 7
5041	Google	Pixel 6a
5042	Google	Pixel 6a
5043	Google	Pixel 8 Pro
5044	Google	Pixel 8
5045	Google	Pixel 7 Pro
5046	Google	Pixel 7a
5047	Google	Pixel 7
5048	Google	Pixel 6 Pro
5049	Google	Pixel 6a
5050	Google	Pixel 6
5051	Samsung	Galaxy A54
5052	Samsung	Galaxy A54
5053	Samsung	Galaxy A34
5054	Samsung	Galaxy A34
5055	Samsung	Galaxy A54
5056	Samsung	Galaxy A34
5057	Apple	MacBook Pro 13
5058	Apple	iPhone 15
5059	Apple	iPhone 15 Pro
5060	Apple	iPhone 15
5061	Universal	
5062	Universal	
5063	Universal	
5064	Universal	
5065	Universal	
5066	Universal	
5067	Universal	
5068	Universal	
5069	Universal	
5070	Universal	
5071	Universal	
5072	Universal	
5073	Universal	
5074	Universal	
5075	Universal	
5076	Universal	
5077	Universal	
5078	Universal	
5079	Universal	
5080	Universal	
5081	Universal	
5082	Universal	
5083	Universal	
5084	Universal	
5085	Universal	
5086	Universal	
5087	Universal	
5088	Universal	
5089	Universal	
5090	Universal	
5091	Universal	
5092	Universal	
5093	Universal	
5094	Universal	
5095	Universal	
5096	Universal	
5097	Universal	
5098	Universal	
5099	Universal	
5100	Universal	
5101	Universal	
5102	Universal	
5103	Universal	
5104	Universal	
5105	Universal	
5106	Universal	
5107	Universal	
5108	Universal	
5109	Apple	
5110	Universal	
5111	Universal	
5112	Universal	
5113	Universal	
5114	Universal	
5115	Universal	
5116	Universal	
5117	Apple	iPhone 15 Pro Max
5118	Apple	iPhone 15 Pro
5119	Apple	iPhone 15 Pro Max
5120	Apple	iPhone 15 Pro Max
5121	Apple	iPhone 15
5122	Apple	iPhone 14 Pro Max
5123	Apple	iPhone 14 Pro
5124	Apple	iPhone 14 Plus
5125	Apple	iPhone 14
5126	Apple	iPhone 13 Pro Max
5127	Apple	iPhone 13 Pro
5128	Apple	iPhone 13 Mini
5129	Apple	iPhone 13
5170	Universal	
5171	Universal	
5172	Universal	
5173	Universal	
5174	Universal	
5175	Universal	
5176	Universal	
5177	Universal	
5178	Universal	
5179	Universal	
5180	Apple	iPhone 15 Pro Max
5181	Apple	iPhone 15 Pro Max
5182	Apple	iPhone 15 Pro Max
5183	Apple	iPhone 15 Pro Max
5184	Apple	iPhone 15 Pro Max
5185	Apple	iPhone 15 Pro
5186	Apple	iPhone 15 Pro
5187	Apple	iPhone 15 Pro
5188	Apple	iPhone 15 Pro
5189	Apple	iPhone 15 Pro
5190	Apple	iPhone 15 Plus
5191	Apple	iPhone 15 Plus
5192	Apple	iPhone 15 Plus
5193	Apple	iPhone 15 Plus
5194	Apple	iPhone 15 Plus
5195	Apple	iPhone 15
5196	Apple	iPhone 15
5197	Apple	iPhone 15
5198	Apple	iPhone 14 Pro Max
5199	Apple	iPhone 14 Pro Max
5200	Apple	iPhone 14 Pro Max
5201	Apple	iPhone 14 Pro Max
5202	Apple	iPhone 14 Pro Max
5203	Apple	iPhone 14 Pro Max
5204	Apple	iPhone 14 Pro Max
5205	Apple	iPhone 14 Pro Max
5206	Apple	iPhone 14 Pro
5207	Apple	iPhone 14 Pro
5208	Apple	iPhone 14 Pro
5209	Apple	iPhone 14 Pro
5210	Apple	iPhone 14 Pro
5211	Apple	iPhone 14 Pro
5212	Apple	iPhone 14 Pro
5213	Apple	iPhone 14 Plus
5214	Apple	iPhone 14 Plus
5215	Apple	iPhone 14 Plus
5216	Apple	iPhone 14 Plus
5217	Apple	iPhone 14 Plus
5218	Apple	iPhone 14 Plus
5219	Apple	iPhone 14 Plus
5220	Apple	iPhone 14 Plus
5221	Apple	iPhone 14 Plus
5222	Apple	iPhone 14
5223	Apple	iPhone 14
5224	Apple	iPhone 14
5225	Apple	iPhone 14
5226	Apple	iPhone 14
5227	Apple	iPhone 14
5228	Apple	iPhone 14
5229	Apple	iPhone 14
5230	Apple	iPhone 14
5231	Apple	iPhone 13 Pro Max
5232	Apple	iPhone 13 Pro Max
5233	Apple	iPhone 13 Pro
5234	Apple	iPhone 13 Pro
5235	Apple	iPhone 13 Pro
5236	Apple	iPhone 13
5237	Apple	iPhone 13
5238	Apple	iPhone 13
5239	Apple	iPhone 12 Pro Max
5240	Apple	iPhone 12 Pro Max
5241	Apple	iPhone 12 Pro Max
5242	Apple	iPhone 12 Pro Max
5243	Apple	iPhone 12 Pro Max
5244	Apple	iPhone 12 Pro Max
5245	Apple	iPhone 12
5246	Apple	iPhone 12
5247	Apple	iPhone 12
5248	Apple	iPhone 12 Mini
5249	Apple	iPhone 12 Mini
5130	Apple	iPhone 12 Pro Max
5131	Apple	iPhone 12
5132	Apple	iPhone 12 Mini
5133	Apple	iPhone 11 Pro Max
5134	Apple	iPhone 11 Pro
5135	Apple	iPhone 11
5136	Apple	iPhone 13 Pro Max
5137	Google	Pixel 7a
5138	Samsung	Galaxy Tab A9+
5139	Samsung	Galaxy Tab Active 4 Pro
5140	Apple	iPad (10th Gen)
5141	Apple	iPad (10th Gen)
5142	Apple	iPad (10th Gen)
5143	Apple	iPad (10th Gen)
5144	Apple	iPad Air 5
5145	Samsung	Galaxy Tab S7+
5146	Samsung	Galaxy Tab A7 Lite
5147	Samsung	Galaxy Tab A8
5148	Samsung	Galaxy Tab A9+
5149	Apple	iPad (10th Gen)
5150	Universal	
5151	Universal	
5152	Universal	
5153	Universal	
5154	Universal	
5155	Universal	
5156	Universal	
5157	Universal	
5158	Universal	
5159	Universal	
5160	Universal	
5161	Universal	
5162	Universal	
5163	Universal	
5164	Universal	
5165	Universal	
5166	Universal	
5167	Universal	
5168	Universal	
5169	Universal	
5330	Samsung	Galaxy S24 Plus
5331	Samsung	Galaxy S24 Plus
5332	Samsung	Galaxy S24 Plus
5333	Samsung	Galaxy S24 Plus
5334	Samsung	Galaxy S24 Plus
5335	Samsung	Galaxy S24 Plus
5336	Samsung	Galaxy S24 Plus
5337	Samsung	Galaxy S24 Plus
5338	Samsung	Galaxy S24 Plus
5339	Samsung	Galaxy S24 Plus
5340	Samsung	Galaxy S24 Plus
5341	Samsung	Galaxy S24 Plus
5342	Samsung	Galaxy S24 Plus
5343	Samsung	Galaxy S24 Plus
5344	Samsung	Galaxy S24 Plus
5345	Samsung	Galaxy S24 Plus
5346	Samsung	Galaxy S24 Plus
5347	Samsung	Galaxy S24 Plus
5348	Samsung	Galaxy S24 Plus
5349	Samsung	Galaxy S24 Plus
5350	Samsung	Galaxy S24 Plus
5351	Samsung	Galaxy S24 Plus
5352	Samsung	Galaxy S24 Plus
5353	Samsung	Galaxy S24 Plus
5354	Samsung	Galaxy S24 Plus
5355	Samsung	Galaxy S24 Plus
5356	Samsung	Galaxy S24 Plus
5357	Samsung	Galaxy S24
5358	Samsung	Galaxy S24
5359	Samsung	Galaxy S24
5360	Samsung	Galaxy S24
5361	Samsung	Galaxy S24
5362	Samsung	Galaxy S24
5363	Samsung	Galaxy S24
5364	Samsung	Galaxy S24
5365	Samsung	Galaxy S24
5366	Samsung	Galaxy S24
5367	Samsung	Galaxy S24
5368	Samsung	Galaxy S24
5369	Samsung	Galaxy S24
5250	Apple	iPhone 12 Mini
5251	Apple	iPhone 12 Mini
5252	Samsung	Galaxy S23 Ultra
5253	Universal	
5254	Universal	
5255	Universal	
5256	Universal	
5257	Universal	
5258	Universal	
5259	Universal	
5260	Universal	
5261	Universal	
5262	Universal	
5263	Universal	
5264	Universal	
5265	Universal	
5266	Universal	
5267	Universal	
5268	Universal	
5269	Universal	
5270	Universal	
5271	Universal	
5272	Universal	
5273	Universal	
5274	Universal	
5275	Universal	
5276	Universal	
5277	Universal	
5278	Universal	
5279	Universal	
5280	Universal	
5281	Universal	
5282	Universal	
5283	Apple	iPad Pro 12.9 (2017)
5284	Apple	iPad 6 (2018)
5285	Xiaomi	Redmi Pad SE
5286	Samsung	Galaxy Tab A9+
5287	Samsung	Galaxy Tab A9+
5288	Apple	Apple Watch
5289	Apple	iPhone 15 Pro Max
5290	Apple	
5291	Apple	iPhone 15
5292	Apple	iPhone 15
5293	Universal	
5294	Universal	
5295	Universal	
5296	Universal	
5297	Universal	
5298	Universal	
5299	Universal	
5300	Universal	
5301	Universal	
5302	Universal	
5303	Universal	
5304	Universal	
5305	Universal	
5306	Apple	iPhone 13 Mini
5307	Apple	iPhone 13 Pro Max
5308	Apple	iPhone 13 Pro
5309	Apple	iPhone 13
5310	Universal	
5311	Samsung	Galaxy S24 Ultra
5312	Samsung	Galaxy S24 Ultra
5313	Samsung	Galaxy S24 Ultra
5314	Samsung	Galaxy S24 Ultra
5315	Samsung	Galaxy S24 Ultra
5316	Samsung	Galaxy S24 Ultra
5317	Samsung	Galaxy S24 Ultra
5318	Samsung	Galaxy S24 Ultra
5319	Samsung	Galaxy S24 Ultra
5320	Samsung	Galaxy S24 Ultra
5321	Samsung	Galaxy S24 Ultra
5322	Samsung	Galaxy S24 Ultra
5323	Samsung	Galaxy S24 Ultra
5324	Samsung	Galaxy S24 Ultra
5325	Samsung	Galaxy S24 Ultra
5326	Samsung	Galaxy S24 Ultra
5327	Samsung	Galaxy S24 Ultra
5328	Samsung	Galaxy S24 Ultra
5329	Samsung	Galaxy S24 Ultra
5370	Samsung	Galaxy S24
5371	Samsung	Galaxy S24
5372	Samsung	Galaxy S24
5373	Samsung	Galaxy S24
5374	Samsung	Galaxy S24
5375	Samsung	Galaxy S24
5376	Samsung	Galaxy S24
5377	Samsung	Galaxy S24
5378	Samsung	Galaxy S24
5379	Samsung	Galaxy S24
5380	Samsung	Galaxy S24
5381	Samsung	Galaxy S24
5382	Samsung	Galaxy S24
5383	Samsung	Galaxy S23 Ultra
5384	Samsung	Galaxy S23 Ultra
5385	Samsung	Galaxy S23 Ultra
5386	Samsung	Galaxy S23 Ultra
5387	Samsung	Galaxy S23 Ultra
5388	Samsung	Galaxy S23 Ultra
5389	Samsung	Galaxy S23 Plus
5390	Samsung	Galaxy S23 Plus
5391	Samsung	Galaxy S23 Plus
5392	Samsung	Galaxy S23 Plus
5393	Samsung	Galaxy S23 FE
5394	Samsung	Galaxy S23 FE
5395	Samsung	Galaxy S23 FE
5396	Samsung	Galaxy S23 FE
5397	Samsung	Galaxy S23 FE
5398	Samsung	Galaxy S23 FE
5399	Samsung	Galaxy S23 FE
5400	Samsung	Galaxy S23 FE
5401	Samsung	Galaxy S23 FE
5402	Samsung	Galaxy S23 FE
5403	Samsung	Galaxy S23 FE
5404	Samsung	Galaxy S23 FE
5405	Samsung	Galaxy S23 FE
5406	Samsung	Galaxy S23 FE
5407	Samsung	Galaxy S23 FE
5408	Samsung	Galaxy S23 FE
5409	Samsung	Galaxy S23 FE
5410	Samsung	Galaxy S23
5411	Samsung	Galaxy S23
5412	Samsung	Galaxy S23
5413	Samsung	Galaxy S23
5414	Samsung	Galaxy S23
5415	Samsung	Galaxy S23
5416	Samsung	Galaxy S23
5417	Samsung	Galaxy S22 Ultra
5418	Samsung	Galaxy S22 Ultra
5419	Samsung	Galaxy S22 Ultra
5420	Samsung	Galaxy S22 Ultra
5421	Samsung	Galaxy S22 Ultra
5422	Samsung	Galaxy S22 Plus
5423	Samsung	Galaxy S22 Plus
5424	Samsung	Galaxy S22 Plus
5425	Samsung	Galaxy S22 Plus
5426	Samsung	Galaxy S22 Plus
5427	Samsung	Galaxy S22
5428	Samsung	Galaxy S22
5429	Samsung	Galaxy S22
5430	Samsung	Galaxy S22
5431	Samsung	Galaxy S22
5432	Samsung	Galaxy S22
5433	Samsung	Galaxy S21 Ultra
5434	Samsung	Galaxy S21 Ultra
5435	Samsung	Galaxy S21 Ultra
5436	Samsung	Galaxy S21 Ultra
5437	Samsung	Galaxy S21 Plus
5438	Samsung	Galaxy S21 Plus
5439	Samsung	Galaxy S21 Plus
5440	Samsung	Galaxy S21 Plus
5441	Samsung	Galaxy S21 Plus
5442	Samsung	Galaxy S21 FE
5443	Samsung	Galaxy S21 FE
5444	Samsung	Galaxy S21 FE
5445	Samsung	Galaxy S21 FE
5446	Samsung	Galaxy S21 FE
5447	Samsung	Galaxy S21 FE
5448	Samsung	Galaxy S21
5449	Samsung	Galaxy S21
5450	Samsung	Galaxy S21
5451	Samsung	Galaxy S21
5452	Samsung	Galaxy S21
5453	Samsung	Galaxy S21
5454	Samsung	Galaxy S20 Ultra
5455	Samsung	Galaxy S20 Ultra
5456	Samsung	Galaxy S20 Ultra
5457	Samsung	Galaxy S20 Ultra
5458	Samsung	Galaxy S20 Plus
5459	Samsung	Galaxy S20 Plus
5460	Samsung	Galaxy S20 Plus
5461	Samsung	Galaxy S20 FE
5462	Samsung	Galaxy A30
5463	Samsung	Galaxy S20 FE
5464	Samsung	Galaxy S20
5465	Samsung	Galaxy S20
5466	Samsung	Galaxy S20
5467	Samsung	Galaxy S20
5468	Samsung	Galaxy S10 Lite
5469	Samsung	Galaxy S10 Lite
5470	Samsung	Galaxy S10 Lite
5471	Samsung	Galaxy S10 Lite
5472	Samsung	Galaxy S10 Lite
5473	Samsung	Galaxy S10 Lite
5474	Samsung	Galaxy S10 Lite
5475	Samsung	Galaxy S10
5476	Samsung	Galaxy S10
5477	Samsung	Galaxy S10
5478	Samsung	Galaxy S9 Plus
5479	Samsung	Galaxy S9
5480	Samsung	Galaxy S8 Plus
5481	Samsung	Galaxy S8
5482	Samsung	Galaxy Note 20 Ultra
5483	Samsung	Galaxy Note 20 Ultra
5484	Samsung	Galaxy Note 20
5485	Samsung	Galaxy Note 10 Plus
5486	Samsung	Galaxy Note 10 Plus
5487	Samsung	Galaxy Note 10 Lite
5488	Samsung	Galaxy Note 10 Lite
5489	Samsung	Galaxy Note 10
5490	Samsung	Galaxy S8
5491	Samsung	Galaxy M54
5492	Samsung	Galaxy M52 5G
5493	Samsung	Galaxy M51
5494	Samsung	Galaxy M33
5495	Samsung	Galaxy M31
5496	Samsung	Galaxy M31
5497	Samsung	Galaxy M13
5498	Samsung	Galaxy M12
5499	Samsung	Galaxy M12
5500	Samsung	Galaxy M12
5501	Samsung	Galaxy Z Fold 5
5502	Samsung	Galaxy Z Fold 5
5503	Samsung	Galaxy Z Fold 5
5504	Samsung	Galaxy Z Fold 5
5505	Samsung	Galaxy Z Fold 5
5506	Samsung	Galaxy Z Fold 5
5507	Samsung	Galaxy Z Fold 5
5508	Samsung	Galaxy Z Fold 5
5509	Samsung	Galaxy Z Fold 5
5510	Samsung	Galaxy Z Fold 5
5511	Samsung	Galaxy Z Fold 5
5512	Samsung	Galaxy Z Fold 5
5513	Samsung	Galaxy Z Fold 4
5514	Samsung	Galaxy Z Fold 4
5515	Samsung	Galaxy Z Fold 4
5516	Samsung	Galaxy Z Fold 4
5517	Samsung	Galaxy Z Fold 4
5518	Samsung	Galaxy Z Fold 4
5519	Samsung	Galaxy Z Fold 4
5520	Samsung	Galaxy Z Fold 4
5521	Samsung	Galaxy Z Fold 4
5522	Samsung	Galaxy Z Fold 4
5523	Samsung	Galaxy Z Fold 3
5524	Samsung	Galaxy Z Fold 3
5525	Samsung	Galaxy Z Fold 3
5526	Samsung	Galaxy Z Fold 3
5527	Samsung	Galaxy Z Fold 3
5528	Samsung	Galaxy Z Fold 3
5529	Samsung	Galaxy Z Fold 3
5530	Samsung	Galaxy Z Fold 3
5531	Samsung	Galaxy Z Fold 3
5532	Samsung	Galaxy Z Fold 2
5533	Samsung	Galaxy Z Fold 2
5534	Samsung	Galaxy Z Fold 2
5535	Samsung	Galaxy Z Fold 2
5536	Samsung	Galaxy Z Fold 2
5537	Samsung	Galaxy Z Flip 5
5538	Samsung	Galaxy Z Flip 5
5539	Samsung	Galaxy Z Flip 5
5540	Samsung	Galaxy Z Flip 5
5541	Samsung	Galaxy Z Flip 5
5542	Samsung	Galaxy Z Flip 5
5543	Samsung	Galaxy Z Flip 5
5544	Samsung	Galaxy Z Flip 5
5545	Samsung	Galaxy Z Flip 5
5546	Samsung	Galaxy Z Flip 5
5547	Samsung	Galaxy Z Flip 5
5548	Samsung	Galaxy Z Flip 5
5549	Samsung	Galaxy Z Flip 5
5550	Samsung	Galaxy Z Flip 5
5551	Samsung	Galaxy Z Flip 5
5552	Samsung	Galaxy Z Flip 5
5553	Samsung	Galaxy Z Flip 3
5554	Samsung	Galaxy Z Flip 4
5555	Samsung	Galaxy Z Flip 4
5556	Samsung	Galaxy Z Flip 4
5557	Samsung	Galaxy Z Flip 4
5558	Samsung	Galaxy Z Flip 4
5559	Samsung	Galaxy Z Flip 4
5560	Samsung	Galaxy Z Flip 4
5561	Samsung	Galaxy Z Flip 4
5562	Samsung	Galaxy Z Flip 4
5563	Samsung	Galaxy Z Flip 4
5564	Samsung	Galaxy Z Flip 4
5565	Samsung	Galaxy Z Flip 4
5566	Samsung	Galaxy Z Flip 4
5567	Samsung	Galaxy Z Flip 3
5568	Samsung	Galaxy Z Flip 3
5569	Samsung	Galaxy Z Flip 3
5570	Samsung	Galaxy Z Flip 3
5571	Samsung	Galaxy Z Flip 3
5572	Samsung	Galaxy Z Flip 3
5573	Samsung	Galaxy Z Flip 3
5574	Samsung	Galaxy Z Flip 3
5575	Samsung	Galaxy Z Flip 3
5576	Samsung	Galaxy Z Flip 3
5577	Samsung	Galaxy Z Flip 3
5578	Samsung	Galaxy A04s
5579	Samsung	Galaxy A04s
5580	Samsung	Galaxy A04s
5581	Samsung	Galaxy A04s
5582	Samsung	Galaxy A03 Core
5583	Samsung	Galaxy A03 Core
5584	Samsung	Galaxy A03 Core
5585	Samsung	Galaxy A03 Core
5586	Samsung	Galaxy A03
5587	Samsung	Galaxy A03
5588	Samsung	Galaxy A02s
5589	Samsung	Galaxy A02s
5590	Samsung	Galaxy A02s
5591	Samsung	Galaxy A02s
5592	Samsung	Galaxy A02s
5593	Samsung	Galaxy A02
5594	Samsung	Galaxy A02
5595	Samsung	Galaxy A02
5596	Samsung	Galaxy A01
5597	Samsung	Galaxy A01
5598	Samsung	Galaxy A01
5599	Samsung	Galaxy A01 Core
5600	Samsung	Galaxy A01 Core
5601	Samsung	Galaxy A01 Core
5602	Samsung	Galaxy A01 Core
5603	Samsung	Galaxy A90
5604	Samsung	Galaxy A73 5G
5605	Samsung	Galaxy A73 5G
5606	Samsung	Galaxy A73 5G
5607	Samsung	Galaxy A73 5G
5608	Samsung	Galaxy A73 5G
5609	Samsung	Galaxy A72
5650	Samsung	Galaxy A50
5651	Samsung	Galaxy A42 5G
5652	Samsung	Galaxy A42 5G
5653	Samsung	Galaxy A42 5G
5654	Samsung	Galaxy A41
5655	Samsung	Galaxy A41
5656	Samsung	Galaxy A40
5657	Samsung	Galaxy A40
5658	Samsung	Galaxy A35
5659	Samsung	Galaxy A35
5660	Samsung	Galaxy A54
5661	Samsung	Galaxy A34
5662	Samsung	Galaxy A33 5G
5663	Samsung	Galaxy A33 5G
5664	Samsung	Galaxy A33 5G
5665	Samsung	Galaxy A33 5G
5666	Samsung	Galaxy A32 5G
5667	Samsung	Galaxy A32 5G
5668	Samsung	Galaxy A32 5G
5669	Samsung	Galaxy A32
5670	Samsung	Galaxy A32
5671	Samsung	Galaxy A32
5672	Samsung	Galaxy A32
5673	Samsung	Galaxy A31
5674	Samsung	Galaxy A31
5675	Samsung	Galaxy A30s
5676	Samsung	Galaxy A30
5677	Samsung	Galaxy A23 5G
5678	Samsung	Galaxy A23 5G
5679	Samsung	Galaxy A23 5G
5680	Samsung	Galaxy A23 5G
5681	Samsung	Galaxy A23 5G
5682	Samsung	Galaxy A23 5G
5683	Samsung	Galaxy A23
5684	Samsung	Galaxy A23
5685	Samsung	Galaxy A23
5686	Samsung	Galaxy A22 5G
5687	Samsung	Galaxy A22 5G
5688	Samsung	Galaxy A22 5G
5689	Samsung	Galaxy A22 5G
5690	Samsung	Galaxy A22 5G
5691	Samsung	Galaxy A22 5G
5692	Samsung	Galaxy A22 5G
5693	Samsung	Galaxy A22 5G
5694	Samsung	Galaxy A22 5G
5695	Samsung	Galaxy A22 5G
5696	Samsung	Galaxy A32
5697	Samsung	Galaxy A22 4G
5698	Samsung	Galaxy A22 4G
5699	Samsung	Galaxy A22 4G
5700	Samsung	Galaxy A22 4G
5701	Samsung	Galaxy A22 4G
5702	Samsung	Galaxy A22 4G
5703	Samsung	Galaxy A22 4G
5704	Samsung	Galaxy A21s
5705	Samsung	Galaxy A20s
5706	Samsung	Galaxy A20s
5707	Samsung	Galaxy A20
5708	Samsung	Galaxy A20
5709	Samsung	Galaxy A20
5710	Samsung	Galaxy A15
5711	Samsung	Galaxy A15
5712	Samsung	Galaxy A15
5713	Samsung	Galaxy A15
5714	Samsung	Galaxy A14 5G
5715	Samsung	Galaxy A14 5G
5716	Samsung	Galaxy A14 5G
5717	Samsung	Galaxy A14 5G
5718	Samsung	Galaxy A14 4G
5719	Samsung	Galaxy A14 4G
5720	Samsung	Galaxy A14 4G
5721	Samsung	Galaxy A14 4G
5722	Samsung	Galaxy A14 4G
5723	Samsung	Galaxy A13 5G
5724	Samsung	Galaxy A13 5G
5725	Samsung	Galaxy A13 5G
5726	Samsung	Galaxy A13
5727	Samsung	Galaxy A13 5G
5728	Samsung	Galaxy A13 4G
5729	Samsung	Galaxy A13 4G
5610	Samsung	Galaxy A72
5611	Samsung	Galaxy A72
5612	Samsung	Galaxy A72
5613	Samsung	Galaxy A72
5614	Samsung	Galaxy A72
5615	Samsung	Galaxy A72
5616	Samsung	Galaxy A72
5617	Samsung	Galaxy A71 5G
5618	Samsung	Galaxy A71 5G
5619	Samsung	Galaxy A71 5G
5620	Samsung	Galaxy A71 5G
5621	Samsung	Galaxy A71 5G
5622	Samsung	Galaxy A71 5G
5623	Samsung	Galaxy S10 Lite
5624	Samsung	Galaxy A71 5G
5625	Samsung	Galaxy S10 Lite
5626	Samsung	Galaxy A71
5627	Samsung	Galaxy A71
5628	Samsung	Galaxy A71
5629	Samsung	Galaxy A70
5630	Samsung	Galaxy A70
5631	Samsung	Galaxy A54 5G
5632	Samsung	Galaxy A54 5G
5633	Samsung	Galaxy A54 5G
5634	Samsung	Galaxy A54 5G
5635	Samsung	Galaxy A54 5G
5636	Samsung	Galaxy A54 5G
5637	Samsung	Galaxy A53 5G
5638	Samsung	Galaxy A53 5G
5639	Samsung	Galaxy A53 5G
5640	Samsung	Galaxy A53 5G
5641	Samsung	Galaxy A53 5G
5642	Samsung	Galaxy A52s
5643	Samsung	Galaxy A54 5G
5644	Samsung	Galaxy A52 5G
5645	Samsung	Galaxy A52
5646	Samsung	Galaxy A51 5G
5647	Samsung	Galaxy A51
5648	Samsung	Galaxy A51
5649	Samsung	Galaxy A51
5730	Samsung	Galaxy A13
5731	Samsung	Galaxy A13
5732	Samsung	Galaxy S23 Ultra
5733	Samsung	Galaxy S23 Ultra
5734	Samsung	Galaxy S23 Ultra
5735	Samsung	Galaxy S23 Ultra
5736	Samsung	Galaxy A35
5737	Samsung	Galaxy A35
5738	Samsung	Galaxy A35
5739	Samsung	Galaxy Z Fold 5
5740	Samsung	Galaxy Z Fold 5
5741	Samsung	Galaxy Z Fold 5
5742	Samsung	Galaxy Z Fold 5
5743	Samsung	Galaxy Z Fold 5
5744	Samsung	Galaxy A35
5745	Samsung	Galaxy A15
5746	Samsung	Galaxy A25
5747	Samsung	Galaxy A25
5748	Samsung	Galaxy A25
5749	Samsung	Galaxy A25
5750	Samsung	Galaxy A25
5751	Samsung	Galaxy A25
5752	Samsung	Galaxy A25
5753	Samsung	Galaxy A24
5754	Samsung	Galaxy A24
5755	Samsung	Galaxy A24
5756	Samsung	Galaxy A24
5757	Samsung	Galaxy A24
5758	Samsung	Galaxy A24
5759	Samsung	Galaxy A24
5760	Samsung	Galaxy A05s
5761	Samsung	Galaxy A05s
5762	Samsung	Galaxy A05s
5763	Samsung	Galaxy A05s
5764	Samsung	Galaxy A05s
5765	Samsung	Galaxy A05s
5766	Samsung	Galaxy A05s
5767	Samsung	Galaxy A05s
5768	Samsung	Galaxy A05s
5769	Samsung	Galaxy A05s
5770	Samsung	Galaxy A05s
5771	Samsung	Galaxy A05s
5772	Samsung	Galaxy A05s
5773	Samsung	Galaxy A05s
5774	Samsung	Galaxy A05s
5775	Samsung	Galaxy A05
5776	Samsung	Galaxy A05
5777	Samsung	Galaxy A05
5778	Samsung	Galaxy A05
5779	Samsung	Galaxy A05
5780	Samsung	Galaxy A05
5781	Samsung	Galaxy A05
5782	Samsung	Galaxy A05
5783	Samsung	Galaxy A05
5784	Samsung	Galaxy A05
5785	Samsung	Galaxy A05
5786	Samsung	Galaxy A05
5787	Samsung	Galaxy A05
5788	Samsung	Galaxy S23 FE
5789	Samsung	Galaxy S23 FE
5790	Samsung	Galaxy A13
5791	Samsung	Galaxy A13
5792	Samsung	Galaxy A13
5793	Samsung	Galaxy A15
5794	Samsung	Galaxy A15
5795	Samsung	Galaxy A15
5796	Samsung	Galaxy A20
5797	Samsung	Galaxy A20
5798	Samsung	Galaxy A22
5799	Samsung	Galaxy A22
5800	Samsung	Galaxy A23
5801	Samsung	Galaxy A23
5802	Samsung	Galaxy A23
5803	Samsung	Galaxy A23
5804	Samsung	Galaxy A23
5805	Samsung	Galaxy A23
5806	Samsung	Galaxy A23
5807	Samsung	Galaxy A23
5808	Samsung	Galaxy A23
5809	Samsung	Galaxy A30
5810	Samsung	Galaxy A30
5811	Samsung	Galaxy A34 5G
5812	Samsung	Galaxy A35 5G
5813	Samsung	Galaxy A35 5G
5814	Samsung	Galaxy A35 5G
5815	Samsung	Galaxy A35 5G
5816	Samsung	Galaxy A35 5G
5817	Samsung	Galaxy A35 5G
5818	Samsung	Galaxy A35 5G
5819	Samsung	Galaxy A35 5G
5820	Samsung	Galaxy A35 5G
5821	Samsung	Galaxy A41
5822	Samsung	Galaxy A54 5G
5823	Samsung	Galaxy A54 5G
5824	Samsung	Galaxy A54 5G
5825	Samsung	Galaxy A71 5G
5826	Samsung	Galaxy A71 5G
5827	Samsung	Galaxy A72 4G
5828	Samsung	Galaxy A73 5G
5829	Samsung	Galaxy A73 5G
5830	Samsung	Galaxy A73 5G
5831	Samsung	Galaxy A73 5G
5832	Samsung	Galaxy A73 5G
5833	Samsung	Galaxy A80
5834	Samsung	Galaxy A80
5835	Samsung	Galaxy A01
5836	Samsung	Galaxy A01
5837	Samsung	Galaxy A01
5838	Samsung	Galaxy A02s
5839	Samsung	Galaxy A03 Core
5840	Samsung	Galaxy A03
5841	Samsung	Galaxy A03
5842	Samsung	Galaxy A03
5843	Samsung	Galaxy A03
5844	Samsung	Galaxy A03
5845	Samsung	Galaxy A04s
5846	Samsung	Galaxy A04e
5847	Samsung	Galaxy S24 Ultra
5848	Samsung	Galaxy S24 Plus
5849	Samsung	Galaxy S24
5850	Samsung	Galaxy Z Flip 4
5851	Samsung	Galaxy Z Flip 3
5852	Samsung	Galaxy Z Fold 4
5853	Samsung	Galaxy Z Fold 4
5854	Samsung	Galaxy Z Fold 3
5855	Samsung	Galaxy Z Fold 3
5856	Samsung	Galaxy Z Fold 3
5857	Samsung	Galaxy Z Fold 2
5858	Samsung	Galaxy Z Fold 2
5859	Samsung	Galaxy Z Fold 2
5860	Samsung	Galaxy Z Fold 2
5861	Samsung	Galaxy Z Fold 2
5862	Apple	iPad 10 (2022)
5863	Apple	iPad 10 (2022)
5864	Apple	iPad 10 (2022)
5865	Apple	iPad 10 (2022)
5866	Apple	iPad 10 (2022)
5867	Apple	iPad 10 (2022)
5868	Apple	iPad 10 (2022)
5869	Apple	iPad 10 (2022)
5870	Apple	iPad 10 (2022)
5871	Apple	iPad 10 (2022)
5872	Apple	iPad Air 4
5873	Apple	iPad Air 4
5874	Apple	iPad 10 (2022)
5875	Apple	iPad 9 (2021)
5876	Samsung	Galaxy Z Flip 5
5877	Samsung	Galaxy Z Flip 5
5878	Samsung	Galaxy Z Flip 4
5879	Samsung	Galaxy Z Flip 4
5880	Google	Pixel Fold
5881	Google	Pixel 8a
5882	Google	Pixel 8 Pro
5883	Apple	iPad 10.2
5884	Apple	iPad Air 4
5885	Apple	iPad Mini 6
5886	Apple	iPhone 7
5887	Apple	iPhone SE (2020)
5888	Apple	iPhone 13
5889	Apple	iPad Pro 11 (2022)
5890	Apple	iPad 10
5891	Apple	iPad 7
5892	Apple	iPad 10
5893	Apple	AirPods Pro 2
5894	Apple	AirPods Pro 2
5895	Apple	AirPods Pro 2
5896	Apple	iPhone 14 Pro Max
5897	Apple	iPhone 15 Pro Max
5898	Apple	iPhone 14 Pro
5899	Apple	iPhone 15 Pro Max
5900	Apple	iPhone 15 Pro
5901	Apple	iPhone 13
5902	Apple	iPhone 13
5903	Apple	iPhone 15
5904	Universal	
5905	Universal	
5906	Universal	
5907	Universal	
5908	Universal	
5909	Universal	
5910	Universal	
5911	Universal	
5912	Universal	
5913	Universal	
5914	Universal	
5915	Universal	
5916	Universal	
5917	Universal	
5918	Universal	
5919	Universal	
5920	Universal	
5921	Universal	
5922	Universal	
5923	Apple	
5924	Universal	
5925	Universal	
5926	Universal	
5927	Universal	
5928	Apple	
5929	Apple	
5930	Universal	
5931	Universal	
5932	Universal	
5933	Universal	
5934	Universal	
5935	Universal	
5936	Universal	
5937	Universal	
5938	Universal	
5939	Universal	
5940	Universal	
5941	Universal	
5942	Universal	
5943	Universal	
5944	Universal	
5945	Universal	
5946	Universal	
5947	Samsung	Galaxy Tab S7
5948	Apple	iPad Pro 10.5 (2017)
5949	Universal	
5950	Samsung	Galaxy Tab S8+
5951	Samsung	Galaxy Tab S9 FE+
5952	Samsung	Galaxy Tab A9
5953	Apple	iPad Pro 12.9 (2024)
5954	Samsung	Galaxy Tab S9 FE
5955	Xiaomi	Redmi Pad SE
5956	Apple	iPad Air 13
5957	Samsung	Galaxy A35
5958	Samsung	Galaxy A35
5959	Google	Pixel 8 Pro
5960	Universal	
5961	Apple	AirPods Pro
5962	Apple	AirPods Pro 2
5963	Apple	Apple Watch
5964	Apple	Apple Watch
5965	Apple	Apple Watch
5966	Apple	Apple Watch
5967	Apple	Apple Watch
5968	Apple	Apple Watch
5969	Universal	
5970	Universal	
5971	Universal	
5972	Universal	
5973	Universal	
5974	Universal	
5975	Universal	
5976	Universal	
5977	Universal	
5978	Universal	
5979	Universal	
5980	Universal	
5981	Universal	
5982	Universal	
5983	Universal	
5984	Universal	
5985	Universal	
5986	Universal	
5987	Universal	
5988	Universal	
5989	Universal	
5990	Universal	
5991	Universal	
5992	Universal	
5993	Universal	
5994	Universal	
5995	Universal	
5996	Universal	
5997	Universal	
5998	Universal	
5999	Universal	
6000	Universal	
6001	Universal	
6002	Universal	
6003	Universal	
6004	Universal	
6005	Sony	
6006	Universal	
6007	Universal	
6008	Universal	
6009	Universal	
6010	Universal	
6011	Universal	
6012	Universal	
6013	Universal	
6014	Universal	
6015	Sony	
6016	Universal	
6017	Universal	
6018	Universal	
6019	Universal	
6020	Universal	
6021	Sony	
6022	Universal	
6023	Universal	
6024	Universal	
6025	Sony	
6026	Universal	
6027	Universal	
6028	Universal	
6029	Universal	
6030	Universal	
6031	Universal	
6032	Universal	
6033	Universal	
6034	Universal	
6035	Universal	
6036	Universal	
6037	Universal	
6038	Universal	
6039	Apple	Apple Watch Series 9
6040	Apple	iPhone 15 Pro Max
6041	Garmin	Garmin Fenix 6 Pro
6042	Apple	Apple Watch SE
6043	Garmin	Garmin Forerunner 965
6044	Apple	iPhone 15 Pro
6045	Apple	iPhone 15 Pro
6046	Apple	iPhone 15 Pro
6047	Apple	Apple Watch Series 9
6048	Apple	iPhone 15
6049	Samsung	Galaxy Tab A9+
6090	Apple	iPhone 16 Plus
6091	Apple	iPhone 16
6092	Apple	iPhone 16 Pro Max
6093	Apple	iPhone 16 Pro
6094	Apple	iPhone 16 Plus
6095	Apple	iPhone 16
6096	Apple	iPhone 16 Pro Max
6097	Apple	iPhone 16 Pro
6098	Apple	iPhone 16 Plus
6099	Apple	iPhone 16
6100	Apple	iPhone 16 Pro Max
6101	Apple	iPhone 16 Pro
6102	Apple	iPhone 16 Plus
6103	Apple	iPhone 16
6104	Apple	iPhone 15 Pro Max
6105	Apple	iPhone 15 Pro
6106	Apple	iPhone 15 Plus
6107	Apple	iPhone 15
6108	Apple	iPhone 14 Pro Max
6109	Apple	iPhone 14 Pro
6110	Apple	iPhone 14 Plus
6111	Apple	iPhone 14
6112	Apple	iPhone 13 Mini
6113	Apple	iPhone 13 Pro Max
6114	Apple	iPhone 13 Pro
6115	Apple	iPhone 13
6116	Apple	iPhone 12 Mini
6117	Apple	iPhone 12 Pro Max
6118	Apple	iPhone 12
6119	Universal	
6120	Samsung	Galaxy S24
6121	Apple	iPhone 15 Plus
6122	Apple	Apple Watch Ultra 2
6123	Universal	
6124	Apple	iPhone 16 Pro Max
6125	Apple	iPhone 16 Pro
6126	Apple	iPhone 16 Plus
6127	Apple	iPhone 16
6128	Apple	iPhone 15 Pro Max
6129	Apple	iPhone 15 Pro
6130	Apple	iPhone 15 Plus
6131	Apple	iPhone 15
6132	Apple	iPhone 14 Pro Max
6133	Apple	iPhone 14 Pro
6134	Apple	iPhone 14 Plus
6135	Apple	iPhone 14
6136	Apple	iPhone 13 Pro Max
6137	Apple	iPhone 13 Pro
6138	Apple	iPhone 13
6139	Apple	iPhone 16 Pro Max
6140	Apple	iPhone 16 Pro Max
6141	Apple	iPhone 16 Pro Max
6142	Apple	iPhone 16 Pro Max
6143	Apple	iPhone 16 Pro Max
6144	Apple	iPhone 16 Pro
6145	Apple	iPhone 16 Pro
6146	Apple	iPhone 16 Pro
6147	Apple	iPhone 16 Pro
6148	Apple	iPhone 16 Pro
6149	Apple	iPhone 16 Plus
6150	Apple	iPhone 16 Plus
6151	Apple	iPhone 16 Plus
6152	Apple	iPhone 16 Plus
6153	Apple	iPhone 16 Plus
6154	Apple	iPhone 16
6155	Apple	iPhone 16
6156	Apple	iPhone 16
6157	Apple	iPhone 16
6158	Apple	iPhone 16
6159	Apple	iPhone 16 Pro Max
6160	Apple	iPhone 16 Pro
6161	Apple	iPhone 16 Plus
6162	Apple	iPhone 16
6163	Apple	iPhone 16 Pro Max
6164	Apple	iPhone 16 Pro
6165	Apple	iPhone 16 Plus
6166	Apple	iPhone 16
6167	Apple	iPhone 16 Pro Max
6168	Apple	iPhone 16 Pro
6169	Apple	iPhone 16 Plus
6050	Universal	
6051	Universal	
6052	Universal	
6053	Universal	
6054	Universal	
6055	Universal	
6056	Universal	
6057	Universal	
6058	Universal	
6059	Apple	iPad Mini 6
6060	Apple	iPad 11 (2024)
6061	Apple	iPad Air 13 (2024)
6062	Apple	iPad Air 11 (2024)
6063	Apple	iPad Pro 13 (2024)
6064	Apple	iPad 10
6065	Apple	iPad Mini 4
6066	Apple	iPad 10.2 (2019)
6067	Apple	iPad 10
6068	Apple	iPad Pro 12.9 (2018)
6069	Apple	iPad Pro 11 (2018)
6070	Apple	iPad Mini 6
6071	Apple	iPad 11 (2024)
6072	Apple	iPad Air 13 (2024)
6073	Apple	iPad Air 11 (2024)
6074	Apple	iPad Pro 13 (2024)
6075	Apple	iPad 10
6076	Apple	iPad Mini 4
6077	Apple	iPad 10.2 (2019)
6078	Apple	iPad 10
6079	Apple	iPad Pro 12.9 (2018)
6080	Apple	iPad Pro 11 (2018)
6081	Universal	
6082	Apple	iPad Pro 12.9 (2020)
6083	Apple	iPhone 13 Pro Max
6084	Apple	iPhone 15 Plus
6085	Apple	iPhone 15 Pro Max
6086	Apple	iPad Air 3
6087	Apple	iPad Air 3
6088	Apple	iPhone 16 Pro Max
6089	Apple	iPhone 16 Pro
6170	Apple	iPhone 16
6171	Apple	iPhone 16 Pro Max
6172	Apple	iPhone 16 Pro Max
6173	Apple	iPhone 16 Pro Max
6174	Apple	iPhone 16 Pro Max
6175	Apple	iPhone 16 Pro Max
6176	Apple	iPhone 16 Pro Max
6177	Apple	iPhone 16 Pro
6178	Apple	iPhone 16 Pro
6179	Apple	iPhone 16 Pro
6180	Apple	iPhone 16 Pro
6181	Apple	iPhone 16 Pro
6182	Apple	iPhone 16 Pro
6183	Apple	iPhone 16 Plus
6184	Apple	iPhone 16 Plus
6185	Apple	iPhone 16 Plus
6186	Apple	iPhone 16 Plus
6187	Apple	iPhone 16 Plus
6188	Apple	iPhone 16 Plus
6189	Apple	iPhone 16
6190	Apple	iPhone 16
6191	Apple	iPhone 16
6192	Apple	iPhone 16
6193	Apple	iPhone 16
6194	Apple	iPhone 16
6195	Apple	iPhone 16 Pro Max
6196	Apple	iPhone 16 Pro Max
6197	Apple	iPhone 16 Pro Max
6198	Apple	iPhone 16 Pro Max
6199	Apple	iPhone 16 Pro
6200	Apple	iPhone 16 Pro
6201	Apple	iPhone 16 Pro
6202	Apple	iPhone 16 Pro
6203	Apple	iPhone 16 Plus
6204	Apple	iPhone 16 Plus
6205	Apple	iPhone 16 Plus
6206	Apple	iPhone 16 Plus
6207	Apple	iPhone 16
6208	Apple	iPhone 16
6209	Apple	iPhone 16
6210	Apple	iPhone 16
6211	Apple	iPhone 15 Pro Max
6212	Apple	iPhone 15 Pro
6213	Apple	iPhone 15 Plus
6214	Apple	iPhone 15
6215	Apple	iPhone 14 Pro Max
6216	Apple	iPhone 14 Pro
6217	Apple	iPhone 14 Plus
6218	Apple	iPhone 14
6219	Apple	iPhone 13 Pro Max
6220	Apple	iPhone 13 Pro
6221	Apple	iPhone 13 Mini
6222	Apple	iPhone 13
6223	Samsung	Galaxy S24 Ultra
6224	Apple	iPhone 14
6225	Apple	iPhone 15 Pro
6226	Apple	iPhone 15 Pro Max
6227	Apple	iPhone 15 Pro Max
6228	Apple	iPhone 14 Pro
6229	Apple	iPhone 15 Pro
6230	Apple	iPhone 15 Pro
6231	Apple	iPhone 15 Pro
6232	Apple	iPhone 15 Pro Max
6233	Apple	iPhone 15 Pro
6234	Apple	iPhone 15
6235	Apple	iPhone 15 Pro Max
6236	Apple	iPhone 15 Pro
6237	Apple	iPhone 15 Plus
6238	Apple	iPhone 15
6239	Apple	iPhone 14 Pro Max
6240	Apple	iPhone 14 Pro
6241	Apple	iPhone 14 Plus
6242	Apple	iPhone 14
6243	Apple	iPhone 13 Pro Max
6244	Apple	iPhone 13 Pro
6245	Apple	iPhone 13 Mini
6246	Apple	iPhone 13
6247	Apple	iPhone 15 Pro Max
6248	Apple	iPhone 15 Pro
6249	Apple	iPhone 15 Plus
6330	Apple	iPhone 16 Pro Max
6331	Apple	iPhone 16 Pro Max
6332	Apple	iPhone 16 Pro Max
6333	Apple	iPhone 16 Pro Max
6334	Apple	iPhone 16 Pro Max
6335	Apple	iPhone 16 Pro Max
6336	Apple	iPhone 16 Pro Max
6337	Apple	iPhone 16 Pro Max
6338	Apple	iPhone 16 Pro Max
6339	Apple	iPhone 16 Pro Max
6340	Apple	iPhone 16 Pro Max
6341	Apple	iPhone 16 Pro Max
6342	Apple	iPhone 16 Pro Max
6343	Apple	iPhone 16 Pro Max
6344	Apple	iPhone 16 Pro Max
6345	Apple	iPhone 16 Pro Max
6346	Apple	iPhone 16 Pro Max
6347	Apple	iPhone 16 Pro Max
6348	Apple	iPhone 16 Pro Max
6349	Apple	iPhone 16 Pro Max
6350	Apple	iPhone 16 Pro Max
6351	Apple	iPhone 16 Pro Max
6352	Apple	iPhone 16 Pro Max
6353	Apple	iPhone 16 Pro Max
6354	Apple	iPhone 16 Pro Max
6355	Apple	iPhone 16 Pro Max
6356	Apple	iPhone 16 Pro Max
6357	Apple	iPhone 16 Pro Max
6358	Apple	iPhone 16 Pro Max
6359	Apple	iPhone 16 Pro Max
6360	Apple	iPhone 16 Pro Max
6361	Apple	iPhone 16 Pro Max
6362	Apple	iPhone 16 Pro Max
6363	Apple	iPhone 16 Pro Max
6364	Apple	iPhone 16 Pro Max
6365	Apple	iPhone 16 Pro
6366	Apple	iPhone 16 Pro
6367	Apple	iPhone 16 Pro
6368	Apple	iPhone 16 Pro
6369	Apple	iPhone 16 Pro
6250	Apple	iPhone 15
6251	Apple	iPhone 14 Pro Max
6252	Apple	iPhone 14 Pro
6253	Apple	iPhone 14 Plus
6254	Apple	iPhone 14
6255	Apple	iPhone 13 Pro Max
6256	Apple	iPhone 13 Pro
6257	Apple	iPhone 13 Mini
6258	Apple	iPhone 13
6259	Apple	iPhone 12 Pro Max
6260	Apple	iPhone 12 Mini
6261	Apple	iPhone 12
6262	Apple	iPhone 14 Pro Max
6263	Apple	iPhone 14 Pro
6264	Apple	iPhone 14 Plus
6265	Apple	iPhone 14
6266	Apple	iPhone 13 Pro Max
6267	Apple	iPhone 13 Pro
6268	Apple	iPhone 13 Mini
6269	Apple	iPhone 13
6270	Apple	iPhone 12 Pro Max
6271	Apple	iPhone 12 Mini
6272	Apple	iPhone 12
6273	Universal	
6274	Universal	
6275	Universal	
6276	Apple	iPhone 15
6277	Apple	iPhone 15 Pro
6278	Apple	MacBook Pro 14
6279	Universal	
6280	Universal	
6281	Universal	
6282	Universal	
6283	Universal	
6284	Universal	
6285	Universal	
6286	Universal	
6287	Universal	
6288	Universal	
6289	Universal	
6290	Universal	
6291	Universal	
6292	Universal	
6293	Universal	
6294	Universal	
6295	Universal	
6296	Universal	
6297	Universal	
6298	Universal	
6299	Universal	
6300	Universal	
6301	Universal	
6302	Universal	
6303	Apple	iPad Air 3
6304	Apple	iPad Pro 12.9 (2018)
6305	Apple	iPad Pro 12.9 (2020)
6306	Apple	iPhone 12 Mini
6307	Apple	iPhone 11
6308	Apple	iPhone 11 Pro
6309	Apple	iPhone 11 Pro
6310	Apple	iPhone 15 Plus
6311	Apple	iPhone 15 Pro Max
6312	Apple	iPhone 15 Pro
6313	Apple	iPhone 15 Plus
6314	Apple	iPhone 15
6315	Apple	iPhone 14 Pro Max
6316	Apple	iPhone 14 Pro
6317	Apple	iPhone 14 Plus
6318	Apple	iPhone 14
6319	Apple	iPhone 13 Pro Max
6320	Apple	iPhone 13 Pro
6321	Apple	iPhone 13 Mini
6322	Apple	iPhone 13
6323	Apple	iPhone 12 Pro Max
6324	Apple	iPhone 12 Mini
6325	Apple	iPhone 12
6326	Apple	iPhone 15 Pro Max
6327	Apple	iPhone 15 Pro
6328	Apple	iPhone 15 Plus
6329	Apple	iPhone 15
6410	Apple	iPhone 16 Plus
6411	Apple	iPhone 16 Plus
6412	Apple	iPhone 16 Plus
6413	Apple	iPhone 16 Plus
6414	Apple	iPhone 16 Plus
6415	Apple	iPhone 16 Plus
6416	Apple	iPhone 16 Plus
6417	Apple	iPhone 16 Plus
6418	Apple	iPhone 16 Plus
6419	Apple	iPhone 16 Plus
6420	Apple	iPhone 16 Plus
6421	Apple	iPhone 16 Plus
6422	Apple	iPhone 16 Plus
6423	Apple	iPhone 16 Plus
6424	Apple	iPhone 16 Plus
6425	Apple	iPhone 16 Plus
6426	Apple	iPhone 16 Plus
6427	Apple	iPhone 16 Plus
6428	Apple	iPhone 16 Plus
6429	Apple	iPhone 16
6430	Apple	iPhone 16
6431	Apple	iPhone 16
6432	Apple	iPhone 16
6433	Apple	iPhone 16
6434	Apple	iPhone 16
6435	Apple	iPhone 16
6436	Apple	iPhone 16
6437	Apple	iPhone 16
6438	Apple	iPhone 16
6439	Apple	iPhone 16
6440	Apple	iPhone 16
6441	Apple	iPhone 16
6442	Apple	iPhone 16
6443	Apple	iPhone 16
6444	Apple	iPhone 16
6445	Apple	iPhone 16
6446	Apple	iPhone 16
6447	Apple	iPhone 16
6448	Apple	iPhone 16
6449	Apple	iPhone 16
6370	Apple	iPhone 16 Pro
6371	Apple	iPhone 16 Pro
6372	Apple	iPhone 16 Pro
6373	Apple	iPhone 16 Pro
6374	Apple	iPhone 16 Pro
6375	Apple	iPhone 16 Pro
6376	Apple	iPhone 16 Pro
6377	Apple	iPhone 16 Pro
6378	Apple	iPhone 16 Pro
6379	Apple	iPhone 16 Pro
6380	Apple	iPhone 16 Pro
6381	Apple	iPhone 16 Pro
6382	Apple	iPhone 16 Pro
6383	Apple	iPhone 16 Pro
6384	Apple	iPhone 16 Pro
6385	Apple	iPhone 16 Pro
6386	Apple	iPhone 16 Pro
6387	Apple	iPhone 16 Pro
6388	Apple	iPhone 16 Pro
6389	Apple	iPhone 16 Pro
6390	Apple	iPhone 16 Pro
6391	Apple	iPhone 16 Pro
6392	Apple	iPhone 16 Pro
6393	Apple	iPhone 16 Pro
6394	Apple	iPhone 16 Pro
6395	Apple	iPhone 16 Pro
6396	Apple	iPhone 16 Pro
6397	Apple	iPhone 16 Pro
6398	Apple	iPhone 16 Pro
6399	Apple	iPhone 16 Plus
6400	Apple	iPhone 16 Plus
6401	Apple	iPhone 16 Plus
6402	Apple	iPhone 16 Plus
6403	Apple	iPhone 16 Plus
6404	Apple	iPhone 16 Plus
6405	Apple	iPhone 16 Plus
6406	Apple	iPhone 16 Plus
6407	Apple	iPhone 16 Plus
6408	Apple	iPhone 16 Plus
6409	Apple	iPhone 16 Plus
6450	Apple	iPhone 16
6451	Apple	iPhone 16
6452	Apple	iPhone 16
6453	Apple	iPhone 16
6454	Apple	iPhone 16
6455	Apple	iPhone 16
6456	Apple	iPhone 16
6457	Apple	iPhone 16
6458	Apple	iPhone 16
6459	Apple	iPhone 16
6460	Apple	iPhone 16
6461	Apple	iPhone 16
6462	Apple	iPhone 16
6463	Universal	
6464	Universal	
6465	Apple	iPhone 16
6466	Samsung	Galaxy Buds Live
6467	Apple	Apple Watch Series
6468	Apple	Apple Watch Series
6469	Apple	Apple Watch SE (2022)
6470	Apple	Apple Watch Series
6471	Samsung	Galaxy Tab S9 FE
6472	Samsung	Galaxy Tab A9
6473	Apple	iPad Air 13 (2024)
6474	Samsung	Galaxy Tab A9+
6475	Apple	iPad Pro 13 (2024)
6476	Samsung	Galaxy Tab A9+
6477	Samsung	Galaxy Tab A9+
6478	Apple	iPad Air 11 (2024)
6479	Google	Pixel 9 Pro XL
6480	Google	Pixel 9 Pro
6481	Google	Pixel 9
6482	Apple	iPad Mini 7
6483	Apple	iPad Mini 7
6484	Apple	iPad Mini 7
6485	Apple	iPad Air 11 (2024)
6486	Apple	iPad Air 11 (2024)
6487	Apple	iPad Air 11 (2024)
6488	Apple	iPad Air 11 (2024)
6489	Apple	iPad Air 11 (2024)
6530	Samsung	Galaxy S24 FE
6531	Samsung	Galaxy S24 FE
6532	Samsung	Galaxy S24 FE
6533	Samsung	Galaxy Z Fold 6
6534	Samsung	Galaxy Z Fold 6
6535	Samsung	Galaxy Z Fold 6
6536	Samsung	Galaxy Z Fold 6
6537	Samsung	Galaxy Z Fold 6
6538	Samsung	Galaxy Z Fold 6
6539	Samsung	Galaxy Z Fold 6
6540	Samsung	Galaxy Z Fold 6
6541	Samsung	Galaxy Z Fold 6
6542	Samsung	Galaxy Z Fold 6
6543	Samsung	Galaxy Z Fold 6
6544	Samsung	Galaxy Z Fold 6
6545	Samsung	Galaxy Z Fold 6
6546	Samsung	Galaxy Z Fold 6
6547	Samsung	Galaxy Z Fold 6
6548	Samsung	Galaxy Z Flip 6
6549	Samsung	Galaxy Z Flip 6
6550	Samsung	Galaxy Z Flip 6
6551	Samsung	Galaxy Z Flip 6
6552	Samsung	Galaxy Z Flip 6
6553	Samsung	Galaxy Z Flip 6
6554	Samsung	Galaxy Z Flip 6
6555	Samsung	Galaxy Z Flip 6
6556	Samsung	Galaxy Z Flip 6
6557	Samsung	Galaxy Z Flip 6
6558	Samsung	Galaxy Z Flip 6
6559	Samsung	Galaxy Z Flip 6
6560	Samsung	Galaxy Z Flip 6
6561	Samsung	Galaxy Z Flip 6
6562	Samsung	Galaxy Z Flip 6
6563	Samsung	Galaxy Z Flip 6
6564	Samsung	Galaxy Z Flip 6
6565	Samsung	Galaxy Z Flip 6
6566	Samsung	Galaxy Z Flip 6
6567	Samsung	Galaxy Z Flip 6
6568	Samsung	Galaxy Z Flip 6
6569	Samsung	Galaxy A06
6490	Apple	iPad Air 13 (6th Gen)
6491	Apple	iPad Air 13 (6th Gen)
6492	Apple	iPad Air 13 (6th Gen)
6493	Apple	iPad Air 13 (6th Gen)
6494	Apple	iPad Pro 11 (5th Gen)
6495	Apple	iPad Pro 11 (5th Gen)
6496	Apple	iPad Pro 11 (5th Gen)
6497	Apple	iPad Pro 13 (7th Gen)
6498	Apple	iPad Pro 13 (7th Gen)
6499	Apple	iPad Pro 13 (7th Gen)
6500	Apple	iPad Pro 13 (7th Gen)
6501	Samsung	Galaxy A55 5G
6502	Samsung	Galaxy A55 5G
6503	Samsung	Galaxy A55 5G
6504	Samsung	Galaxy A55 5G
6505	Samsung	Galaxy A55 5G
6506	Samsung	Galaxy A55 5G
6507	Samsung	Galaxy A55 5G
6508	Samsung	Galaxy A55 5G
6509	Samsung	Galaxy A55 5G
6510	Samsung	Galaxy A55 5G
6511	Samsung	Galaxy A55 5G
6512	Samsung	Galaxy A55 5G
6513	Samsung	Galaxy A25 5G
6514	Samsung	Galaxy A55 5G
6515	Samsung	Galaxy A55 5G
6516	Samsung	Galaxy A55 5G
6517	Samsung	Galaxy A55 5G
6518	Samsung	Galaxy A55 5G
6519	Samsung	Galaxy S24 FE
6520	Samsung	Galaxy S24 FE
6521	Samsung	Galaxy S24 FE
6522	Samsung	Galaxy S24 FE
6523	Samsung	Galaxy S24 FE
6524	Samsung	Galaxy S24 FE
6525	Samsung	Galaxy S24 FE
6526	Samsung	Galaxy S24 FE
6527	Samsung	Galaxy S24 FE
6528	Samsung	Galaxy S24 FE
6529	Samsung	Galaxy S24 FE
6650	Universal	
6651	Universal	
6652	Universal	
6653	Universal	
6654	Universal	
6655	Universal	
6656	Universal	
6657	Universal	
6658	Universal	
6659	Universal	
6660	Universal	
6661	Universal	
6662	Universal	
6663	Universal	
6664	Universal	
6665	Universal	
6666	Universal	
6667	Universal	
6668	Universal	
6669	Universal	
6670	Universal	
6671	Universal	
6672	Universal	
6673	Universal	
6674	Universal	
6675	Universal	
6676	Universal	
6677	Universal	
6678	Universal	
6679	Universal	
6680	Universal	
6681	Universal	
6682	Universal	
6683	Universal	
6684	Universal	
6685	Universal	
6686	Universal	
6687	Universal	
6688	Universal	
6689	Universal	
6610	Apple	Apple Watch Series
6611	Apple	iPad Air 13 (2024)
6612	Samsung	Galaxy Tab S10 Plus
6613	Samsung	Galaxy Tab S6 Lite
6614	Samsung	Galaxy Tab A9
6615	Apple	iPad 10
6616	Apple	Apple Watch Series 9
6617	Universal	
6618	Universal	
6619	Universal	
6620	Universal	
6621	Universal	
6622	Universal	
6623	Universal	
6624	Universal	
6625	Universal	
6626	Universal	
6627	Universal	
6628	Universal	
6629	Universal	
6630	Universal	
6631	Universal	
6632	Universal	
6633	Universal	
6634	Universal	
6635	Universal	
6636	Universal	
6637	Universal	
6638	Universal	
6639	Universal	
6640	Universal	
6641	Universal	
6642	Universal	
6643	Universal	
6644	Universal	
6645	Universal	
6646	Universal	
6647	Universal	
6648	Universal	
6649	Universal	
6570	Samsung	Galaxy A06
6571	Samsung	Galaxy A06
6572	Samsung	Galaxy A06
6573	Samsung	Galaxy A06
6574	Samsung	Galaxy A06
6575	Samsung	Galaxy A06
6576	Samsung	Galaxy A06
6577	Samsung	Galaxy A06
6578	Samsung	Galaxy A06
6579	Samsung	Galaxy A06
6580	Samsung	Galaxy A06
6581	Samsung	Galaxy Z Fold 6
6582	Samsung	Galaxy Z Fold 6
6583	Universal	
6584	Universal	
6585	Universal	
6586	Universal	
6587	Universal	
6588	Universal	
6589	Universal	
6590	Universal	
6591	Universal	
6592	Universal	
6593	Universal	
6594	Universal	
6595	Universal	
6596	Universal	
6597	Universal	
6598	Universal	
6599	Universal	
6600	Universal	
6601	Universal	
6602	Universal	
6603	Apple	iPhone 16
6604	Samsung	Galaxy A55
6605	Universal	
6606	Apple	Apple Watch Series
6607	Apple	Apple Watch Series
6608	Apple	Apple Watch Series
6609	Apple	Apple Watch Series
6730	Universal	
6731	Universal	
6732	Universal	
6733	Universal	
6734	Universal	
6735	Universal	
6736	Universal	
6737	Universal	
6738	Universal	
6739	Universal	
6740	Universal	
6741	Universal	
6742	Universal	
6743	Universal	
6744	Universal	
6745	Universal	
6746	Universal	
6747	Universal	
6748	Universal	
6749	Universal	
6750	Samsung	Galaxy Buds 3 Pro
6751	Samsung	Galaxy Buds 3
6752	Samsung	Galaxy Buds 3 Pro
6753	Samsung	Galaxy Buds 3
6754	Universal	
6755	Universal	
6756	Universal	
6757	Universal	
6758	Universal	
6759	Universal	
6760	Universal	
6761	Universal	
6762	Universal	
6763	Universal	
6764	Universal	
6765	Universal	
6766	Universal	
6767	Universal	
6768	Universal	
6769	Universal	
6690	Universal	
6691	Universal	
6692	Universal	
6693	Universal	
6694	Universal	
6695	Universal	
6696	Samsung	Galaxy S24 Ultra
6697	Samsung	Galaxy S23 Ultra
6698	Apple	Magic Keyboard
6699	Universal	
6700	Universal	
6701	Universal	
6702	Universal	
6703	Universal	
6704	Universal	
6705	Universal	
6706	Universal	
6707	Universal	
6708	Universal	
6709	Universal	
6710	Universal	
6711	Sony	
6712	Sony	
6713	Universal	
6714	Universal	
6715	Universal	
6716	Universal	
6717	Universal	
6718	Universal	
6719	Universal	
6720	Universal	
6721	Universal	
6722	Universal	
6723	Universal	
6724	Universal	
6725	Sony	
6726	Universal	
6727	Universal	
6728	Universal	
6729	Universal	
6770	Universal	GoPro Hero 6
6771	Universal	
6772	Universal	
6773	Universal	
6774	Apple	AirTag
6775	Universal	
6776	Universal	
6777	Universal	
6778	Apple	iPad Mini 6
6779	Universal	Lenovo Tab M11
6780	Samsung	Galaxy S25 Ultra
6781	Samsung	Galaxy S25 Ultra
6782	Samsung	Galaxy S25 Ultra
6783	Samsung	Galaxy S25 Ultra
6784	Samsung	Galaxy S25 Ultra
6785	Samsung	Galaxy S25 Ultra
6786	Samsung	Galaxy S25 Ultra
6787	Samsung	Galaxy S25 Ultra
6788	Samsung	Galaxy S25 Ultra
6789	Samsung	Galaxy S25 Ultra
6790	Samsung	Galaxy S25 Ultra
6791	Samsung	Galaxy S25 Ultra
6792	Samsung	Galaxy S25 Plus
6793	Samsung	Galaxy S25 Plus
6794	Samsung	Galaxy S25 Plus
6795	Samsung	Galaxy S25 Plus
6796	Samsung	Galaxy S25 Plus
6797	Samsung	Galaxy S25 Plus
6798	Samsung	Galaxy S25 Plus
6799	Samsung	Galaxy S25 Plus
6800	Samsung	Galaxy S25 Plus
6801	Samsung	Galaxy S25 Plus
6802	Samsung	Galaxy S25 Plus
6803	Samsung	Galaxy S25 Plus
6804	Samsung	Galaxy S25 Plus
6805	Samsung	Galaxy S25 Plus
6806	Samsung	Galaxy S25
6807	Samsung	Galaxy S25
6808	Samsung	Galaxy S25
6809	Samsung	Galaxy S25
6890	Universal	
6891	Universal	
6892	Universal	
6893	Universal	
6894	Universal	
6895	Universal	
6896	Universal	
6897	Universal	
6898	Universal	
6899	Universal	
6900	Universal	
6901	Universal	
6902	Universal	
6903	Universal	
6904	Universal	
6905	Universal	
6906	Universal	
6907	Universal	
6908	Universal	
6909	Universal	
6910	Universal	
6911	Universal	
6912	Universal	
6913	Universal	
6914	Universal	
6915	Universal	
6916	Universal	
6917	Universal	
6918	Universal	
6919	Universal	
6920	Universal	
6921	Universal	
6922	Universal	
6923	Universal	
6924	Universal	
6925	Universal	
6926	Universal	
6927	Universal	
6928	Universal	
6929	Universal	
6850	Universal	
6851	Universal	
6852	Universal	
6853	Universal	
6854	Universal	
6855	Universal	
6856	Universal	
6857	Universal	
6858	Apple	iPhone 14 Pro Max
6859	Apple	iPhone 14 Pro
6860	Apple	iPhone 14 Plus
6861	Apple	iPhone 14
6862	Apple	iPhone 13 Pro Max
6863	Apple	iPhone 13 Mini
6864	Universal	
6865	Apple	iPhone 16e
6866	Apple	iPhone 16e
6867	Apple	iPhone 16e
6868	Apple	iPhone 16e
6869	Apple	iPhone 16e
6870	Apple	iPhone 16e
6871	Apple	iPhone 16e
6872	Apple	iPhone 16e
6873	Apple	iPhone 16e
6874	Apple	iPhone 16e
6875	Apple	iPhone 16e
6876	Apple	iPhone 16e
6877	Apple	iPhone 16e
6878	Apple	iPhone 16e
6879	Apple	iPhone 16e
6880	Apple	iPhone 16e
6881	Apple	iPhone 16e
6882	Universal	
6883	Universal	
6884	Universal	
6885	Universal	
6886	Universal	
6887	Universal	
6888	Universal	
6889	Universal	
6810	Samsung	Galaxy S25
6811	Samsung	Galaxy S25
6812	Samsung	Galaxy S25
6813	Samsung	Galaxy S25
6814	Samsung	Galaxy S25
6815	Samsung	Galaxy S25
6816	Samsung	Galaxy S25
6817	Samsung	Galaxy S25
6818	Universal	
6819	Universal	
6820	Universal	
6821	Universal	
6822	Universal	
6823	Universal	
6824	Universal	
6825	Universal	
6826	Universal	
6827	Universal	
6828	Universal	
6829	Universal	
6830	Samsung	Galaxy Tab A9+
6831	Universal	
6832	Samsung	Galaxy Tab A9+
6833	Apple	iPad 10 (2022)
6834	Universal	
6835	Universal	
6836	Universal	
6837	Universal	
6838	Universal	
6839	Universal	
6840	Universal	
6841	Universal	
6842	Universal	
6843	Universal	
6844	Universal	
6845	Universal	
6846	Universal	
6847	Universal	
6848	Universal	
6849	Universal	
6930	Universal	
6931	Universal	
6932	Universal	
6933	Universal	
6934	Universal	
6935	Universal	
6936	Universal	
6937	Universal	
6938	Universal	
6939	Universal	
6940	Universal	
6941	Universal	
6942	Universal	
6943	Universal	
6944	Universal	
6945	Universal	
6946	Universal	
6947	Universal	
6948	Universal	
6949	Universal	
6950	Universal	
6951	Universal	
6952	Universal	
6953	Universal	
6954	Universal	
6955	Universal	
6956	Universal	
6957	Universal	
6958	Universal	
6959	Universal	
6960	Universal	
6961	Universal	
6962	Universal	
6963	Universal	
6964	Universal	
6965	Universal	
6966	Universal	
6967	Universal	
6968	Universal	
6969	Universal	
7010	Universal	
7011	Universal	
7012	Universal	
7013	Universal	
7014	Universal	
7015	Universal	
7016	Universal	
7017	Universal	
7018	Universal	
7019	Universal	
7020	Universal	
7021	Universal	
7022	Universal	
7023	Universal	
7024	Universal	
7025	Universal	
7026	Universal	
7027	Universal	
7028	Universal	
7029	Universal	
7030	Universal	
7031	Universal	
7032	Universal	
7033	Universal	
7034	Universal	
7035	Universal	
7036	Universal	
7037	Universal	
7038	Universal	
7039	Universal	
7040	Universal	
7041	Universal	
7042	Universal	
7043	Universal	
7044	Universal	
7045	Universal	
7046	Universal	
7047	Universal	
7048	Universal	
7049	Universal	
6970	Universal	
6971	Universal	
6972	Universal	
6973	Universal	
6974	Universal	
6975	Universal	
6976	Universal	
6977	Universal	
6978	Universal	
6979	Universal	
6980	Universal	
6981	Universal	
6982	Universal	
6983	Universal	
6984	Universal	
6985	Universal	
6986	Universal	
6987	Universal	
6988	Universal	
6989	Universal	
6990	Universal	
6991	Universal	
6992	Universal	
6993	Universal	
6994	Universal	
6995	Universal	
6996	Universal	
6997	Universal	
6998	Universal	
6999	Universal	
7000	Universal	
7001	Universal	
7002	Universal	
7003	Universal	
7004	Universal	
7005	Universal	
7006	Universal	
7007	Universal	
7008	Universal	
7009	Universal	
7050	Universal	
7051	Universal	
7052	Universal	
7053	Universal	
7054	Universal	
7055	Universal	
7056	Universal	
7057	Universal	
7058	Universal	
7059	Universal	
7060	Universal	
7061	Universal	
7062	Universal	
7063	Universal	
7064	Universal	
7065	Universal	
7066	Universal	
7067	Universal	
7068	Universal	
7069	Universal	
7070	Universal	
7071	Universal	
7072	Universal	
7073	Universal	
7074	Universal	
7075	Universal	
7076	Universal	
7077	Universal	
7078	Universal	
7079	Universal	
7080	Universal	
7081	Universal	
7082	Universal	
7083	Universal	
7084	Universal	
7085	Universal	
7086	Universal	
7087	Universal	
7088	Universal	
7089	Universal	
7090	Universal	
7091	Universal	
7092	Universal	
7093	Universal	
7094	Universal	
7095	Universal	
7096	Universal	
7097	Universal	
7098	Universal	
7099	Universal	
7100	Universal	
7101	Universal	
7102	Universal	
7103	Apple	iPhone 16 Pro
7104	Apple	iPhone 15 Pro Max
7105	Apple	iPhone 15 Pro
7106	Apple	iPhone 15 Pro Max
7107	Apple	iPad Pro 12.9
7108	Apple	iPad Air
7109	Samsung	Galaxy Tab S9
7110	Apple	iPhone 16 Pro
7111	Apple	iPhone 15
7112	Apple	iPad 10.2
7113	Apple	Apple Watch Ultra
7114	Samsung	Galaxy S24 Plus
7115	Samsung	Galaxy Tab S10 Plus
7116	Samsung	Galaxy S24 Ultra
7117	Apple	iPhone 7
7118	Samsung	Galaxy S24
7119	Samsung	Galaxy S24
7120	Apple	Apple Watch Ultra
7121	Apple	iPhone 16
7122	Apple	iPhone 16 Pro
7123	Apple	iPhone 15 Pro
7124	Apple	iPhone 16 Pro Max
7125	Apple	iPhone 16
7126	Apple	iPhone 16 Pro
7127	Universal	
7128	Apple	iPhone 15
7129	Apple	iPhone 16 Pro Max
7170	Universal	
7171	Universal	
7172	Universal	
7173	Universal	
7174	Universal	
7175	Universal	
7176	Universal	
7177	Universal	
7178	Universal	
7179	Universal	
7180	Universal	
7181	Universal	
7182	Universal	
7183	Universal	
7184	Universal	
7185	Universal	
7186	Universal	
7187	Universal	
7188	Universal	
7189	Universal	
7190	Universal	
7191	Universal	
7192	Universal	
7193	Universal	
7194	Universal	
7195	Universal	
7196	Universal	
7197	Universal	
7198	Universal	
7199	Universal	
7200	Universal	
7201	Universal	
7202	Universal	
7203	Apple	iPhone 14 Pro
7204	Apple	iPhone 13 Pro Max
7205	Apple	iPhone 13 Pro
7206	Apple	iPhone 13
7207	Apple	iPhone 12 Pro Max
7208	Apple	iPhone 12
7209	Universal	
7130	Apple	iPhone 16 Pro
7131	Apple	iPhone 16 Pro
7132	Apple	iPhone 15
7133	Apple	iPhone 15 Pro
7134	Apple	iPhone 16
7135	Samsung	Galaxy Tab A9
7136	Universal	
7137	Universal	
7138	Universal	
7139	Universal	
7140	Universal	
7141	Universal	
7142	Universal	
7143	Universal	
7144	Samsung	Galaxy Z Flip 6
7145	Universal	
7146	Universal	
7147	Universal	
7148	Universal	
7149	Universal	
7150	Universal	
7151	Universal	
7152	Universal	
7153	Universal	
7154	Universal	
7155	Universal	
7156	Universal	
7157	Universal	
7158	Universal	
7159	Universal	
7160	Universal	
7161	Universal	
7162	Universal	
7163	Universal	
7164	Universal	
7165	Universal	
7166	Universal	
7167	Universal	
7168	Universal	
7169	Universal	
7290	Universal	
7291	Universal	
7292	Universal	
7293	Universal	
7294	Universal	
7295	Universal	
7296	Universal	
7297	Universal	
7298	Universal	
7299	Universal	
7300	Universal	
7301	Universal	
7302	Universal	
7303	Universal	
7304	Universal	
7305	Universal	
7306	Universal	
7307	Universal	
7308	Universal	
7309	Universal	
7310	Universal	
7311	Universal	
7312	Universal	
7313	Universal	
7314	Universal	
7315	Universal	
7316	Universal	
7317	Universal	
7318	Universal	
7319	Universal	
7320	Universal	
7321	Universal	
7322	Universal	
7323	Universal	
7324	Universal	
7325	Universal	
7326	Universal	
7327	Universal	
7328	Sony	Alpha 7 IV
7329	Universal	
7210	Universal	
7211	Universal	
7212	Universal	
7213	Universal	
7214	Universal	
7215	Universal	
7216	Universal	
7217	Universal	
7218	Universal	
7219	Universal	
7220	Universal	
7221	Universal	
7222	Universal	
7223	Universal	
7224	Universal	
7225	Universal	
7226	Universal	
7227	Universal	
7228	Universal	
7229	Universal	
7230	Universal	
7231	Universal	
7232	Universal	
7233	Universal	
7234	Universal	
7235	Universal	
7236	Universal	
7237	Universal	
7238	Apple	iPhone 13
7239	Apple	iPhone 15 Pro Max
7240	Apple	iPhone 15 Pro
7241	Apple	iPhone 15 Plus
7242	Apple	iPhone 15
7243	Apple	iPhone 14 Pro Max
7244	Apple	iPhone 14 Plus
7245	Apple	iPhone 14
7246	Apple	iPhone 13
7247	Apple	iPhone 12
7248	Universal	
7249	Universal	
7250	Universal	
7251	Universal	
7252	Universal	
7253	Universal	
7254	Universal	
7255	Universal	
7256	Universal	
7257	Universal	
7258	Universal	
7259	Universal	
7260	Universal	
7261	Universal	
7262	Apple	Apple Watch Series 3/4/5/6/7/8/9/SE/Ultra
7263	Samsung	Galaxy Tab S9 FE
7264	Samsung	Galaxy S24 Plus
7265	Apple	AirPods 4
7266	Samsung	Galaxy Tab A9
7267	Apple	iPad 10.9 (2022)
7268	Apple	iPad 10th generation
7269	Universal	
7270	Universal	
7271	Universal	
7272	Universal	
7273	Universal	
7274	Universal	
7275	Universal	
7276	Universal	
7277	Universal	
7278	Universal	
7279	Sony	
7280	Universal	
7281	Sony	ZV-E10 II
7282	Universal	
7283	Universal	
7284	Universal	
7285	Universal	
7286	Universal	
7287	Universal	
7288	Universal	
7289	Universal	
7370	Universal	
7371	Universal	
7372	Universal	
7373	Universal	
7374	Universal	
7375	Universal	
7376	Universal	
7377	Universal	
7378	Universal	
7379	Universal	
7380	Universal	
7381	Universal	
7382	Sony	Alpha 6700
7383	Universal	
7384	Universal	
7385	Universal	
7386	Universal	
7387	Universal	
7388	Universal	
7389	Universal	
7390	Universal	
7391	Universal	
7392	Universal	
7393	Apple	AirTag
7394	Universal	
7395	Universal	
7396	Universal	
7397	Universal	
7398	Universal	
7399	Universal	
7400	Universal	
7401	Sony	A7C II
7402	Samsung	Galaxy S24
7403	Apple	iPhone 15 Pro
7404	Apple	iPhone 15
7405	Samsung	Galaxy S25 Edge
7406	Samsung	Galaxy Z Fold 7
7407	Samsung	Galaxy Z Fold 7
7408	Apple	iPhone 16e
7409	Apple	iPhone 17 Pro Max
7330	Apple	iPhone 16 Pro
7331	Apple	iPhone 16e
7332	Apple	iPhone 14
7333	Apple	iPhone 16 Pro Max
7334	Samsung	Galaxy A16
7335	Samsung	Galaxy S25
7336	Sony	VPL-HW65ES
7337	Universal	
7338	Universal	
7339	Universal	
7340	Universal	
7341	Universal	
7342	Universal	
7343	Universal	
7344	Universal	
7345	Universal	
7346	Universal	
7347	Universal	
7348	Apple	iPad Air 13 (7th Gen)
7349	Apple	iPad Air 13 (7th Gen)
7350	Apple	iPad Air 13 (7th Gen)
7351	Apple	iPad Air 11 (7th Gen)
7352	Apple	iPad Air 11 (7th Gen)
7353	Apple	iPad Air 11 (7th Gen)
7354	Universal	
7355	Universal	
7356	Universal	
7357	Universal	
7358	Universal	
7359	Universal	
7360	Universal	
7361	Universal	
7362	Universal	
7363	Universal	
7364	Universal	
7365	Universal	
7366	Universal	
7367	Universal	
7368	Universal	
7369	Universal	
7410	Apple	iPhone 17 Pro
7411	Apple	iPhone Air
7412	Apple	iPhone 17
7413	Apple	iPhone 17 Pro Max
7414	Apple	iPhone 17 Pro
7415	Apple	iPhone Air
7416	Apple	iPhone 17
7417	Apple	iPhone 17 Pro Max
7418	Apple	iPhone 17 Pro
7419	Apple	iPhone Air
7420	Apple	iPhone 17
7421	Apple	iPhone 17 Pro Max
7422	Apple	iPhone 17 Pro
7423	Apple	iPhone Air
7424	Apple	iPhone 17
7425	Apple	iPhone 17 Pro
7426	Apple	iPhone Air
7427	Apple	iPhone 17
7428	Apple	iPhone 17 Pro Max
7429	Apple	iPhone 17 Pro
7430	Apple	iPhone Air
7431	Apple	iPhone 17
7432	Apple	iPhone 17 Pro Max
7433	Apple	iPhone 17 Pro
7434	Apple	iPhone Air
7435	Apple	iPhone 17
7436	Apple	iPhone 17 Pro Max
7437	Apple	iPhone 17 Pro
7438	Apple	iPhone Air
7439	Apple	iPhone 17
7440	Apple	iPhone 17 Pro Max
7441	Apple	iPhone 17 Pro
7442	Apple	iPhone Air
7443	Apple	iPhone 17
7444	Apple	iPhone 17 Pro Max
7445	Apple	iPhone 17 Pro
7446	Apple	iPhone Air
7447	Apple	iPhone 17
7448	Samsung	Galaxy A56 5G
7449	Samsung	Galaxy A56 5G
7450	Samsung	Galaxy A56
7451	Samsung	Galaxy A56
7452	Apple	iPhone 16e
7453	Apple	iPhone 16 Pro Max
7454	Apple	iPhone 16 Plus
7455	Apple	iPhone 16
7456	Apple	iPhone 14 Pro Max
7457	Apple	iPhone 14 Pro
7458	Apple	iPhone 15 Plus
7459	Apple	iPhone 15
7460	Apple	iPhone 13 Pro Max
7461	Apple	iPhone 13
7462	Apple	iPhone 13 Mini
7463	Apple	iPhone 12 Pro Max
7464	Apple	iPhone 12
7465	Apple	iPhone 12 Mini
7466	Universal	
7467	Universal	
7468	Universal	
7469	Universal	
7470	Universal	
7471	Universal	
7472	Universal	
7473	Universal	
7474	Universal	
7475	Universal	
7476	Universal	
7477	Apple	iPad 11 (2025)
7478	Apple	iPad Mini 7 (2024)
7479	Apple	iPad 11 (2025)
7480	Apple	iPad Mini 7 (2024)
7481	Universal	
7482	Universal	
7483	Samsung	Galaxy S25 FE
7484	Samsung	Galaxy S25 FE
7485	Apple	iPhone 17 Pro Max
7486	Apple	iPhone 17 Pro Max
7487	Apple	iPhone 17 Pro Max
7488	Apple	iPhone 17 Pro Max
7489	Apple	iPhone 17 Pro Max
7490	Apple	iPhone 17 Pro Max
7491	Apple	iPhone 17 Pro
7492	Apple	iPhone 17 Pro
7493	Apple	iPhone 17 Pro
7494	Apple	iPhone 17 Pro
7495	Apple	iPhone 17 Pro
7496	Apple	iPhone 17 Pro
7497	Apple	iPhone 17
7498	Apple	iPhone 17
7499	Apple	iPhone 17
7500	Apple	iPhone 17
7501	Apple	iPhone 17
7502	Apple	iPhone 17 Pro Max
7503	Apple	iPhone 17 Pro Max
7504	Apple	iPhone 17 Pro Max
7505	Apple	iPhone 17 Pro Max
7506	Apple	iPhone 17 Pro Max
7507	Apple	iPhone 17 Pro
7508	Apple	iPhone 17 Pro
7509	Apple	iPhone 17 Pro
7510	Apple	iPhone 17 Pro
7511	Apple	iPhone 17 Pro
7512	Universal	
7513	Universal	
7514	Apple	
7515	Apple	
7516	Universal	
7517	Universal	
7518	Universal	
7519	Universal	
7520	Universal	
7521	Universal	
7522	Universal	
7523	Universal	
7524	Apple	
7525	Universal	
7526	Universal	
7527	Universal	
7528	Universal	
7529	Universal	
7530	Universal	
7531	Xiaomi	Redmi Pad 7
7532	Apple	iPad 10 (2022)
7533	Apple	iPad 10 (2022)
7534	Universal	
7535	Universal	
7536	Universal	
7537	Universal	
7538	Universal	
7539	Universal	
7540	Universal	
7541	Universal	
7542	Universal	
7543	Universal	
7544	Universal	
7545	Universal	
7546	Universal	
7547	Universal	
7548	Universal	
7549	Universal	
7550	Universal	
7551	Universal	
7552	Universal	
7553	Universal	
7554	Universal	
7555	Universal	
7556	Universal	
7557	Universal	
7558	Universal	
7559	Universal	
7560	Universal	
7561	Universal	
7562	Apple	iPhone 14
7563	Universal	Surface Laptop 3
7564	Samsung	Galaxy A55
7565	Samsung	Galaxy A15 5G
7566	Samsung	Galaxy S23+
7567	Apple	iPhone 15 Plus
7568	Apple	iPhone 14 Pro Max
7569	Apple	iPhone SE (2022)
7610	Samsung	Galaxy A12
7611	Universal	
7612	Universal	
7613	Apple	Apple Watch Series 9
7614	Garmin	Edge 1030
7615	Apple	iPhone 16 Pro Max
7616	Apple	iPhone 16 Pro
7617	Apple	iPhone 16 Plus
7618	Apple	iPhone 16 Pro Max
7619	Apple	iPhone 16 Pro
7620	Apple	iPhone 13 Pro Max
7621	Apple	iPhone 13 Pro Max
7622	Apple	iPhone 12 mini
7623	Apple	iPhone 16 Pro Max
7624	Apple	iPhone 16 Pro
7625	Apple	iPhone 16 Pro Max
7626	Apple	iPhone 16 Plus
7627	Apple	iPhone 15 Pro Max
7628	Apple	iPhone 14
7629	Apple	iPhone 13 Pro Max
7630	Apple	iPhone 14 Pro Max
7631	Huawei	Watch GT 5 Pro
7632	Samsung	Galaxy A55
7633	Samsung	Galaxy S25 Ultra
7634	Apple	iPhone 15 Pro
7635	Apple	iPhone 15
7636	Apple	iPhone 14 Pro
7637	Apple	iPhone 15 Plus
7638	Apple	iPhone 13 Pro Max
7639	Apple	iPhone 14 Pro Max
7640	Samsung	Galaxy Z Flip 6
7641	Apple	iPhone 16 Pro Max
7642	Apple	iPhone 15 Plus
7643	Apple	iPhone XR
7644	Samsung	Galaxy A16
7645	Samsung	Galaxy S24 Ultra
7646	Samsung	Galaxy S24+
7647	Apple	iPhone 15 Pro
7648	Apple	iPhone 16 Pro
7649	Apple	iPhone 16 Pro
7570	Samsung	Galaxy A34
7571	Apple	iPhone 16 Plus
7572	Universal	
7573	Apple	iPhone 16 Pro Max
7574	Apple	iPhone 16 Plus
7575	Apple	iPad Air 13
7576	Apple	iPhone 13 mini
7577	Samsung	Galaxy S25+
7578	Apple	iPhone 14 Pro Max
7579	Apple	iPhone 12 mini
7580	Apple	iPhone 12 mini
7581	Apple	iPhone 16
7582	Apple	iPhone 16 Pro Max
7583	Samsung	Galaxy S24 Ultra
7584	Samsung	Galaxy Z Flip6
7585	Samsung	Galaxy A41
7586	Apple	iPhone 16 Pro Max
7587	Apple	iPhone 15
7588	Apple	iPhone 14 Pro Max
7589	Apple	iPhone 13 Pro Max
7590	Apple	iPhone 16 Plus
7591	Apple	iPhone 15 Pro
7592	Apple	iPhone 15 Plus
7593	Samsung	Galaxy Tab S10 Ultra
7594	Samsung	Galaxy A14
7595	Apple	iPhone 16 Pro Max
7596	Samsung	Galaxy S24 FE
7597	Apple	iPhone 16 Pro Max
7598	Samsung	Galaxy S25
7599	Samsung	Galaxy A35
7600	Universal	Surface Laptop 7th Edition
7601	Apple	iPhone 15 Plus
7602	Apple	iPhone 13 Pro Max
7603	Apple	iPhone 6s
7604	Apple	iPhone 16 Pro
7605	Apple	iPhone 14
7606	Samsung	Galaxy S24 FE
7607	Samsung	Galaxy A35
7608	Samsung	Galaxy A14
7609	Samsung	Galaxy Z Fold4
7650	Apple	iPhone 16 Pro
7651	Samsung	Galaxy Z Flip7 FE
7652	Samsung	Galaxy Z Flip5
7653	Samsung	Galaxy S23
7654	OnePlus	OnePlus 12
7655	Google	Pixel 8a
7656	Google	Pixel 8 Pro
7657	Google	Pixel 8
7658	Universal	
7659	Universal	
7660	Universal	
7661	Garmin	Forerunner 265
7662	Apple	iPad Pro 12.9
7663	Apple	iPhone 15
7664	Apple	iPhone 15 Pro Max
7665	Samsung	Galaxy Z Fold5
7666	Apple	iPhone 14 Pro
7667	Apple	iPhone 13
7668	Apple	iPhone 13 Pro Max
7669	Samsung	Galaxy S24
7670	OnePlus	OnePlus Nord 4
7671	Universal	
7672	Universal	
7673	Universal	
7674	Universal	
7675	Universal	
7676	Universal	
7677	Universal	
7678	Universal	
7679	Universal	
7680	Universal	
7681	Universal	
7682	Universal	
7683	Universal	
7684	Universal	
7685	Universal	
7686	Universal	
7687	Universal	
7688	Universal	
7689	Universal	
7690	Universal	
7691	Universal	
7692	Universal	
7693	Universal	
7694	Universal	
7695	Universal	
7696	Universal	
7697	Universal	
7698	Universal	
7699	Universal	
7700	Universal	
7701	Universal	
7702	Universal	
7703	Universal	
7704	Universal	
7705	Universal	
7706	Universal	
7707	Universal	
7708	Universal	
7709	Universal	
7710	Universal	
7711	Universal	
7712	Universal	
7713	Universal	
7714	Universal	
7715	Universal	
7716	Apple	iPhone 17 Pro Max
7717	Apple	iPhone 17 Pro Max
7718	Apple	iPhone 17 Pro Max
7719	Apple	iPhone 17 Pro Max
7720	Apple	iPhone 17 Pro Max
7721	Apple	iPhone 17 Pro Max
7722	Apple	iPhone 17 Pro Max
7723	Apple	iPhone 17 Pro Max
7724	Apple	iPhone 17 Pro Max
7725	Apple	iPhone 17 Pro Max
7726	Apple	iPhone 17 Pro
7727	Apple	iPhone 17 Pro
7728	Apple	iPhone 17 Pro
7729	Apple	iPhone 17 Pro
7730	Apple	iPhone 17 Pro
7731	Apple	iPhone 17 Pro
7732	Apple	iPhone 17 Pro
7733	Apple	iPhone 17 Pro
7734	Apple	iPhone 17 Pro
7735	Apple	iPhone 17 Pro
7736	Apple	iPhone 17 Air
7737	Apple	iPhone 17 Air
7738	Apple	iPhone 17 Air
7739	Apple	iPhone 17 Air
7740	Apple	iPhone 17 Air
7741	Apple	iPhone 17 Air
7742	Apple	iPhone 17 Air
7743	Apple	iPhone 17 Air
7744	Apple	iPhone 17 Air
7745	Apple	iPhone 17 Air
7746	Apple	iPhone 17 Air
7747	Apple	iPhone 17
7748	Apple	iPhone 17
7749	Apple	iPhone 17
7750	Apple	iPhone 17
7751	Apple	iPhone 17
7752	Apple	iPhone 17
7753	Apple	iPhone 17
7754	Apple	iPhone 17
7755	Apple	iPhone 17
7756	Apple	iPhone 17
7757	Apple	iPhone 17
7758	Apple	iPhone 17
7759	Apple	iPhone 17
7760	Apple	iPhone 17
7761	Universal	
7762	Universal	
7763	Universal	
7764	Universal	
7765	Universal	
7766	Sony	Alpha
7767	Universal	
7768	Universal	
7769	Universal	
7770	Universal	
7771	Universal	
7772	Universal	
7773	Universal	
7774	Universal	
7775	Universal	
7776	Universal	
7777	Universal	
7778	Universal	
7779	Universal	
7780	Universal	
7781	Universal	
7782	Universal	
7783	Samsung	Galaxy S24 Ultra
7784	Samsung	Galaxy S24 Ultra
7785	Universal	
7786	Universal	
7787	Universal	
7788	Apple	iPhone 17
7789	Apple	iPhone 17
7790	Apple	iPhone 17
7791	Apple	iPhone 17
7792	Apple	iPhone 17
7793	Universal	
7794	Apple	iPhone 13 Pro Max
7795	Samsung	Galaxy S25+
7796	Google	Pixel 9 Pro
7797	Oppo	Reno12 F
7798	Apple	iPhone 16 Plus
7799	Samsung	Galaxy S25+
7800	Samsung	Galaxy Z Flip6
7801	Universal	
7802	Samsung	Galaxy S25+
7803	Samsung	Galaxy Xcover 5
7804	Apple	iPhone 15
7805	Samsung	Galaxy S24+
7806	Samsung	Galaxy Z Fold6
7807	Google	Pixel 9a
7808	Apple	iPhone 14 Pro Max
7809	Samsung	Galaxy S23
7810	Samsung	Galaxy S25
7811	Samsung	Galaxy A15
7812	Samsung	Galaxy S23 FE
7813	Samsung	Galaxy S25
7814	Universal	
7815	Universal	
7816	Universal	
7817	Universal	
7818	Universal	
7819	Universal	
7820	Universal	
7821	Universal	
7822	Universal	
7823	Samsung	Galaxy S25
7824	Samsung	Galaxy Tab A9
7825	Apple	iPad Air 13
7826	Apple	Apple Watch
7827	Samsung	Galaxy Tab S10 FE+
7828	Apple	Apple Watch
7829	Apple	iPad Pro 11
7830	Apple	iPhone 13
7831	Samsung	Galaxy S25 FE
7832	Garmin	Venu 3
7833	Samsung	Galaxy Watch 8 Classic
7834	Apple	iPhone 13
7835	Universal	
7836	Apple	iPad Air 4
7837	Apple	iPad Pro 11
7838	Universal	
7839	Apple	iPad Air 11
7840	Apple	iPhone 13 mini
7841	Apple	iPhone 14 Pro
7842	Apple	iPhone 16 Pro Max
7843	Apple	iPhone 12
7844	Apple	iPhone 13
7845	Apple	iPhone 13 Pro
7846	Apple	iPhone 13 Pro Max
7847	Apple	iPhone 14
7848	Apple	iPhone 14 Pro
7849	Apple	iPhone 14 Plus
7890	Universal	
7891	Universal	
7892	Universal	
7893	Universal	
7894	Universal	
7895	Universal	
7896	Universal	
7897	Universal	
7898	Universal	
7899	Universal	
7900	Universal	
7850	Apple	iPhone 14 Pro Max
7851	Apple	iPhone 15
7852	Apple	iPhone 15 Plus
7853	Apple	iPhone 15 Pro
7854	Apple	iPhone 15 Pro Max
7855	Apple	iPhone 16 Pro
7856	Apple	iPhone 16 Plus
7857	Apple	iPhone 16
7858	Apple	iPhone 17
7859	Apple	iPhone 17 Pro Max
7860	Apple	iPhone 17 Pro
7861	Universal	
7862	Apple	iPhone 17 Pro Max
7863	Apple	iPhone 17 Pro
7864	Apple	iPhone 17 Air
7865	Apple	iPhone 17
7866	Apple	iPhone 17 Pro Max
7867	Apple	iPhone 17 Pro
7868	Apple	iPhone 17 Air
7869	Apple	iPhone 17
7870	Universal	
7871	Sony	Sony ZV-E10
7872	Universal	
7873	Universal	
7874	Universal	
7875	Universal	
7876	Universal	
7877	Sony	Sony Alpha 7R V
7878	Universal	
7879	Universal	
7880	Sony	Sony Alpha
7881	Universal	
7882	Universal	
7883	Universal	
7884	Universal	
7885	Universal	
7886	Universal	
7887	Universal	
7888	Universal	
7889	Universal	
