149	small-parts-flex -> apple-watch	NFC Wireless Antenna Pad For Apple Watch Seriesi 2 - 38MM
150	small-parts-flex -> apple-watch	Microphone Flex For Apple Watch Series 2 - 38MM
151	screens-lcds -> apple-watch	LCD Flex For Apple Watch Series 2 - 38MM
152	batteries -> apple-watch	Battery For Apple Watch Series 2 - 38MM
153	screens-lcds -> apple-watch	OLED Assembly For Apple Watch Series 2 - 38MM
154	small-parts-flex -> apple-watch	NFC Wireless Antenna Pad For Apple Watch Seriesi 2 - 42MM
155	small-parts-flex -> apple-watch	Microphone Flex For Apple Watch Series 2 - 42MM
156	screens-lcds -> apple-watch	LCD Flex For Apple Watch Series 2 - 42MM
157	batteries -> apple-watch	Battery For Apple Watch Series 2 - 42MM
158	screens-lcds -> apple-watch	OLED Assembly For Apple Watch Series 2 - 42MM
159	small-parts-flex -> apple-watch	Force Touch Sensor With Adhesive For Apple Watch Series 2 - 42MM
160	small-parts-flex -> apple-watch	Force Touch Sensor With Adhesive For Apple Watch Series 2 - 38MM
161	screens-lcds -> apple-watch	LCD Adhesive Tape For Apple Watch Series 1 / Series 2 / Series 3 -38MM
162	screens-lcds -> apple-watch	LCD Adhesive Tape For Apple Watch Series 1 / Series 2 / Series 3 - 42MM
163	screens-lcds -> apple-watch	OLED Assembly For Apple Watch Series 3 - 38MM Gps-Version
164	screens-lcds -> apple-watch	OLED Assembly For Apple Watch Series 3 - 38MM Gps+Cellular-Version
165	batteries -> apple-watch	Battery For Apple Watch Series 3 - 38MM Gps+Cellular-Version
166	batteries -> apple-watch	Battery For Apple Watch Series 3 - 38MM Gps-Version
167	screens-lcds -> apple-watch	LCD Flex Cable With Microphone For Apple Watch Series 3 - 38MM Gps+Cellular-Version
168	screens-lcds -> apple-watch	LCD Flex Cable With Microphone For Apple Watch Series 3 - 38MM Gps-Version
169	small-parts-flex -> apple-watch	Microphone Flex For Apple Watch Series 3 - 38MM Gps+Cellular-Version
170	small-parts-flex -> apple-watch	Force Touch Sensor With Adhesive For Apple Watch Series 3 38MM - Gps+Cellular-Version
171	small-parts-flex -> apple-watch	Force Touch Sensor With Adhesive For Apple Watch Series 3 38MM - Gps-Version
172	small-parts-flex -> apple-watch	NFC Wireless Antenna Pad For Apple Watch Series 3 - 38MM Gps-Version
173	small-parts-flex -> apple-watch	NFC Wireless Antenna Pad For Apple Watch Series 3 - 38MM Gps+Cellular-Version
174	screens-lcds -> apple-watch	OLED Assembly For Apple Watch Series 3 - 42MM Gps-Version
175	screens-lcds -> apple-watch	OLED Assembly For Apple Watch Series 3 - 42MM Gps+Cellular-Version
176	batteries -> apple-watch	Battery For Apple Watch Series 3 - 42MM Gps+Cellular-Version
177	screens-lcds -> apple-watch	LCD Flex Cable With Microphone For Apple Watch Series 3 - 42MM Gps+Cellular-Version
178	small-parts-flex -> apple-watch	Microphone Flex For Apple Watch Series 3 - 42MM Gps+Cellular-Version
179	small-parts-flex -> apple-watch	Force Touch Sensor With Adhesive For Apple Watch Series 3 42MM - Gps+Cellular-Version
180	small-parts-flex -> apple-watch	Force Touch Sensor With Adhesive For Apple Watch Series 3 42MM - Gps-Version
181	small-parts-flex -> apple-watch	NFC Wireless Antenna Pad For Apple Watch Series 3 - 42MM Gps-Version
182	small-parts-flex -> apple-watch	NFC Wireless Antenna Pad For Apple Watch Series 3 - 42MM Gps+Cellular-Version
183	screens-lcds -> apple-watch	OLED Assembly For Apple Watch Series 4 - 40MM
184	batteries -> apple-watch	Battery For Apple Watch Series 4 - 40MM
185	small-parts-flex -> apple-watch	Force Touch Sensor With Adhesive For Apple Watch Series 4 - 40MM
186	small-parts-flex -> apple-watch	Loud Speaker For Apple Watch Series 4 - 40MM - 44MM
187	screens-lcds -> apple-watch	LCD Flex Cable With Microphone For Apple Watch Series 4 - 40MM Gps+Cellular-Version
188	screens-lcds -> apple-watch	LCD Adhesive For Apple Watch Series 4 / Series 5 / Se - 40MM
189	small-parts-flex -> apple-watch	NFC Wireless Antenna Pad For Apple Watch Series 4 - 40MM
190	screens-lcds -> apple-watch	OLED Assembly For Apple Watch Series 4 - 44MM
191	batteries -> apple-watch	Battery For Apple Watch Series 4 - 44MM
192	small-parts-flex -> apple-watch	Force Touch Sensor With Adhesive For Apple Watch Series 4 - 44MM
193	screens-lcds -> apple-watch	LCD Flex Cable With Microphone For Apple Watch Series 4 - 44MM Gps+Cellular-Version
194	small-parts-flex -> apple-watch	NFC Wireless Antenna Pad For Apple Watch Series 4 - 44MM
195	screens-lcds -> apple-watch	OLED Assembly For Apple Watch Series 5 / SE - 40MM
196	batteries -> apple-watch	Battery For Apple Watch Series 5 / SE - 40MM
197	small-parts-flex -> apple-watch	Force Touch Sensor With Adhesive For Apple Watch Series 5 / Se - 40MM
198	screens-lcds -> apple-watch	LCD Flex Cable For Apple Watch Series 5 - 40MM
199	screens-lcds -> apple-watch	OLED Assembly For Apple Watch Series 5 / SE - 44MM
200	batteries -> apple-watch	Battery For Apple Watch Series 5 / SE - 44MM
201	screens-lcds -> apple-watch	LCD Flex Cable For Apple Watch Series 5 - 44MM
202	small-parts-flex -> apple-watch	Force Touch Sensor With Adhesive For Apple Watch Series 5 / SE - 44MM
203	screens-lcds -> apple-watch	LCD Adhesive For Apple Watch Series 4 / Series 5 / SE - 44MM
204	screens-lcds -> apple-watch	OLED Assembly For Apple Watch Series 6 - 40MM
205	screens-lcds -> apple-watch	OLED Assembly For Apple Watch Series 6 - 44MM
218	cables-chargers -> small-parts-flex	Mainboard Flex Cable For Samsung Galaxy S20 FE
231	cameras -> back-glass-housings	Back Cover Glass With Camera Lens For Samsung Galaxy S20 Ultra (Cosmic Black)
232	cameras -> back-glass-housings	Back Cover Glass With Camera Lens For Samsung Galaxy S20 Ultra (Cosmic Grey)
241	cameras -> back-glass-housings	Back Cover Glass With Camera Lens For Samsung Galaxy S20 Plus (Cosmic Black)
242	cameras -> back-glass-housings	Back Cover Glass With Camera Lens For Samsung Galaxy S20 Plus (Cloud Blue)
243	cameras -> back-glass-housings	Back Cover Glass With Camera Lens For Samsung Galaxy S20 Plus (Red)
244	cameras -> back-glass-housings	Back Cover Glass With Camera Lens For Samsung Galaxy S20 (Blue)
245	cameras -> back-glass-housings	Back Cover Glass With Camera Lens For Samsung Galaxy S20 (Cosmic Grey)
246	cameras -> back-glass-housings	Back Cover Glass With Camera Lens For Samsung Galaxy S20 (Pink)
247	cameras -> back-glass-housings	Back Cover Glass With Camera Lens For Samsung Galaxy S20 (White)
248	cameras -> back-glass-housings	Back Cover Glass With Camera Lens For Samsung Galaxy S20 Plus (Cosmic White)
249	screens-lcds -> tools-adhesives	Tester Cable (LCD Assembly) For Samsung Galaxy S20 5G / S20 Plus 5G / S20 Ultra 5G
260	cameras -> back-glass-housings	Back Cover With Camera Lens For Samsung Galaxy S10 5G (Crown Silver)
261	cameras -> back-glass-housings	Back Cover With Camera Lens For Samsung Galaxy S10 5G (Majestic Black)
267	cameras -> back-glass-housings	Back Cover With Camera Lens For Samsung Galaxy S10 Plus (Ceramic White)
268	screens-lcds -> tools-adhesives	Tester Cable (LCD Assembly) For Samsung Galaxy Note 9 / S10 / S10+
269	cameras -> back-glass-housings	Back Cover With Camera Lens For Samsung Galaxy S10 Plus (Ceramic Black)
270	cameras -> back-glass-housings	Back Cover With Camera Lens For Samsung Galaxy S10 Plus (Blue)
271	cameras -> back-glass-housings	Back Cover With Camera Lens For Samsung Galaxy S10 Plus (Green)
272	cameras -> back-glass-housings	Back Cover With Camera Lens For Samsung Galaxy S10 Plus (Black)
273	cameras -> back-glass-housings	Back Cover With Camera Lens For Samsung Galaxy S10 Plus (White)
276	cameras -> back-glass-housings	Back Cover With Camera Lens For Samsung Galaxy S10 (Prism Green)
277	cameras -> back-glass-housings	Back Cover With Camera Lens For Samsung Galaxy S10 (Prism Blue)
278	cameras -> back-glass-housings	Back Cover With Camera Lens For Samsung Galaxy S10 (Prism White)
279	cameras -> back-glass-housings	Back Cover With Camera Lens For Samsung Galaxy S10 (Prism Black)
280	cameras -> back-glass-housings	Back Cover With Camera Lens For Samsung Galaxy S10 (Silver)
285	screens-lcds -> tools-adhesives	Tester Cable (LCD Assembly) For Samsung Galaxy S10E
287	cameras -> back-glass-housings	Back Cover With Camera Lens For Samsung Galaxy S10E (Yellow)
288	cameras -> back-glass-housings	Back Cover With Camera Lens For Samsung Galaxy S10E (White)
289	cameras -> back-glass-housings	Back Cover With Camera Lens For Samsung Galaxy S10E (Green)
290	cameras -> back-glass-housings	Back Cover With Camera Lens For Samsung Galaxy S10E (Prisma Blue)
291	cameras -> back-glass-housings	Back Cover With Camera Lens For Samsung Galaxy S10E (Black)
301	cameras -> back-glass-housings	Back Cover Glass With Camera Lens For Samsung Galaxy S9 Plus (Midnight Black)
302	cameras -> back-glass-housings	Back Cover Glass With Camera Lens For Samsung Galaxy S9 Plus (Lilac Purple)
303	cameras -> back-glass-housings	Back Cover Glass With Camera Lens For Samsung Galaxy S9 Plus (Coral Blue)
304	cameras -> back-glass-housings	Back Cover Glass With Camera Lens For Samsung Galaxy S9 Plus (Grey)
305	cameras -> back-glass-housings	Back Cover Glass With Camera Lens For Samsung Galaxy S9 Plus (Gold)
306	cameras -> back-glass-housings	Back Cover Glass With Camera Lens For Samsung Galaxy S9 Plus (Premium) (Coral Blue)
315	screens-lcds -> tools-adhesives	Tester Cable (LCD Assembly) For Samsung Galaxy S8 / S8 Plus / S9 / S9 Plus / Note 8
316	cameras -> back-glass-housings	Back Cover Glass With Camera Lens For Samsung Galaxy S9 (Black)
317	cameras -> back-glass-housings	Back Cover Glass With Camera Lens For Samsung Galaxy S9 (Blue)
318	cameras -> back-glass-housings	Back Cover Glass With Camera Lens For Samsung Galaxy S9 (Purple)
319	cameras -> back-glass-housings	Back Cover Glass With Camera Lens For Samsung Galaxy S9 (Grey)
320	cameras -> back-glass-housings	Back Cover Glass With Camera Lens For Samsung Galaxy S9 (Gold)
335	cameras -> back-glass-housings	Back Cover Glass With Camera Lens For Samsung Galaxy S8 Plus (Orchid Gray)
336	cameras -> back-glass-housings	Back Cover Glass With Camera Lens For Samsung Galaxy S8 Plus (Midnight Black)
337	cameras -> back-glass-housings	Back Cover Glass With Camera Lens For Samsung Galaxy S8 Plus (Arctic Silver)
338	cameras -> back-glass-housings	Back Cover Glass With Camera Lens For Samsung Galaxy S8 Plus (Coral Blue)
339	cameras -> back-glass-housings	Back Cover Glass With Camera Lens For Samsung Galaxy S8 Plus (Gold)
348	cameras -> back-glass-housings	Back Cover Glass With Camera Lens For Samsung Galaxy S8 (Arctic Silver)
349	cameras -> back-glass-housings	Back Cover Glass With Camera Lens For Samsung Galaxy S8 (Midnight Black)
350	cameras -> back-glass-housings	Back Cover Glass With Camera Lens For Samsung Galaxy S8 (Orchid Grey)
351	cameras -> back-glass-housings	Back Cover Glass With Camera Lens For Samsung Galaxy S8 (Gold)
352	cameras -> back-glass-housings	Back Cover Glass With Camera Lens For Samsung Galaxy S8 (Coral Blue)
363	cameras -> back-glass-housings	Back Cover Glass With Camera Lens For Samsung Galaxy Note 8 (Black)
364	cameras -> back-glass-housings	Back Cover Glass With Camera Lens For Samsung Galaxy Note 8 (Gold)
372	cameras -> back-glass-housings	Back Cover Glass With Camera Lens For Samsung Galaxy Note 9 (Midnight Black)
373	cameras -> back-glass-housings	Back Cover Glass With Camera Lens For Samsung Galaxy Note 9 (Ocean Blue)
374	cameras -> back-glass-housings	Back Cover Glass With Camera Lens For Samsung Galaxy Note 9 (Lavender Purple)
375	cameras -> back-glass-housings	Back Cover Glass With Camera Lens For Samsung Galaxy Note 9 (Metallic Copper)
384	cameras -> back-glass-housings	Back Cover Glass With Camera Lens For Samsung Galaxy Note 10 (Aura Glow/Silver)
385	cameras -> back-glass-housings	Back Cover Glass With Camera Lens For Samsung Galaxy Note 10 (White)
386	cameras -> back-glass-housings	Back Cover Glass With Camera Lens For Samsung Galaxy Note 10 (Black)
394	cameras -> back-glass-housings	Back Cover Glass With Camera Lens For Samsung Galaxy Note 10 Plus / 5G (Aura Glow/Silver)
395	cameras -> back-glass-housings	Back Cover Glass With Camera Lens For Samsung Galaxy Note 10 Plus / 5G (Aura White)
396	cameras -> back-glass-housings	Back Cover Glass With Camera Lens For Samsung Galaxy Note 10 Plus / 5G (Aura Black)
398	cameras -> back-glass-housings	Back Cover Glass With Camera Lens For Samsung Galaxy Note 10 Plus / 5G (Aura Blue)
403	cameras -> back-glass-housings	Back Cover Glass With Camera Lens For Samsung Galaxy Note 20 Ultra (White)
404	cameras -> back-glass-housings	Back Cover Glass With Camera Lens For Samsung Galaxy Note 20 Ultra (Bronze)
405	cameras -> back-glass-housings	Back Cover Glass With Camera Lens For Samsung Galaxy Note 20 Ultra (Black)
409	screens-lcds -> tools-adhesives	Tester Cable (LCD Assembly) For Samsung Galaxy Note 20 5G
410	cameras -> back-glass-housings	Back Cover Glass With Camera Lens for Samsung Galaxy Note 20 (Cosmic Grey)
411	cameras -> back-glass-housings	Back Cover Glass With Camera Lens for Samsung Galaxy Note 20 (White)
415	cameras -> back-glass-housings	Back Cover Glass With Camera Lens for Samsung Galaxy Note 20 (Blue)
417	cameras -> back-glass-housings	Back Cover Glass With Camera Lens for Samsung Galaxy Note 20 (Red)
422	cameras -> back-glass-housings	Back Cover with Camera Lens for Samsung Galaxy A20e (White)
423	cameras -> back-glass-housings	Back Cover with Camera Lens for Samsung Galaxy A20e (Coral)
424	cameras -> back-glass-housings	Back Cover with Camera Lens for Samsung Galaxy A20e (Blue)
425	cameras -> back-glass-housings	Back Cover with Camera Lens for Samsung Galaxy A20e (Black)
426	cameras -> back-glass-housings	Back Cover With Camera Lens For Samsung Galaxy A32 5G (White)
427	cameras -> back-glass-housings	Back Cover With Camera Lens For Samsung Galaxy A32 5G (Blue)
428	cameras -> back-glass-housings	Back Cover With Camera Lens For Samsung Galaxy A32 5G (Black)
431	cameras -> back-glass-housings	Back Cover With Camera Lens For Samsung Galaxy A32 4G (White)
432	cameras -> back-glass-housings	Back Cover With Camera Lens For Samsung Galaxy A32 4G (Violet)
433	cameras -> back-glass-housings	Back Cover With Camera Lens For Samsung Galaxy A32 4G (Blue)
434	cameras -> back-glass-housings	Back Cover With Camera Lens For Samsung Galaxy A32 4G (Black)
439	cameras -> back-glass-housings	Back Cover With Camera Lens For Samsung Galaxy A10 (Blue)
440	cameras -> back-glass-housings	Back Cover With Camera Lens For Samsung Galaxy A10 (Red)
441	cameras -> back-glass-housings	Back Cover With Camera Lens For Samsung Galaxy A10 (Black)
451	cameras -> back-glass-housings	Back Cover With Camera Lens for A50 (White)
452	cameras -> back-glass-housings	Back Cover With Camera Lens for A50 (Blue)
453	cameras -> back-glass-housings	Back Cover With Camera Lens for A50 (Black)
456	cameras -> back-glass-housings	Back Cover With Camera Lens For Samsung Galaxy A20s (Black)
461	cameras -> back-glass-housings	Back Cover With Camera Lens for A21s (Blue)
462	cameras -> back-glass-housings	Back Cover With Camera Lens for A21s (White)
463	cameras -> back-glass-housings	Back Cover With Camera Lens for A21s (Black)
482	cameras -> back-glass-housings	Back Cover with Camera Lens for A42 5G (Grey)
483	cameras -> back-glass-housings	Back Cover with Camera Lens for A42 5G (White)
484	cameras -> back-glass-housings	Back Cover with Camera Lens for A42 5G (Black)
491	cameras -> back-glass-housings	Back Cover with Camera Lens for A41 (Blue)
492	cameras -> back-glass-housings	Back Cover with Camera Lens for A41 (White)
493	cameras -> back-glass-housings	Back Cover with Camera Lens for A41 (Black)
498	cameras -> back-glass-housings	Back Cover with Camera Lens for Samsung Galaxy A40 (Blue)
499	cameras -> back-glass-housings	Back Cover with Camera Lens for Samsung Galaxy A40 (White)
500	cameras -> back-glass-housings	Back Cover with Camera Lens for Samsung Galaxy A40 (Coral)
501	cameras -> back-glass-housings	Back Cover with Camera Lens for Galaxy A90 (White)
502	cameras -> back-glass-housings	Back Cover with Camera Lens for Galaxy A90 (Black)
510	cameras -> back-glass-housings	Back Cover with Camera Lens for Galaxy A51 (Blue)
511	cameras -> back-glass-housings	Back Cover with Camera Lens for Galaxy A51 (White)
512	cameras -> back-glass-housings	Back Cover with Camera Lens for Galaxy A51 (Black)
518	cameras -> back-glass-housings	Back Cover with Camera Lens for A70 (Coral)
519	cameras -> back-glass-housings	Back Cover with Camera Lens for A70 (Blue)
520	cameras -> back-glass-housings	Back Cover with Camera Lens for A70 (White)
521	cameras -> back-glass-housings	Back Cover with Camera Lens for A70 (Black)
527	cameras -> back-glass-housings	Back Cover with Camera Lens for A71 (Silver)
528	cameras -> back-glass-housings	Back Cover with Camera Lens for A71 (Blue)
529	cameras -> back-glass-housings	Back Cover with Camera Lens for A71 (White)
530	cameras -> back-glass-housings	Back Cover with Camera Lens for A71 (Black)
551	cameras -> back-glass-housings	Back Cover With Camera Lens for Galaxy A12 (Blue)
552	cameras -> back-glass-housings	Back Cover With Camera Lens for Galaxy A12 (White)
553	cameras -> back-glass-housings	Back Cover With Camera Lens for Galaxy A12 (Black)
562	cameras -> back-glass-housings	Back Cover with Camera Lens for A31 (Blue)
563	cameras -> back-glass-housings	Back Cover with Camera Lens for A31 (Black)
567	cables-chargers -> small-parts-flex	Gps / Bluetooth Antenna Connecting Cable For iPad Mini 1 / iPad Mini 2 / iPad Mini 3
570	cables-chargers -> small-parts-flex	Wifi Cable For iPad Mini 1 / iPad Mini 2 / iPad Mini 3
571	other-parts -> small-parts-flex	SIM Card Tray For iPad Mini 1 (Black)
572	other-parts -> small-parts-flex	SIM Card Tray For iPad Mini 1 / iPad Mini 2 / iPad Mini 3 / iPad Air 1 / iPad 5 (2017) (Silver)
573	cables-chargers -> small-parts-flex	Headphone Jack Flex Cable For iPad Mini 1 (Black)
574	cables-chargers -> small-parts-flex	Headphone Jack Flex Cable For iPad Mini 1 (White)
575	cables-chargers -> small-parts-flex	Hard Buttons For iPad Mini 1 (Power:Volume: & Mute) (Black)
576	cables-chargers -> small-parts-flex	Power Button And Volume Button Flex Cable For iPad Mini 1 / iPad Air 1
586	other-parts -> small-parts-flex	Complete Screw Set For iPad Mini 1 / Mini 2 / Mini 3
587	screens-lcds -> tools-adhesives	Tester Cable (LCD + Digitizer) For iPad Mini 1
589	other-parts -> small-parts-flex	SIM Card Tray For iPad Mini 2 / iPad Mini 3 / iPad Air 1 / iPad 5 (2017) (Space Grey)
590	cables-chargers -> small-parts-flex	Headphone Jack Flex Cable For iPad Mini 2 / iPad Mini 3 (Black)
591	cables-chargers -> small-parts-flex	Headphone Jack Flex Cable For iPad Mini 2 / iPad Mini 3 (White)
592	cables-chargers -> small-parts-flex	Power And Volume Button Flex Cable For iPad Mini 2 / iPad Mini 3
605	screens-lcds -> tools-adhesives	Tester Cable (LCD + Digitizer) For iPad Mini 4
606	screens-lcds -> small-parts-flex	LCD Adhesive Tape For iPad Mini 4 (Tesa Tape)
607	other-parts -> small-parts-flex	SIM Card Tray For iPad Pro 9.7 / Mini 4 (Space Grey)
608	other-parts -> small-parts-flex	SIM Card Tray For iPad Pro 9.7 / Mini 4 (Silver)
609	other-parts -> small-parts-flex	SIM Card Tray For iPad Pro 9.7 / Mini 4 (Gold)
610	other-parts -> small-parts-flex	SIM Card Reader Only For iPad Mini 4 (Soldering Required)
611	other-parts -> small-parts-flex	Complete Screw Set For iPad Mini 4
613	screens-lcds -> small-parts-flex	LCD Cable Holding Bracket For iPad Mini 4 (Wifi Version)
614	screens-lcds -> small-parts-flex	LCD Cable Holding Bracket For iPad Mini 4 (4G Version)
615	cables-chargers -> small-parts-flex	Gps Antenna Flex Cable For iPad Mini 4
616	cables-chargers -> small-parts-flex	Cellular Antenna Cable For iPad Mini 4 (Left)
617	cables-chargers -> small-parts-flex	Cellular Antenna Cable For iPad Mini 4 (Right)
618	cables-chargers -> small-parts-flex	Wifi Antenna Flex Cable For iPad Mini 4 / Mini 5
619	cables-chargers -> small-parts-flex	Headphone Jack With Flex Cable For iPad Mini 4 (Wifi Version) (Black)
620	cables-chargers -> small-parts-flex	Headphone Jack With Flex Cable For iPad Mini 4 (Wifi Version) (White)
621	cables-chargers -> small-parts-flex	Headphone Jack With Flex Cable For iPad Mini 4 (4G Version) (Black)
622	cables-chargers -> small-parts-flex	Headphone Jack With Flex Cable For iPad Mini 4 (4G Version) (White)
624	cables-chargers -> small-parts-flex	Volume Button Flex Cable For iPad Mini 4
625	cables-chargers -> small-parts-flex	Power Button Flex Cable For iPad Mini 4
639	screens-lcds -> tools-adhesives	Tester Cable (LCD) For iPad Mini 5
640	other-parts -> small-parts-flex	SIM Card Tray For iPad Mini 5 (Black)
641	other-parts -> small-parts-flex	SIM Card Tray For iPad Mini 5 (White)
642	other-parts -> small-parts-flex	SIM Card Tray For iPad Mini 5 (Rose Gold)
643	cables-chargers -> small-parts-flex	Top Right Antenna Cable For iPad Mini 5
645	cables-chargers -> small-parts-flex	Power Button Flex Cable For iPad Mini 5
652	screens-lcds -> small-parts-flex	LCD Adhesive Tape For iPad Air 1 / iPad 5 (2017) (Tesa Tape)
653	other-parts -> small-parts-flex	SIM Card Reader For iPad Air 1 / iPad 5 (2017)
655	other-parts -> small-parts-flex	Complete Screw Set For iPad Air 1 / iPad 5 (2017) / iPad 6 (2018)
656	cables-chargers -> small-parts-flex	MICrophone Flex Cable For iPad Air 1 / iPad 5 (2017) / iPad 6 (2018)
657	screens-lcds -> small-parts-flex	LCD Cable Holding Plate For iPad Air 1
658	cables-chargers -> small-parts-flex	Right Signal Antenna Cable For iPad Air 1 / iPad 5 (2017)
659	cables-chargers -> small-parts-flex	Left Signal Antenna Cable For iPad Air 1 / iPad 5 (2017)
660	cables-chargers -> small-parts-flex	Wifi Antenna Cable For iPad Air 1 / iPad 5 (2017) / iPad 6 (2018) / iPad 7 (10.2" / 2019) / iPad 8 (10.2" / 2020)
661	cables-chargers -> small-parts-flex	Gps Antenna Cable For iPad Air 1 / iPad 5 (2017) / iPad 6 (2018)
662	cables-chargers -> small-parts-flex	Volume Flex Cable Holding Bracket For iPad Air 1
663	cameras -> small-parts-flex	Front Camera Bracket For iPad Air 1
664	cables-chargers -> small-parts-flex	Headphone Jack Flex Cable For iPad Air 1 / iPad 5 (2017) / iPad 6 (2018) (White) (4G Version)
665	cables-chargers -> small-parts-flex	Headphone Jack Flex Cable For iPad Air 1 / iPad 5 (2017) / iPad 6 (2018) (Black) (4G Version)
666	cables-chargers -> small-parts-flex	Headphone Jack Flex Cable For iPad Air 1 / iPad 5 (2017) / iPad 6 (2018) (Black) (Wifi Version)
667	cables-chargers -> small-parts-flex	Headphone Jack Flex Cable For iPad Air 1 / iPad 5 (2017) / iPad 6 (2018) (White) (Wifi Version)
671	cables-chargers -> small-parts-flex	Hard Buttons Set (Power & Volume & Mute) For iPad Air 1 (Black)
672	cables-chargers -> small-parts-flex	Hard Buttons Set (Power & Volume & Mute) For iPad Air 1 (White)
680	screens-lcds -> small-parts-flex	LCD Adhesive Tape For iPad Air 2 (Tesa Tape)
681	other-parts -> small-parts-flex	SIM Card Tray For iPad Air 2 (Gold)
682	other-parts -> small-parts-flex	SIM Card Tray For iPad Air 2 (Grey)
683	other-parts -> small-parts-flex	SIM Card Tray For iPad Air 2 (White)
684	other-parts -> small-parts-flex	Complete Screw Set For iPad Air 2
686	other-parts -> screens-lcds	Backlight Only For iPad Air 2
687	cables-chargers -> small-parts-flex	Wifi / Bluetooth Antenna Flex Cable For iPad Air 2
689	cables-chargers -> small-parts-flex	Sleep / Wake Sensor Flex Cable For iPad Air 2
690	cables-chargers -> small-parts-flex	Headphone Jack Flex Cable For iPad Air 2 (4G Version) (Black)
691	cables-chargers -> small-parts-flex	Headphone Jack Flex Cable For iPad Air 2 (4G Version) (White)
692	cables-chargers -> small-parts-flex	Headphone Jack Flex Cable For iPad Air 2 (Wifi Version) (White)
693	cables-chargers -> small-parts-flex	Headphone Jack Flex Cable For iPad Air 2 (Wifi Version) (Black)
694	screens-lcds -> small-parts-flex	LCD Cable Holding Bracket For iPad Air 2
695	cables-chargers -> small-parts-flex	Power Button Flex And MICrophone For iPad Air 2
696	cables-chargers -> small-parts-flex	Volume Flex Cable For iPad Air 2
697	cables-chargers -> small-parts-flex	Hard Buttons Set For iPad Pro 12.9 (1st Gen: 2015) / iPad Air 2 (Power & Volume) (Silver)
698	cables-chargers -> small-parts-flex	Hard Buttons Set For iPad Pro 12.9 (1st Gen: 2015) / iPad Air 2 (Power & Volume) (Gold)
699	cables-chargers -> small-parts-flex	Hard Buttons Set For iPad Pro 12.9 (1st Gen: 2015) / iPad Air 2 (Power & Volume) (Space Grey)
701	cables-chargers -> small-parts-flex	Home Button With Flex Cable For iPad Pro 12.9" (1st Gen: 2015) / Air 2 (Silver)
709	screens-lcds -> tools-adhesives	Tester Cable (LCD + Digitizer) For iPad Pro 10.5 / iPad Air 3
710	screens-lcds -> small-parts-flex	LCD Adhesive Tape For iPad Pro 10.5 / Air 3 (Tesa Tape)
711	cables-chargers -> small-parts-flex	SIM Card Reader Flex Cable For iPad Air 3 / iPad Pro 10.5
712	other-parts -> small-parts-flex	Complete Screw Set For iPad Air 3
713	cables-chargers -> small-parts-flex	Hard Buttons Set (Power & Volume) For iPad Pro 10.5 / iPad Air 3 / iPad Pro 12.9 (2nd Gen: 2017) (Gold)
714	cables-chargers -> small-parts-flex	Hard Buttons Set (Power & Volume) For iPad Pro 10.5 / iPad Air 3 / iPad Pro 12.9 (2nd Gen: 2017) (Silver)
715	cables-chargers -> small-parts-flex	Hard Buttons Set (Power & Volume) For iPad Pro 10.5 / iPad Air A3 / iPad Pro 12.9 (2nd Gen: 2017) (Space Grey)
717	cables-chargers -> small-parts-flex	MICrophone Flex Cable For iPad Air 3
718	cables-chargers -> small-parts-flex	Keyboard Flex Cable For iPad Air 3 (Black)
719	cables-chargers -> small-parts-flex	Keyboard Flex Cable For iPad Air 3 (White)
720	cables-chargers -> small-parts-flex	Power Button Flex For iPad Air 3
724	cables-chargers -> small-parts-flex	Home Button Flex Cable For iPad Pro 10.5 / iPad Air 3 / iPad Pro 12.9" (2nd Gen: 2017) (Silver)
725	cables-chargers -> small-parts-flex	Home Button Flex Cable For iPad Pro 10.5 / iPad Air 3 /iPad Pro 12.9" (2nd Gen: 2017) (Space Grey)
726	cables-chargers -> small-parts-flex	Home Button Flex Cable For iPad Pro 10.5 / iPad Air 3 / iPad Pro 12.9" (2nd Gen: 2017) (Gold)
727	cables-chargers -> small-parts-flex	Home Button Flex Cable For iPad Pro 10.5 / iPad Air 3 / iPad Pro 12.9" (2nd Gen: 2017) (Rose Gold)
732	screens-lcds -> tools-adhesives	Tester Cable (Digitizer) For iPad 2 / 3 / 4
733	other-parts -> small-parts-flex	Complete Screw Set For iPad 2 / iPad 3 / iPad 4
734	screens-lcds -> small-parts-flex	LCD Power Switch Connection Board For iPad 2 (Wifi Version)
735	screens-lcds -> small-parts-flex	LCD Power Switch Connection Board For iPad 2 (3G)
736	cables-chargers -> small-parts-flex	Left Cellular Antenna Flex Cable For iPad 2 (Cdma)
737	cables-chargers -> small-parts-flex	Right Antenna Flex Cable For iPad 2 (3G Att)
738	screens-lcds -> small-parts-flex	LCD Flex Cable For iPad 2 (3G And Wifi)
739	screens-lcds -> small-parts-flex	Digitizer Flex Cable For iPad 2 (3G And Wifi)
740	cables-chargers -> small-parts-flex	Wifi Cable For iPad 2
741	cables-chargers -> small-parts-flex	Left Antenna Flex Cable For iPad 2 (3G / Verizon)
744	cables-chargers -> small-parts-flex	MICrophone Flex Cable For iPad 2
746	cables-chargers -> small-parts-flex	Headphone Jack And Simcard Holder Flex Cable For iPad 2 (3G)
747	cables-chargers -> small-parts-flex	Headphone Jack Flex Cable For iPad 2 (Wifi)
748	cables-chargers -> small-parts-flex	Hard Buttons For iPad 2 / iPad 3 / iPad 4 (Power: Volume & Mute)
749	cables-chargers -> small-parts-flex	Power Button Flex Cable For iPad 2 (2011 Version: Emc 2415)
750	cables-chargers -> small-parts-flex	Power Button Flex Cable For iPad 2 (2012 Version: Emc 2560)
760	cables-chargers -> small-parts-flex	Gps Connecting Cable For iPad 3 / iPad 4
761	cables-chargers -> small-parts-flex	3G Antenna Cable For iPad 3 / iPad 4 (Short)
762	cables-chargers -> small-parts-flex	3G Antenna Cable For iPad 3 / 4 (Long)
765	cables-chargers -> small-parts-flex	Headphone Jack And PCB Board With Flex Cable For iPad 3 / iPad 4 (Wifi Version)
766	cables-chargers -> small-parts-flex	Headphone Jack And Pcb Board With Flex Cable For iPad 3 / iPad 4 (4G Model)
767	cables-chargers -> small-parts-flex	Power / Volume Button Flex Cable For iPad 3 / iPad 4
776	cables-chargers -> small-parts-flex	Hard Buttons Set (Power & Volume) For iPad 5 (2017) / iPad 6 (2018) (Black)
777	cables-chargers -> small-parts-flex	Hard Buttons Set (Power & Volume) For iPad 5 (2017) / iPad 6 (2018) (White)
778	cables-chargers -> small-parts-flex	Hard Buttons Set (Power & Volume) For iPad 5 (2017) / iPad 6 (2018) (Gold)
780	cables-chargers -> small-parts-flex	Power Button Flex Cable For iPad 5 (2017) / iPad 6 (2018) / iPad 7 (10.2" / 2019) / iPad 8 (10.2" / 2020) / iPad 9 (10.2" / 2021)
781	cables-chargers -> small-parts-flex	Home Button Flex Cable For iPad 5 (2017) / iPad 6 (2018) (Gold)
782	cables-chargers -> small-parts-flex	Home Button Flex Cable For iPad 5 (2017) / iPad 6 (2018) (Black)
783	cables-chargers -> small-parts-flex	Home Button Flex Cable For iPad 5 (2017) / iPad 6 (2018) (White)
784	cables-chargers -> small-parts-flex	SIM Card Reader Flex Cable For iPad 6 (2018)
785	cables-chargers -> small-parts-flex	Hard Buttons Set (Power & Volume) For iPad 6 (2018) (Rose Gold)
786	cables-chargers -> small-parts-flex	Cellular Antenna Cable For iPad 6 (2018) (Left)
787	cables-chargers -> small-parts-flex	Cellular Antenna Cable For iPad 6 (2018) (Right)
791	screens-lcds -> small-parts-flex	LCD Adhesive Tape For iPad 7 (10.2" / 2019) (Tesa Tape) / iPad 8 (10.2" / 2020)
792	cables-chargers -> small-parts-flex	SIM Card Reader With Flex Cable For iPad 7 (10.2" / 2019) / iPad 8 (10.2" / 2020)
794	cables-chargers -> small-parts-flex	Keyboard Flex Cable For iPad 7 (10.2" / 2019) / iPad 8 (10.2" / 2020)
795	screens-lcds -> small-parts-flex	LCD Flex Cable Holding Bracket For iPad 7 (10.2 / 2019)
796	cables-chargers -> small-parts-flex	MICrophone Flex Cable For iPad 7 (10.2 / 2019) / iPad 8 (10.2" / 2020) / iPad 9 (10.2" / 2021)
806	cables-chargers -> small-parts-flex	Home Button Flex Cable For iPad 7 (10.2" / 2019) / iPad 8 (10.2" / 2020) / iPad 9 (10.2" / 2021) (Gold)
807	cables-chargers -> small-parts-flex	Home Button Flex Cable For iPad 7 (10.2" / 2019) / iPad 8 (10.2" / 2020) / iPad 9 (10.2" / 2021) (Space Grey)
808	cables-chargers -> small-parts-flex	Home Button Flex Cable For iPad 7 (10.2" / 2019) / iPad 8 (10.2" / 2020) iPad 9 (10.2" / 2021) (Silver)
809	cables-chargers -> small-parts-flex	Home Button Flex Cable For iPad 7 (10.2" / 2019) / iPad 8 (10.2" / 2020) (Rose Gold)
813	screens-lcds -> tools-adhesives	Tester Cable (Digitizer) For iPad 7 (10.2" / 2019)
814	screens-lcds -> small-parts-flex	LCD Flex Cable Holding Bracket (On The Mainboard) For iPad Pro 9.7
815	screens-lcds -> tools-adhesives	Tester Cable (LCD + Digitizer) For iPad Pro 9.7
816	screens-lcds -> tools-adhesives	LCD Adhesive Tape For iPad Pro 9.7 (Tesa Tape)
817	cables-chargers -> small-parts-flex	SIM Card Reader With Flex Cable For iPad Pro 12.9" (1st Gen: 2015) / iPad Pro 9.7
818	other-parts -> screens-lcds	Backlight Only For iPad Pro 9.7
819	other-parts -> small-parts-flex	Complete Screw Set For iPad Pro 9.7
820	cables-chargers -> small-parts-flex	Gps Signal Antenna Flex Cable For iPad Pro 9.7 (Long Flex)
821	cables-chargers -> small-parts-flex	Gps Signal Antenna Flex Cable For iPad Pro 9.7 (Short Flex)
822	cables-chargers -> small-parts-flex	Wifi Antenna Cable For iPad Pro 9.7 (Behind The Loud Speaker)
825	cables-chargers -> small-parts-flex	Hard Buttons Set (Power & Volume) For iPad Pro 9.7 (Space Grey)
826	cables-chargers -> small-parts-flex	Hard Buttons Set For iPad Pro 9.7 (Power & Volume) (Silver)
827	cables-chargers -> small-parts-flex	Hard Buttons Set For iPad Pro 9.7 (Power & Volume) (Rose Gold)
828	cables-chargers -> small-parts-flex	Volume Button Flex Cable For iPad Pro 9.7
829	cables-chargers -> small-parts-flex	Power Button Flex Cable For iPad Pro 9.7
830	cables-chargers -> small-parts-flex	Loud Speaker Flex Cable Ribbon (Wifi Version) For iPad Pro 9.7
831	cables-chargers -> small-parts-flex	Loud Speaker Flex Cable Ribbon (4G Version) For iPad Pro 9.7
837	cables-chargers -> small-parts-flex	Home Button With Flex Cable For iPad Pro 9.7 (Rose Gold)
838	cables-chargers -> small-parts-flex	Home Button With Flex Cable For iPad Pro 9.7 (Gold)
839	cables-chargers -> small-parts-flex	Home Button With Flex Cable For iPad Pro 9.7 (Silver)
840	cables-chargers -> small-parts-flex	Home Button With Flex Cable For iPad Pro 9.7 (Space Grey)
847	other-parts -> small-parts-flex	Complete Screw Set For iPad Pro 10.5
848	cables-chargers -> small-parts-flex	Right Antenna Connector Cable For iPad Pro 10.5
849	cables-chargers -> small-parts-flex	Left Antenna Flex Cable For iPad Pro 10.5 (Wifi / 3G Version)
850	cables-chargers -> small-parts-flex	Right Antenna Cable For iPad Pro 10.5 (4G Version)
851	cables-chargers -> small-parts-flex	Left Antenna Cable For iPad Pro 10.5 (4G Version)
852	cables-chargers -> small-parts-flex	Keyboard Flex Cable For iPad Pro 10.5 (Gold)
853	cables-chargers -> small-parts-flex	Keyboard Flex Cable For iPad Pro 10.5 (Black)
854	cables-chargers -> small-parts-flex	Keyboard Flex Cable For iPad Pro 10.5 (White)
855	cables-chargers -> small-parts-flex	Headphone Jack Flex Cable For iPad Pro 10.5 (Black)
856	cables-chargers -> small-parts-flex	Headphone Jack Flex Cable For iPad Pro 10.5 (White)
857	cables-chargers -> small-parts-flex	Headphone Jack Extension Cable For iPad Pro 10.5
858	cables-chargers -> small-parts-flex	Wifi Flex Cable For iPad Pro 10.5
859	cables-chargers -> small-parts-flex	MICrophone Flex Cable For iPad Pro 10.5
869	screens-lcds -> small-parts-flex	LCD Adhesive Tape For iPad Pro 11" (1st Gen: 2018 / 2nd Gen: 2020) (Tesa Tape)
870	cables-chargers -> small-parts-flex	SIM Card Flex Cable For iPad Pro 11" (1st Gen: 2018)
872	screens-lcds -> small-parts-flex	LCD Steel Plate For iPad Pro 11" (1st Gen: 2018)
873	cables-chargers -> small-parts-flex	Hard Buttons Set (Power & Volume) For iPad Pro 12.9 (3rd Gen: 2018) / iPad Pro 11 (1st Gen: 2018) (Silver)
874	cables-chargers -> small-parts-flex	Hard Buttons Set (Power & Volume) For iPad Pro 12.9 (3rd Gen: 2018) / iPad Pro 11 (1st Gen: 2018) (Space Grey)
875	cables-chargers -> small-parts-flex	MICrophone Flex Cable For iPad Pro 11" (1st Gen: 2018)
876	cables-chargers -> small-parts-flex	Proximity Sensor Flex Cable For iPad Pro 11" (1st Gen: 2018 / 2nd Gen: 2020)
877	cables-chargers -> small-parts-flex	Keyboard Flex Cable For iPad Pro 12.9" (3rd Gen: 2018) / iPad Pro 11" (1st Gen: 2018 (White)
878	cables-chargers -> small-parts-flex	Power / Volume Button Flex For iPad Pro 11" (1st Gen: 2018)
883	screens-lcds -> small-parts-flex	LCD Daughter Board For iPad Pro 12.9" (1st Gen: 2015) (Soldering Required)
884	screens-lcds -> tools-adhesives	Tester Cable (LCD + Digitizer) For iPad Pro 12.9" (1st Gen: 2015)
885	screens-lcds -> small-parts-flex	LCD Adhesive Tape For iPad Pro 12.9" (1st Gen: 2015) (Tesa Tape)
886	other-parts -> small-parts-flex	SIM Card Tray For iPad Pro 12.9 (1st Gen 2015) (Space Grey)
887	other-parts -> small-parts-flex	SIM Card Tray For iPad Pro 12.9 (1st Gen 2015) (Silver)
888	other-parts -> small-parts-flex	SIM Card Tray For iPad Pro 12.9 (1st Gen 2015) (Gold)
889	other-parts -> small-parts-flex	Complete Screw Set For iPad Pro 12.9 (1st Gen: 2015)
890	cables-chargers -> small-parts-flex	Wifi & Gps Antenna Flex Cable For iPad Pro 12.9" (1st Gen: 2015)
892	screens-lcds -> small-parts-flex	LCD Flex Cable Ribbon For iPad Pro 12.9" (1st Gen: 2015) (Soldering Required)
893	cables-chargers -> small-parts-flex	Headphone Jack Flex Cable For iPad Pro 12.9" (Wifi Version) (Black) (1st Gen: 2015)
894	cables-chargers -> small-parts-flex	Smart Keyboard Flex Cable For iPad Pro 12.9" (Gold) (1st Gen: 2015)
895	cables-chargers -> small-parts-flex	Smart Keyboard Flex Cable For iPad Pro 12.9" (Silver) (1st Gen: 2015)
896	cables-chargers -> small-parts-flex	Headphone Jack Flex Cable For iPad Pro 12.9" (Wifi Version) (White) (1st Gen: 2015)
897	cables-chargers -> small-parts-flex	Headphone Jack Flex Cable For iPad Pro 12.9" (4G Version) (White) (1st Gen: 2015)
898	cables-chargers -> small-parts-flex	Headphone Jack Flex Cable For iPad Pro 12.9" (4G Version) (Black) (1st Gen: 2015)
899	cables-chargers -> small-parts-flex	MICrophone Flex Cable For iPad Pro 12.9" (1st Gen: 2015)
900	cameras -> small-parts-flex	Volume & Back Camera Extension Flex Cable For iPad Pro 12.9" (1st Gen: 2015
901	cables-chargers -> small-parts-flex	Power / Volume Button Flex And MICrophone For iPad Pro 12.9" (1st Gen: 2015)
902	cables-chargers -> small-parts-flex	Keyboard Flex Cable For iPad Pro 12.9" (Gray) (1st Gen: 2015)
908	screens-lcds -> small-parts-flex	LCD Daughter Board For iPad Pro 12.9" (2nd Gen: 2017)
909	screens-lcds -> small-parts-flex	LCD Adhesive Tape For iPad Pro 12.9" (2nd Gen: 2017) (Tesa Tape)
910	cables-chargers -> small-parts-flex	SIM Card Reader With Flex Cable For iPad Pro 12.9" (2nd Gen: 2017)
915	cables-chargers -> small-parts-flex	Headphone Jack Flex Cable For iPad Pro 12.9" (Black) (2nd Gen: 2017)
916	cables-chargers -> small-parts-flex	Headphone Jack Flex Cable For iPad Pro 12.9" (White) (2nd Gen: 2017)
917	cables-chargers -> small-parts-flex	Power / Volume Button Flex For iPad Pro 12.9" (2nd Gen: 2017)
928	screens-lcds -> small-parts-flex	LCD Adhesive Tape For iPad Pro 12.9" (3rd Gen: 2018 / 4th Gen: 2020) (Tesa Tape)
929	cables-chargers -> small-parts-flex	SIM Card Flex Cable For iPad Pro 12.9" (3rd Gen 2018)
930	cables-chargers -> small-parts-flex	Proximity Sensor Flex Cable For iPad Pro 12.9" (3rd Gen 2018)
931	cables-chargers -> small-parts-flex	MICrophone Flex Cable For iPad Pro 12.9" (3rd Gen 2018)
932	cables-chargers -> small-parts-flex	Power / Volume Button Flex For iPad Pro 12.9" (3rd Gen 2018)
942	cables-chargers -> small-parts-flex	Home Button With Flex Cable Compatible For iPhone 5 (Black)
943	cables-chargers -> small-parts-flex	Home Button With Flex Cable Compatible For iPhone 5 (White)
948	cables-chargers -> small-parts-flex	Volume Button + Power Button Flex Compatible For iPhone 5
949	cables-chargers -> small-parts-flex	Hard Buttons Set Compatible For iPhone 5 (Power: Volume & Vibrator) (Silver)
950	cables-chargers -> small-parts-flex	Hard Buttons Set Compatible For iPhone 5 (Power: Volume & Vibrator) (Black)
953	other-parts -> small-parts-flex	Full Screw Set Compatible For iPhone 5
956	screens-lcds -> tools-adhesives	Tester Cable (LCD Assembly) Compatible For iPhone 5
963	cables-chargers -> small-parts-flex	Power And Volume Flex Compatible For iPhone 5C
965	other-parts -> small-parts-flex	Full Screw Set Compatible For iPhone 5C
971	batteries -> small-parts-flex	Battery Tape Compatible For iPhone 5S / SE (2016) / 5C
972	screens-lcds -> small-parts-flex	Tester Cable (LCD Assembly) Compatible For iPhone 5C
980	cameras -> small-parts-flex	Front Camera And Proximity Sensor Flex Compatible For iPhone 5S (Premium)
981	cables-chargers -> small-parts-flex	Loudspeaker Flex Cable Compatible For iPhone 5S
984	cables-chargers -> small-parts-flex	Hard Buttons Set Compatible For iPhone 5S / SE (2016) (Power: Volume & Vibrator) (Silver)
985	cables-chargers -> small-parts-flex	Hard Buttons Set Compatible For iPhone 5S / SE (2016) (Power: Volume & Vibrator) (Space Grey)
986	cables-chargers -> small-parts-flex	Power And Volume Flex Compatible For iPhone 5S
988	other-parts -> small-parts-flex	Full Screw Set Compatible For iPhone 5S / Se (2016)
992	screens-lcds -> small-parts-flex	Tester Cable (LCD Assembly) Compatible For iPhone 5S
996	cameras -> small-parts-flex	Front Camera And Proximity Sensor Flex Compatible For iPhone Se (2016) (Premium Quality)
998	cables-chargers -> small-parts-flex	Power And Volume Flex Cable Compatible For iPhone Se (2016)
1008	cameras -> small-parts-flex	Front Camera And Proximity Sensor Flex Compatible For iPhone 8 / Se (2020/2022) (Premium)
1010	other-parts -> small-parts-flex	Wireless NFC Charging Coil Compatible For iPhone 8 / Se (2020/2022)
1030	cables-chargers -> small-parts-flex	Hard Buttons (Power/Volume/Switch) Compatible For iPhone 6 / 6 Plus (Gold)
1031	cables-chargers -> small-parts-flex	Hard Buttons (Power/Volume/Switch) Compatible For iPhone 6 / 6 Plus (Silver)
1032	cables-chargers -> small-parts-flex	Hard Buttons (Power/Volume/Switch) Compatible For iPhone 6 / 6 Plus (Space Grey)
1033	cables-chargers -> small-parts-flex	Volume Flex Cable Compatible For iPhone 6
1034	cables-chargers -> small-parts-flex	Power Button Flex Compatible For iPhone 6
1042	other-parts -> small-parts-flex	Full Screw Set Compatible For iPhone 6
1043	other-parts -> small-parts-flex	SIM Card Reader Compatible For iPhone 6 / 6 Plus (J3101_Rf)
1047	batteries -> small-parts-flex	Battery Tape Compatible For iPhone 6 / 6S
1048	screens-lcds -> tools-adhesives	Tester Cable (LCD Assembly) Compatible For iPhone 6
1058	cameras -> small-parts-flex	Front Camera And Proximity Sensor Flex Compatible For iPhone 6 Plus (Premium Quality)
1060	cables-chargers -> small-parts-flex	Volume Flex Cable Compatible For iPhone 6 Plus
1061	cables-chargers -> small-parts-flex	Power Button Flex Cable Compatible For iPhone 6 Plus
1068	cables-chargers -> small-parts-flex	WIFI Antenna Cable Compatible For iPhone 6 Plus
1070	other-parts -> small-parts-flex	Full Screw Set Compatible For iPhone 6 Plus
1074	batteries -> small-parts-flex	Battery Tape Compatible For iPhone 6 Plus / 6S Plus
1086	cameras -> small-parts-flex	Front Camera And Proximity Sensor Flex Compatible For iPhone 6S (Premium Quality)
1089	cables-chargers -> small-parts-flex	Hard Buttons (Power/Volume/Switch) Compatible For iPhone 6S (Space Grey)
1090	cables-chargers -> small-parts-flex	Hard Buttons (Power/Volume/Switch) Compatible For iPhone 6S (Silver)
1091	cables-chargers -> small-parts-flex	Hard Buttons (Power/Volume/Switch) Compatible For iPhone 6S (Rose Gold)
1092	cables-chargers -> small-parts-flex	Hard Buttons (Power/Volume/Switch) Compatible For iPhone 6S (Gold)
1093	cables-chargers -> small-parts-flex	Power And Volume Button Flex Cable Compatible For iPhone 6S
1097	other-parts -> small-parts-flex	Full Screw Set Compatible For iPhone 6S
1098	other-parts -> small-parts-flex	SIM Card Reader Compatible For iPhone 6S
1103	screens-lcds -> small-parts-flex	Waterproof LCD Adhesive Seal Compatible For iPhone 6S (Black)
1104	screens-lcds -> small-parts-flex	Waterproof LCD Adhesive Seal Compatible For iPhone 6S (White)
1105	screens-lcds -> tools-adhesives	Tester Cable (LCD Assembly) Compatible For iPhone 6S
1116	cables-chargers -> small-parts-flex	Hard Buttons (Power/Volume/Switch) Compatible For iPhone 6S Plus (Silver)
1117	cables-chargers -> small-parts-flex	Hard Buttons (Power/Volume/Switch) Compatible For iPhone 6S Plus (Gold)
1118	cables-chargers -> small-parts-flex	Hard Buttons (Power/Volume/Switch) Compatible For iPhone 6S Plus (Rose Gold)
1119	cables-chargers -> small-parts-flex	Hard Buttons (Power/Volume/Switch) Compatible For iPhone 6S Plus (Space Grey)
1120	cables-chargers -> small-parts-flex	Power Button Flex Cable Compatible For iPhone 6S Plus
1121	cables-chargers -> small-parts-flex	Volume Button Flex Cable Compatible For iPhone 6S Plus
1123	other-parts -> small-parts-flex	Motherboard Heat Shield Compatible For iPhone 6S Plus
1124	screens-lcds -> small-parts-flex	Liquid Indicator Sticker On The LCD Compatible For iPhone 6S Plus (20 Pack)
1126	screens-lcds -> small-parts-flex	LCD Steel Plate Compatible For iPhone 6S Plus
1127	other-parts -> small-parts-flex	Full Screw Set Compatible For iPhone 6S Plus
1128	other-parts -> small-parts-flex	SIM Card Reader Compatible For iPhone 6S Plus
1133	screens-lcds -> small-parts-flex	Waterproof LCD Adhesive Seal Compatible For iPhone 6S Plus (Black)
1134	screens-lcds -> small-parts-flex	Waterproof LCD Adhesive Seal Compatible For iPhone 6S Plus (White)
1135	screens-lcds -> tools-adhesives	Tester Cable (LCD Assembly) Compatible For iPhone 6S Plus
1143	cameras -> small-parts-flex	Front Camera And Proximity Sensor Flex Compatible For iPhone 7 (Premium Quality)
1147	cables-chargers -> small-parts-flex	Power And Volume Flex Compatible For iPhone 7
1153	other-parts -> tools-adhesives	Complete Screw Set Compatible For iPhone 7
1160	batteries -> small-parts-flex	Battery Tape Compatible For iPhone 7
1161	screens-lcds -> small-parts-flex	Waterproof LCD Adhesive Seal Compatible For iPhone 7 (Black)
1162	screens-lcds -> small-parts-flex	Waterproof LCD Adhesive Seal Compatible For iPhone 7 (White)
1163	screens-lcds -> tools-adhesives	Tester Cable (LCD Assembly) Compatible For iPhone 7
1170	cameras -> small-parts-flex	Front Camera And Proximity Sensor Flex Compatible For iPhone 7 Plus (Premium Quality)
1171	cameras -> small-parts-flex	Front Camera And Proximity Sensor Flex Compatible For iPhone 7 Plus (Aftermarket Quality)
1175	cables-chargers -> small-parts-flex	Hard Buttons (Power/Volume/Switch) Compatible For iPhone 7 Plus (Red)
1176	cables-chargers -> small-parts-flex	Hard Buttons (Power/Volume/Switch) Compatible For iPhone 7 Plus (Silver)
1177	cables-chargers -> small-parts-flex	Hard Buttons (Power/Volume/Switch) Compatible For iPhone 7 Plus (Space Grey)
1178	cables-chargers -> small-parts-flex	Hard Buttons (Power/Volume/Switch) Compatible For iPhone 7 Plus (Rose Gold)
1179	cables-chargers -> small-parts-flex	Hard Buttons (Power/Volume/Switch) Compatible For iPhone 7 Plus (Gold)
1180	cables-chargers -> small-parts-flex	Power And Volume Flex Compatible For iPhone 7 Plus
1185	screens-lcds -> small-parts-flex	Liquid Indicator Sticker On The LCD Compatible For iPhone 7 Plus (20 Pack)
1187	other-parts -> small-parts-flex	Complete Screw Set Compatible For iPhone 7 Plus
1194	screens-lcds -> small-parts-flex	Waterproof LCD Adhesive Seal Compatible For iPhone 7 Plus (White)
1195	screens-lcds -> small-parts-flex	Waterproof LCD Adhesive Seal Compatible For iPhone 7 Plus (Black)
1196	batteries -> small-parts-flex	Battery Tape Compatible For iPhone 7 Plus
1197	screens-lcds -> small-parts-flex	Tester Cable (LCD Assembly) Compatible For iPhone 7 Plus
1199	cables-chargers -> small-parts-flex	Hard Buttons (Power/Volume/Switch) Compatible For iPhone 8 (Gold)
1200	cables-chargers -> small-parts-flex	Hard Buttons (Power/Volume/Switch) Compatible For iPhone 8 (Silver)
1201	cables-chargers -> small-parts-flex	Power And Volume Button Flex Cable Compatible For iPhone 8
1206	cameras -> back-glass-housings	Back Glass Compatible For iPhone 8 (Large Camera Hole) (Space Grey)
1207	cameras -> back-glass-housings	Back Glass Compatible For iPhone 8 (Large Camera Hole) (Silver)
1208	cameras -> back-glass-housings	Back Cover Glass With Back Camera Lens Compatible For iPhone 8 (Gold)
1213	cables-chargers -> small-parts-flex	WIFI Antenna Flex Cable Compatible For iPhone 8
1214	cables-chargers -> small-parts-flex	Hard Buttons (Power/Volume/Switch) Compatible For iPhone 8 (Space Grey)
1216	other-parts -> small-parts-flex	Complete Screw Set Compatible For iPhone 8
1217	screens-lcds -> small-parts-flex	Waterproof LCD Adhesive Seal Compatible For iPhone 8 (White)
1218	screens-lcds -> small-parts-flex	Waterproof LCD Adhesive Seal Compatible For iPhone 8 (Black)
1219	batteries -> small-parts-flex	Battery Adhesive Compatible For iPhone 8
1220	screens-lcds -> small-parts-flex	Tester Cable (LCD Assembly) Compatible For iPhone 8
1227	cameras -> small-parts-flex	Front Camera And Proximity Sensor Flex Compatible For iPhone 8 Plus (Premium)
1230	cables-chargers -> small-parts-flex	Hard Buttons (Power/Volume/Switch) Compatible For iPhone 8 Plus (Gold)
1231	cables-chargers -> small-parts-flex	Hard Buttons (Power/Volume/Switch) Compatible For iPhone 8 Plus (Silver)
1232	cables-chargers -> small-parts-flex	Hard Buttons (Power/Volume/Switch) Compatible For iPhone 8 Plus (Space Grey)
1233	cables-chargers -> small-parts-flex	Power And Volume Button Flex Cable Compatible For iPhone 8 Plus
1238	cameras -> back-glass-housings	Back Glass Compatible For iPhone 8 Plus (Large Camera Hole) (Gold)
1239	cameras -> back-glass-housings	Back Glass Compatible For iPhone 8 Plus (Large Camera Hole) (Silver)
1244	other-parts -> small-parts-flex	Wireless NFC Charging Coil Compatible For iPhone 8 Plus
1245	cables-chargers -> small-parts-flex	WIFI Antenna Flex Cable Compatible For iPhone 8 Plus
1246	cameras -> back-glass-housings	Back Glass Compatible For iPhone 8 Plus (Large Camera Hole) (Space Gray)
1248	other-parts -> small-parts-flex	Complete Screw Set Compatible For iPhone 8 Plus
1253	batteries -> tools-adhesives	Battery Adhesive Tape Compatible For iPhone 8 Plus
1254	screens-lcds -> tools-adhesives	Waterproof LCD Adhesive Seal Compatible For iPhone 8 Plus (White)
1255	screens-lcds -> tools-adhesives	Waterproof LCD Adhesive Seal Compatible For iPhone 8 Plus (Black)
1256	screens-lcds -> small-parts-flex	Tester Cable (LCD Assembly) Compatible For iPhone 8 Plus
1262	cables-chargers -> small-parts-flex	Earpiece Speaker With Proximity Sensor Cable Compatible For iPhone X (Warning: Soldering Required Compatible For Face Id Functionality) (Premium)
1263	cables-chargers -> small-parts-flex	Hard Buttons (Power/Volume/Switch) Compatible For iPhone X (Silver)
1264	cables-chargers -> small-parts-flex	Hard Buttons (Power/Volume/Switch) Compatible For iPhone X (Black)
1265	cables-chargers -> small-parts-flex	Power Button Flex Cable Compatible For iPhone X
1266	cables-chargers -> small-parts-flex	Volume Button Flex Cable Compatible For iPhone X
1272	cameras -> back-glass-housings	Back Glass Compatible For iPhone X (Large Camera Hole) (Space Grey)
1273	cameras -> back-glass-housings	Back Glass Compatible For iPhone X (Large Camera Hole) (Silver)
1276	charging-ports -> small-parts-flex	Wireless NFC Charging Flex Compatible For iPhone X
1277	cables-chargers -> small-parts-flex	Bluetooth Antenna Flex Cable Compatible For iPhone X
1278	cables-chargers -> small-parts-flex	WIFI Antenna Flex Cable Compatible For iPhone X
1281	other-parts -> small-parts-flex	Full Screw Set Compatible For iPhone X
1283	other-parts -> small-parts-flex	SIM Card Reader Compatible For iPhone X
1286	batteries -> tools-adhesives	Battery Adhesive Tape Compatible For iPhone X
1287	screens-lcds -> tools-adhesives	LCD Adhesive Tape Compatible For iPhone X
1288	screens-lcds -> small-parts-flex	Tester Cable (LCD Assembly) Compatible For iPhone X
1305	cables-chargers -> small-parts-flex	Earpiece Speaker With Proximity Sensor Cable Compatible For iPhone XR (Warning: Soldering Required Compatible For Face Id Functionality) (Premium)
1307	cables-chargers -> small-parts-flex	Power / Volume Flex Cable With MICrophone Compatible For iPhone XR
1308	cables-chargers -> small-parts-flex	WIFI Flex Cable Compatible For iPhone XR
1317	cameras -> back-glass-housings	Back Glass Compatible For iPhone XR (Large Camera Hole) (Space Grey)
1318	cameras -> back-glass-housings	Back Glass Compatible For iPhone XR (Large Camera Hole) (Red)
1319	cameras -> back-glass-housings	Back Glass Compatible For iPhone XR (Large Camera Hole) (Yellow)
1320	cameras -> back-glass-housings	Back Glass Compatible For iPhone XR (Large Camera Hole) (Blue)
1321	cameras -> back-glass-housings	Back Glass Compatible For iPhone XR (Large Camera Hole) (Coral)
1329	charging-ports -> small-parts-flex	Wireless NFC Charging Flex Compatible For iPhone XR
1330	cables-chargers -> small-parts-flex	Hard Buttons (Power/Volume/Switch) Compatible For iPhone XR (Yellow)
1331	cables-chargers -> small-parts-flex	Hard Buttons (Power/Volume/Switch) Compatible For iPhone XR (Blue)
1332	cables-chargers -> small-parts-flex	Hard Buttons (Power/Volume/Switch) Compatible For iPhone XR (Red)
1333	cables-chargers -> small-parts-flex	Hard Buttons (Power/Volume/Switch) Compatible For iPhone XR (Coral)
1334	cables-chargers -> small-parts-flex	Hard Buttons (Power/Volume/Switch) Compatible For iPhone XR (White)
1335	cables-chargers -> small-parts-flex	Hard Buttons (Power/Volume/Switch) Compatible For iPhone XR (Black)
1336	cameras -> back-glass-housings	Back Glass Compatible For iPhone XR (Large Camera Hole) (Silver)
1339	other-parts -> small-parts-flex	Complete Screw Set Compatible For iPhone XR
1340	cables-chargers -> small-parts-flex	Single SIM Card Reader Flex Cable Compatible For iPhone XR
1347	batteries -> small-parts-flex	Battery Tape Compatible For iPhone XR
1348	screens-lcds -> small-parts-flex	LCD Adhesive Tape Compatible For iPhone XR / iPhone 11
1349	screens-lcds -> tools-adhesives	Tester Cable (LCD Assembly) Compatible For iPhone XR
1361	cables-chargers -> small-parts-flex	Earpiece Speaker With Proximity Sensor Cable Compatible For iPhone XS (Warning: Soldering Required Compatible For Face Id Functionality) (Premium)
1362	cables-chargers -> small-parts-flex	Volume Button Flex Cable With Metal Bracket Compatible For iPhone XS
1363	cables-chargers -> small-parts-flex	Power Button Flex Cable Compatible For iPhone XS / iPhone XS Max
1368	cameras -> back-glass-housings	Back Glass Compatible For iPhone XS (Large Camera Hole) (Silver)
1369	cameras -> back-glass-housings	Back Glass Compatible For iPhone XS (Large Camera Hole) (Space Grey)
1373	cables-chargers -> small-parts-flex	WIFI Antenna Cable Compatible For iPhone XS
1374	cables-chargers -> small-parts-flex	Bluetooth Antenna Cable Compatible For iPhone XS
1376	cables-chargers -> small-parts-flex	Hard Buttons (Power/Volume/Switch) Compatible For iPhone XS (Gold)
1377	cables-chargers -> small-parts-flex	Hard Buttons (Power/Volume/Switch) Compatible For iPhone XS (Silver)
1378	cameras -> back-glass-housings	Back Glass Compatible For iPhone XS (Large Camera Hole) (Gold)
1379	cables-chargers -> small-parts-flex	Hard Buttons (Power/Volume/Switch) Compatible For iPhone XS (Space Grey)
1381	other-parts -> small-parts-flex	Complete Screw Set Compatible For iPhone XS
1382	other-parts -> small-parts-flex	Single SIM Card Reader Compatible For iPhone XS
1386	batteries -> small-parts-flex	Battery Adhesive Tape Compatible For iPhone XS
1387	screens-lcds -> small-parts-flex	LCD Adhesive Tape Compatible For iPhone XS
1388	screens-lcds -> tools-adhesives	Tester Cable (LCD Assembly) Compatible For iPhone XS / Xs Max
1398	cables-chargers -> small-parts-flex	Earpiece Speaker With Proximity Sensor Cable Compatible For iPhone XS Max (Warning: Soldering Required Compatible For Face Id Functionality) (Premium)
1399	cables-chargers -> small-parts-flex	Volume Button Flex Cable Compatible For iPhone XS Max
1405	charging-ports -> small-parts-flex	Wireless NFC Charging Flex Cable With Volume Flex Compatible For iPhone XS Max
1407	cables-chargers -> small-parts-flex	WIFI Antenna Flex Cable Compatible For iPhone XS Max
1408	cables-chargers -> small-parts-flex	Bluetooth Antenna Flex Cable Compatible For iPhone XS Max
1409	cables-chargers -> small-parts-flex	Hard Buttons (Power/Volume/Switch) Compatible For iPhone XS Max (Gold)
1410	cables-chargers -> small-parts-flex	Hard Buttons (Power/Volume/Switch) Compatible For iPhone XS Max (Silver)
1411	cables-chargers -> small-parts-flex	Hard Buttons (Power/Volume/Switch) Compatible For iPhone XS Max (Space Grey)
1413	other-parts -> small-parts-flex	Complete Screw Set Compatible For iPhone XS Max
1414	other-parts -> small-parts-flex	Dual SIM Card Reader Compatible For iPhone XS Max
1415	other-parts -> small-parts-flex	Single SIM Card Reader Compatible For iPhone XS Max
1419	batteries -> small-parts-flex	Battery Adhesive Tape Compatible For iPhone XS Max
1420	screens-lcds -> small-parts-flex	LCD Adhesive Tape Compatible For iPhone XS Max
1427	charging-ports -> small-parts-flex	Wireless NFC Charging Flex Compatible For iPhone 11
1430	cables-chargers -> small-parts-flex	Earpiece Speaker With Proximity Sensor Cable Compatible For iPhone 11 (Warning: Soldering Required Compatible For Face Id Functionality) (Premium)
1431	cables-chargers -> small-parts-flex	WIFI Antenna Flex Cable Compatible For iPhone 11
1432	cables-chargers -> small-parts-flex	Power Button Flex Cable Compatible For iPhone 11
1433	cables-chargers -> small-parts-flex	Volume Flex Cable Compatible For iPhone 11
1434	cables-chargers -> small-parts-flex	Bluetooth Flex Cable Compatible For iPhone 11
1441	cameras -> back-glass-housings	Back Glass Compatible For iPhone 11 (Large Camera Hole) (Green)
1442	cameras -> back-glass-housings	Back Glass Compatible For iPhone 11 (Large Camera Hole) (Red)
1443	cameras -> back-glass-housings	Back Glass Compatible For iPhone 11 (Large Camera Hole) (Purple)
1444	cameras -> back-glass-housings	Back Glass Compatible For iPhone 11 (Large Camera Hole) (Yellow)
1445	cameras -> back-glass-housings	Back Glass Compatible For iPhone 11 (Large Camera Hole) (Black)
1446	cameras -> back-glass-housings	Back Glass Compatible For iPhone 11 (Large Camera Hole) (White)
1447	cables-chargers -> small-parts-flex	WIFI Antenna Cable (Connected To Volume Flex) Compatible For iPhone 11
1448	cables-chargers -> small-parts-flex	Hard Buttons (Power/Volume/Switch) Compatible For iPhone 11 (Green)
1449	cables-chargers -> small-parts-flex	Hard Buttons (Power/Volume/Switch) Compatible For iPhone 11 (White)
1450	cables-chargers -> small-parts-flex	Hard Buttons (Power/Volume/Switch) Compatible For iPhone 11 (Yellow)
1451	cables-chargers -> small-parts-flex	Hard Buttons (Power/Volume/Switch) Compatible For iPhone 11 (Purple)
1452	cables-chargers -> small-parts-flex	Hard Buttons (Power/Volume/Switch) Compatible For iPhone 11 (Red)
1453	cables-chargers -> small-parts-flex	Hard Buttons (Power/Volume/Switch) Compatible For iPhone 11 (Black)
1456	other-parts -> small-parts-flex	Complete Screw Set Compatible For iPhone 11
1463	cables-chargers -> small-parts-flex	Single SIM Card Reader Flex Cable Compatible For iPhone 11
1464	cables-chargers -> small-parts-flex	Dual SIM Card Reader Flex Cable Compatible For iPhone 11
1465	batteries -> small-parts-flex	Battery Adhesive Tape Compatible For iPhone 11
1466	screens-lcds -> tools-adhesives	Tester Cable (LCD Assembly) Compatible For iPhone 11
1473	cables-chargers -> small-parts-flex	Earpiece Speaker With Proximity Sensor Cable Compatible For iPhone 11 Pro (Warning: Soldering Required Compatible For Face Id Functionality) (Premium)
1475	cables-chargers -> small-parts-flex	Power Button Flex Cable Compatible For iPhone 11 Pro
1476	cables-chargers -> small-parts-flex	Volume Flex Cable Compatible For iPhone 11 Pro
1484	cameras -> back-glass-housings	Back Glass Compatible For iPhone 11 Pro (Large Camera Hole) (Silver)
1485	cameras -> back-glass-housings	Back Glass Compatible For iPhone 11 Pro (Large Camera Hole) (Space Grey)
1486	cameras -> back-glass-housings	Back Glass Compatible For iPhone 11 Pro (Large Camera Hole) (Gold)
1487	cameras -> back-glass-housings	Back Glass Compatible For iPhone 11 Pro (Large Camera Hole) (Midnight Green)
1488	cables-chargers -> small-parts-flex	WIFI / Bluetooth Antenna Flex Cable Compatible For iPhone 11 Pro
1489	cables-chargers -> small-parts-flex	Hard Buttons (Power/Volume/Switch) Compatible For iPhone 11 Pro / 11 Pro Max (Gold)
1490	cables-chargers -> small-parts-flex	Hard Buttons (Power/Volume/Switch) Compatible For iPhone 11 Pro / 11 Pro Max (Silver)
1491	cables-chargers -> small-parts-flex	Hard Buttons (Power/Volume/Switch) Compatible For iPhone 11 Pro / 11 Pro Max (Midnight Green)
1492	cables-chargers -> small-parts-flex	Hard Buttons (Power/Volume/Switch) Compatible For iPhone 11 Pro / 11 Pro Max (Spacy Grey)
1495	other-parts -> small-parts-flex	Complete Screw Set Compatible For iPhone 11 Pro
1496	other-parts -> small-parts-flex	Dual SIM Card Reader Compatible For iPhone 11 Pro / 11 Pro Max
1497	other-parts -> small-parts-flex	Single SIM Card Reader Compatible For iPhone 11 Pro / 11 Pro Max
1502	batteries -> small-parts-flex	Battery Adhesive Tape Compatible For iPhone 11 Pro
1503	screens-lcds -> small-parts-flex	LCD Adhesive Tape Compatible For iPhone 11 Pro
1504	screens-lcds -> small-parts-flex	Tester Cable (LCD Assembly) Compatible For iPhone 11 Pro / 11 Pro Max
1509	charging-ports -> small-parts-flex	Wireless NFC Charging Flex Compatible For iPhone 11 Pro Max
1511	cables-chargers -> small-parts-flex	Earpiece Speaker With Proximity Sensor Cable Compatible For iPhone 11 Pro Max (Warning: Soldering Required Compatible For Face Id Functionality) (Premium)
1513	cables-chargers -> small-parts-flex	Volume Flex Cable Compatible For iPhone 11 Pro Max
1514	cables-chargers -> small-parts-flex	Power Button Flex Cable Compatible For iPhone 11 Pro Max
1515	cameras -> back-glass-housings	Back Glass Compatible For iPhone 11 Pro Max (Large Camera Hole) (Silver)
1516	cameras -> back-glass-housings	Back Glass Compatible For iPhone 11 Pro Max (Large Camera Hole) (Space Gray)
1517	cameras -> back-glass-housings	Back Glass Compatible For iPhone 11 Pro Max (Large Camera Hole) (Gold)
1518	cameras -> back-glass-housings	Back Glass Compatible For iPhone 11 Pro Max (Large Camera Hole) (Midnight Green)
1519	cables-chargers -> small-parts-flex	WIFI / Bluetooth Antenna Flex Cable Compatible For iPhone 11 Pro Max
1521	other-parts -> small-parts-flex	Complete Screw Set Compatible For iPhone 11 Pro Max
1522	batteries -> small-parts-flex	Battery Adhesive Tape Compatible For iPhone 11 Pro Max
1523	screens-lcds -> small-parts-flex	LCD Adhesive Tape Compatible For iPhone 11 Pro Max
1532	cables-chargers -> small-parts-flex	Earpiece Speaker With Proximity Sensor Cable Compatible For iPhone 12 (Warning: Soldering Required Compatible For Face Id Functionality)
1533	cables-chargers -> small-parts-flex	Power / Volume Flex Cable Compatible For iPhone 12
1534	cables-chargers -> small-parts-flex	WIFI Flex Cable Compatible For iPhone 12
1535	charging-ports -> small-parts-flex	Wireless NFC Charging Flex Compatible For iPhone 12
1536	cables-chargers -> small-parts-flex	Bluetooth Flex Cable Compatible For iPhone 12
1537	cables-chargers -> small-parts-flex	Flash Light Flex Cable Compatible For iPhone 12
1550	batteries -> small-parts-flex	Battery Adhesive Tape Compatible For iPhone 12 / 12 Pro
1551	screens-lcds -> small-parts-flex	Waterproof LCD Adhesive Seal Compatible For iPhone 12
1558	cables-chargers -> small-parts-flex	Power / Volume Flex Cable Compatible For iPhone 12 Mini
1559	cables-chargers -> small-parts-flex	WIFI Flex Cable Compatible For iPhone 12 Mini
1560	charging-ports -> small-parts-flex	Wireless NFC Charging Flex Compatible For iPhone 12 Mini
1561	cables-chargers -> small-parts-flex	Bluetooth Flex Cable Compatible For iPhone 12 Mini
1562	cables-chargers -> small-parts-flex	Flash Light Flex Cable Compatible For iPhone 12 Mini
1575	batteries -> small-parts-flex	Battery Adhesive Tape Compatible For iPhone 12 Mini
1576	screens-lcds -> small-parts-flex	Waterproof LCD Adhesive Seal Compatible For iPhone 12 Mini
1579	cables-chargers -> small-parts-flex	Flash Light Flex Cable Compatible For iPhone 12 Pro
1592	screens-lcds -> small-parts-flex	Waterproof LCD Adhesive Seal Compatible For iPhone 12 Pro
1599	cameras -> small-parts-flex	Infrared Radar Scanner Flex Cable Compatible For iPhone 12 Pro Max
1600	cables-chargers -> small-parts-flex	WIFI Flex Cable Compatible For iPhone 12 Pro Max
1601	charging-ports -> small-parts-flex	Wireless NFC Charging Flex Compatible For iPhone 12 Pro Max
1602	cables-chargers -> small-parts-flex	Bluetooth Flex Cable Compatible For iPhone 12 Pro Max
1603	cables-chargers -> small-parts-flex	Flash Light Flex Cable Compatible For iPhone 12 Pro Max
1610	cameras -> back-glass-housings	Back Glass Compatible For iPhone 12 Pro Max (Large Camera Hole) (Silver)
1611	cameras -> back-glass-housings	Back Glass Compatible For iPhone 12 Pro Max (Large Camera Hole) (PacifIC Blue)
1612	cameras -> back-glass-housings	Back Glass Compatible For iPhone 12 Pro Max (Large Camera Hole) (Gold)
1613	cameras -> back-glass-housings	Back Glass Compatible For iPhone 12 Pro Max (Large Camera Hole) (Graphite)
1616	batteries -> small-parts-flex	Battery Adhesive Tape Compatible For iPhone 12 Pro Max
1617	screens-lcds -> small-parts-flex	Waterproof LCD Adhesive Seal Compatible For iPhone 12 Pro Max
1672	cameras -> back-glass-housings	Back Glass Compatible For iPhone 8 (Large Camera Hole) (Red)
1673	cameras -> back-glass-housings	Back Glass Compatible For iPhone 8 Plus (Large Camera Hole) (Red)
1677	cameras -> back-glass-housings	Back Cover Glass With Camera Lens for S21 Ultra (Phantom Brown)
1678	cameras -> back-glass-housings	Back Cover Glass With Camera Lens for S21 Ultra (Phantom Blue)
1679	cameras -> back-glass-housings	Back Cover Glass With Camera Lens for S21 Ultra (Phantom Titanium)
1680	cameras -> back-glass-housings	Back Cover Glass With Camera Lens for S21 Ultra (Phantom Silver)
1681	cameras -> back-glass-housings	Back Cover Glass With Camera Lens for S21 Ultra (Phantom Black)
1692	cameras -> back-glass-housings	Back Cover Glass With Camera Lens for S21 Plus (Phantom Gold)
1693	cameras -> back-glass-housings	Back Cover Glass With Camera Lens for S21 Plus (Phantom Red)
1694	cameras -> back-glass-housings	Back Cover Glass With Camera Lens for S21 Plus (Phantom Silver)
1695	cameras -> back-glass-housings	Back Cover Glass With Camera Lens for S21 Plus (Phantom Violet)
1696	cameras -> back-glass-housings	Back Cover Glass With Camera Lens for S21 Plus (Phantom Black)
1706	cameras -> back-glass-housings	Back Cover Glass With Camera Lens for S21 (Phantom Pink)
1707	cameras -> back-glass-housings	Back Cover Glass With Camera Lens for S21 (Phantom White)
1708	cameras -> back-glass-housings	Back Cover Glass With Camera Lens for S21 (Phantom Violet)
1709	cameras -> back-glass-housings	Back Cover Glass With Camera Lens for S21 (Phantom Grey)
1725	cameras -> back-glass-housings	Back Cover Glass With Camera Lens for Note 10 Lite (Red)
1726	cameras -> back-glass-housings	Back Cover Glass With Camera Lens for Note 10 Lite (Silver)
1727	cameras -> back-glass-housings	Back Cover Glass With Camera Lens for Note 10 Lite (Black)
1807	cameras -> back-glass-housings	Back Cover with Camera Lens for Samsung Galaxy A40 (Black)
1879	cameras -> cables-adapters	Lightning to USB Camera Adapter - Apple
1880	cables-chargers -> cables-adapters	Thunderbolt to Gigabit Ethernet Adapter - Apple
1881	cables-chargers -> cables-adapters	Lightning Digital AV Adapter - Apple
1882	cables-chargers -> cables-adapters	Thunderbolt 3 (USB-C) to Thunderbolt 2 Adapter - Apple
1883	cables-chargers -> chargers-power	MagSafe Charger
1884	cables-chargers -> chargers-power	MagSafe Charger - Apple
1885	cameras -> cables-adapters	Lightning to USB 3 Camera Adapter - Apple
1886	cameras -> it-multimedia	Lightning to SD Card Camera Reader - Apple
1887	cables-chargers -> cables-adapters	Lightning to VGA Adapter - Apple
1888	cables-chargers -> cables-adapters	Apple 30-pin to USB Cable - Apple
1889	cables-chargers -> chargers-power	30W USB-C Power Adapter - Apple
1890	cables-chargers -> cables-adapters	USB-C to 3.5 mm Headphone Jack Adapter - Apple
1891	cables-chargers -> cables-adapters	Lightning to 3.5 mm Headphone Jack Adapter (AUX) – Apple
1892	cables-chargers -> chargers-power	5W USB Power Adapter - Apple
1893	cables-chargers -> chargers-power	12W USB Power Adapter - Apple
1894	cases-covers -> chargers-power	45W MagSafe 1 Power Adapter for MacBook Air - Apple
1895	screens-lcds -> chargers-power	60W MagSafe 1 Power Adapter (MacBook Pro with 13-inch Retina display) - Apple
1896	cases-covers -> chargers-power	85W MagSafe 1 Power Adapter (for 15- and 17-inch MacBook Pro) - Apple
1897	cables-chargers -> cables-adapters	Power Adapter Extension Cable (CH) - Apple
1898	cables-chargers -> cables-adapters	Power Adapter Extension Cable (EU) - Apple
1899	cables-chargers -> chargers-power	67W USB-C Power Adapter - Apple
1900	cables-chargers -> chargers-power	96W USB-C Power Adapter - Apple
1901	cables-chargers -> chargers-power	140W USB-C Power Adapter - Apple
1902	cables-chargers -> cables-adapters	USB-C Digital AV Multiport Adapter
1903	cables-chargers -> cables-adapters	USB-C Digital AV Multiport Adapter - Apple
1904	cables-chargers -> cables-adapters	USB-C to USB Adapter
1905	cables-chargers -> cables-adapters	USB-C to USB Adapter - Apple
1906	cables-chargers -> chargers-power	20W USB-C Power Adapter
1907	cables-chargers -> chargers-power	20W USB-C Power Adapter - Apple
1908	cables-chargers -> cables-adapters	Thunderbolt 3 Pro Cable (2 m)
1909	cables-chargers -> cables-adapters	Lightning to 3.5 mm Audio Cable (1.2m) - White
1910	cables-chargers -> cables-adapters	Lightning to 3.5 mm Audio Cable (1.2m) - White - Apple
1911	cables-chargers -> chargers-power	Apple Watch Magnetic Charging Cable (1 m)
1912	cables-chargers -> chargers-power	Apple Watch Magnetic Charging Cable (1 m) - Apple
1913	cables-chargers -> chargers-power	Apple Watch Magnetic Fast Charger to USB-C Cable (1 m)
1914	cables-chargers -> chargers-power	Apple Watch Magnetic Fast Charger to USB-C Cable (1 m) - Apple
1915	cables-chargers -> cables-adapters	Thunderbolt 3 (USB-C) Cable (0.8 m) - Apple
1916	cables-chargers -> cables-adapters	USB-C Charge Cable (2 m)
1917	cables-chargers -> cables-adapters	USB-C Charge Cable (2 m) - Apple
1918	cables-chargers -> cables-adapters	USB-C Charge Cable (1 m)
1919	cables-chargers -> cables-adapters	USB-C Charge Cable (1 m) - Apple
1920	cables-chargers -> cables-adapters	Lightning to USB Cable (0.5 m)
1921	cables-chargers -> cables-adapters	Lightning to USB Cable (0.5 m) - Apple
1922	cables-chargers -> cables-adapters	Lightning to USB Cable (2 m)
1923	cables-chargers -> cables-adapters	Lightning to USB Cable (2 m) - Apple
1924	cables-chargers -> cables-adapters	Lightning to USB Cable (1 m)
1925	cables-chargers -> cables-adapters	Lightning to USB Cable (1 m) - Apple
1926	cables-chargers -> cables-adapters	USB-C to Lightning Cable (2 m)
1927	cables-chargers -> cables-adapters	USB-C to Lightning Cable (2 m) - Apple
1928	cables-chargers -> cables-adapters	USB-C to Lightning Cable (1 m)
1929	cables-chargers -> cables-adapters	USB-C to Lightning Cable (1 m) - Apple
1930	cables-chargers -> cables-adapters	USB-C to MagSafe 3 Cable (2 m)
1931	cables-chargers -> cables-adapters	USB-C to MagSafe 3 Cable (2 m) - Apple
1932	accessories -> audio	Earpods with 3.5mm Headphone Plug
1933	accessories -> audio	Earpods with Lightning Connector - Apple
1934	accessories -> audio	Samsung - Stereo In-Ear-Fit Headset 3.5mm AUX - White
1935	accessories -> audio	Samsung - Stereo In-Ear-Fit Headset 3.5mm AUX - Black
1936	accessories -> audio	Samsung (by AKG) USB-C In-Ear Headset - White
1937	accessories -> audio	Samsung (by AKG) USB-C In-Ear Headset - Black
1938	cables-chargers -> cables-adapters	Samsung - (1.0m) Type-C/Type-C USB USB Cable - Black
1939	cables-chargers -> cables-adapters	Samsung (1.5m) Type-A/Type-C USB Cable - White
1940	cables-chargers -> cables-adapters	Samsung (1.5m) Type-A/Type-C USB Cable - Black
1941	cables-chargers -> cables-adapters	Samsung (1.2m) Type-A/Type-C USB Cable - White
1942	cables-chargers -> cables-adapters	Samsung (1.2m) Type-A/Type-C USB Cable - Black
1943	cables-chargers -> cables-adapters	Samsung - (1.0m) Type-A/Type-C USB Cable
1944	cables-chargers -> cables-adapters	Samsung - (1.0m) Type-A/Type-C USB Cable - Black
1945	cables-chargers -> chargers-power	Samsung Charger, Super Fast Charging (25W) - White
1946	cables-chargers -> chargers-power	Samsung Charger, Super Fast Charging (25W) - Black
1947	cables-chargers -> chargers-power	Samsung Charger, Super Fast Charging (45W) - White
1948	cables-chargers -> chargers-power	Samsung Charger, Super Fast Charging (45W) - Black
1949	cables-chargers -> chargers-power	Samsung Charger, 35W Power Adapter Duo - Black
1950	small-parts-flex -> audio	HUAWEI Headset Incl. Microphone with 3.5mm AUX Port
1951	small-parts-flex -> audio	HUAWEI Headset Incl. Microphone with USB C Port
1952	cables-chargers -> cables-adapters	HUAWEI (1m) Micro USB Cable
1953	cables-chargers -> chargers-power	HUAWEI Qi Wireless Fast Charger
1954	cables-chargers -> cables-adapters	HUAWEI USB C to 3.5 mm AUX Adapter
1955	cables-chargers -> cables-adapters	HUAWEI 6A Data Cable USB-A to USB-C
1956	cables-chargers -> cables-adapters	HUAWEI 5A Data Cable USB-A to USB-C
1957	cables-chargers -> cables-adapters	HUAWEI Data Cable USB-A to USB-C
1958	cables-chargers -> chargers-power	HUAWEI Wall Charger (Max 10 W) - 5V. 2A.
1959	cables-chargers -> chargers-power	HUAWEI Wall Quick Charger (Max 18 W) - 9V. 2A.
1960	cables-chargers -> chargers-power	HUAWEI SuperCharge Wall Charger (Max 40 W) - 10V. 25A.
1961	cables-chargers -> chargers-power	HUAWEI SuperCharge Wall Charger (Max 66 W) - 11V. 6A.
1972	screens-lcds -> tools-adhesives	LCD Adhesive for iPhone 13
1973	other-parts -> small-parts-flex	Single Sim Card Reader for iPhone 13
1974	other-parts -> small-parts-flex	Dual Sim Card Reader for iPhone 13
1985	cables-chargers -> small-parts-flex	Power Button Flex for iPhone 13
2011	screens-lcds -> tools-adhesives	LCD Adhesive for iPhone 13 Pro
2020	cables-chargers -> small-parts-flex	Power Button Flex for iPhone 13 Pro
2048	charging-ports -> small-parts-flex	Wireless NFC Charging Flex for iPhone 13 Pro Max
2049	cameras -> small-parts-flex	Infrared Radar Scanner Flex for iPhone 13 Pro Max
2050	cables-chargers -> small-parts-flex	Power Button Flex for iPhone 13 Pro Max
2077	cables-chargers -> small-parts-flex	Power Button Flex for iPhone 13 Mini
2123	cameras -> back-glass-housings	Back Cover Glass With Camera Lens for S21 FE (Violet)
2124	cameras -> back-glass-housings	Back Cover Glass With Camera Lens for S21 FE (Green)
2125	cameras -> back-glass-housings	Back Cover Glass With Camera Lens for S21 FE (White)
2126	cameras -> back-glass-housings	Back Cover Glass With Camera Lens for S21 FE (Grey)
2132	cameras -> back-glass-housings	Back Cover Glass With Camera Lens for A52s 5G (Violet)
2133	cameras -> back-glass-housings	Back Cover Glass With Camera Lens for A52s 5G (Green)
2134	cameras -> back-glass-housings	Back Cover Glass With Camera Lens for A52s 5G (White)
2135	cameras -> back-glass-housings	Back Cover Glass With Camera Lens for A52s 5G (Black)
2168	cameras -> back-glass-housings	Back Cover Glass With Camera Lens for S22 (Violet)
2169	cameras -> back-glass-housings	Back Cover Glass With Camera Lens for S22 (Pink Gold)
2170	cameras -> back-glass-housings	Back Cover Glass With Camera Lens for S22 (Green)
2171	cameras -> back-glass-housings	Back Cover Glass With Camera Lens for S22 (Grey)
2172	cameras -> back-glass-housings	Back Cover Glass With Camera Lens for S22 (White)
2173	cameras -> back-glass-housings	Back Cover Glass With Camera Lens for S22 (Black)
2181	cameras -> back-glass-housings	Back Cover Glass With Camera Lens for S22 Plus (Violet)
2182	cameras -> back-glass-housings	Back Cover Glass With Camera Lens for S22 Plus (Pink Gold)
2183	cameras -> back-glass-housings	Back Cover Glass With Camera Lens for S22 Plus (Green)
2184	cameras -> back-glass-housings	Back Cover Glass With Camera Lens for S22 Plus (Grey)
2185	cameras -> back-glass-housings	Back Cover Glass With Camera Lens for S22 Plus (White)
2186	cameras -> back-glass-housings	Back Cover Glass With Camera Lens for S22 Plus (Black)
2193	cameras -> back-glass-housings	Back Cover Glass With Camera Lens for S22 Ultra (Red)
2194	cameras -> back-glass-housings	Back Cover Glass With Camera Lens for S22 Ultra (Green)
2195	cameras -> back-glass-housings	Back Cover Glass With Camera Lens for S22 Ultra (Grey)
2196	cameras -> back-glass-housings	Back Cover Glass With Camera Lens for S22 Ultra (White)
2197	cameras -> back-glass-housings	Back Cover Glass With Camera Lens for S22 Ultra (Black)
2203	cameras -> back-glass-housings	Back Cover Glass With Camera Lens for Galaxy A53 5G (Orange)
2204	cameras -> back-glass-housings	Back Cover Glass With Camera Lens for Galaxy A53 5G (Blue)
2205	cameras -> back-glass-housings	Back Cover Glass With Camera Lens for Galaxy A53 5G (White)
2206	cameras -> back-glass-housings	Back Cover Glass With Camera Lens for Galaxy A53 5G (Black)
2223	cameras -> back-glass-housings	Back Cover Glass With Camera Lens for Galaxy A52 4G/5G (Violet)
2224	cameras -> back-glass-housings	Back Cover Glass With Camera Lens for Galaxy A52 4G/5G (White)
2225	cameras -> back-glass-housings	Back Cover Glass With Camera Lens for Galaxy A52 4G/5G (Blue)
2226	cameras -> back-glass-housings	Back Cover Glass With Camera Lens for Galaxy A52 4G/5G (Black)
2231	screens-lcds -> apple-watch	OLED Assembly For Apple Watch Series 7 - 45MM
2232	screens-lcds -> apple-watch	OLED Assembly For Apple Watch Series 7 - 41MM
2237	cameras -> back-glass-housings	Back Cover With Camera Lens for Galaxy A12 Nacho (Black)
2248	cameras -> back-glass-housings	Back Cover With Camera Lens for Galaxy A33 5G (Peach)
2249	cameras -> back-glass-housings	Back Cover With Camera Lens for Galaxy A33 5G (Blue)
2250	cameras -> back-glass-housings	Back Cover With Camera Lens for Galaxy A33 5G (White)
2251	cameras -> back-glass-housings	Back Cover With Camera Lens for Galaxy A33 5G (Black)
2450	cameras -> tempered-glass-protection	Tempered Glass Camera Protector for iPhone 13 Pro / 13 Pro Max
2451	cameras -> tempered-glass-protection	Tempered Glass Camera Protector for iPhone 13 / 13 Mini
2452	cameras -> tempered-glass-protection	Tempered Glass Camera Protector for iPhone 12 Pro Max
2453	cameras -> tempered-glass-protection	Tempered Glass Camera Protector for iPhone 12 Pro
2454	cameras -> tempered-glass-protection	Tempered Glass Camera Protector for iPhone 12
2455	cameras -> tempered-glass-protection	Tempered Glass Camera Protector for iPhone 11 Pro / 11 Pro Max
2456	cameras -> tempered-glass-protection	Tempered Glass Camera Protector for iPhone 11 / 12 Mini
2547	cables-chargers -> chargers-power	20W USB-C Power Adapter - Compatible
2548	cables-chargers -> cables-adapters	USB-C Charge Cable (2 m) - Compatible
2549	cables-chargers -> cables-adapters	USB-C Charge Cable (1 m) - Compatible
2550	cables-chargers -> cables-adapters	Lightning to USB Cable (2 m) - Compatible
2551	cables-chargers -> cables-adapters	Lightning to USB Cable (1 m) - Compatible
2552	cables-chargers -> chargers-power	5W USB Power Adapter - Compatible
2563	cameras -> back-glass-housings	Back Cover with Camera Lens for Galaxy A51 5G (Pink)
2564	cameras -> back-glass-housings	Back Cover with Camera Lens for Galaxy A51 5G (White)
2565	cameras -> back-glass-housings	Back Cover with Camera Lens for Galaxy A51 5G (Black)
2678	cables-chargers -> chargers-power	18W USB-C Power Adapter – Apple
2680	other-parts -> tempered-glass-protection	Privacy Film SS-057S
2681	other-parts -> tempered-glass-protection	Matte Film SS-057E
2682	small-parts-flex -> tempered-glass-protection	Flexible Hydrogel Film SS-057
2688	screens-lcds -> chargers-power	85W MagSafe 2 Power Adapter (for MacBook Pro with Retina display) – Apple
2689	screens-lcds -> chargers-power	60W MagSafe 2 Power Adapter (MacBook Pro with 13-inch Retina display) – Apple
2690	cases-covers -> chargers-power	45W MagSafe 2 Power Adapter for MacBook Air – Apple
2705	cameras -> tempered-glass-protection	Tempered Glass Camera Protector for iPhone 14 Pro / iPhone 14 Pro Max
2706	cameras -> tempered-glass-protection	Tempered Glass Camera Protector for iPhone 14 / iPhone 14 Plus
2772	other-parts -> accessories	Quote Invoice
2773	screens-lcds -> tools-adhesives	Display Polishing Cloth Cleaner for Apple (iPhone / iPad / Mac / iWatch)
2774	tempered-glass-protection -> cases-covers	Silver Plated Protection Case for Apple Watch Series 7/8/SE 2022 (45mm) - Pink
2775	tempered-glass-protection -> cases-covers	Silver Plated Protection Case for Apple Watch Series 7/8/SE 2022 (45mm) - Green
2776	tempered-glass-protection -> cases-covers	Silver Plated Protection Case for Apple Watch Series 7/8/SE 2022 (45mm) - Blue
2777	tempered-glass-protection -> cases-covers	Silver Plated Protection Case for Apple Watch Series 7/8/SE 2022 (45mm) - Black
2778	tempered-glass-protection -> cases-covers	Silver Plated Protection Case for Apple Watch Series 7/8/SE 2022 (41mm) - Pink
2779	tempered-glass-protection -> cases-covers	Silver Plated Protection Case for Apple Watch Series 7/8/SE 2022 (41mm) - Green
2780	tempered-glass-protection -> cases-covers	Silver Plated Protection Case for Apple Watch Series 7/8/SE 2022 (41mm) - Blue
2781	tempered-glass-protection -> cases-covers	Silver Plated Protection Case for Apple Watch Series 7/8/SE 2022 (41mm) - Black
2782	tempered-glass-protection -> cases-covers	Silver Plated Protection Case for Apple Watch Series 4/5/6/SE 2020 (44mm) - Pink
2783	tempered-glass-protection -> cases-covers	Silver Plated Protection Case for Apple Watch Series 4/5/6/SE 2020 (44mm) - Green
2784	tempered-glass-protection -> cases-covers	Silver Plated Protection Case for Apple Watch Series 4/5/6/SE 2020 (44mm) - Blue
2785	tempered-glass-protection -> cases-covers	Silver Plated Protection Case for Apple Watch Series 4/5/6/SE 2020 (44mm) - Black
2786	tempered-glass-protection -> cases-covers	Silver Plated Protection Case for Apple Watch Series 4/5/6/SE 2020 (40mm) - Pink
2787	tempered-glass-protection -> cases-covers	Silver Plated Protection Case for Apple Watch Series 4/5/6/SE 2020 (40mm) - Green
2788	tempered-glass-protection -> cases-covers	Silver Plated Protection Case for Apple Watch Series 4/5/6/SE 2020 (40mm) - Blue
2789	tempered-glass-protection -> cases-covers	Silver Plated Protection Case for Apple Watch Series 4/5/6/SE 2020 (40mm) - Black
2790	tempered-glass-protection -> cases-covers	Silver Plated Protection Case for Apple Watch Series 3 (42mm) - Pink
2791	tempered-glass-protection -> cases-covers	Silver Plated Protection Case for Apple Watch Series 3 (42mm) - Green
2792	tempered-glass-protection -> cases-covers	Silver Plated Protection Case for Apple Watch Series 3 (42mm) - Blue
2793	tempered-glass-protection -> cases-covers	Silver Plated Protection Case for Apple Watch Series 3 (42mm) - Black
2794	tempered-glass-protection -> cases-covers	Silver Plated Protection Case for Apple Watch Series 3 (38mm) - Pink
2795	tempered-glass-protection -> cases-covers	Silver Plated Protection Case for Apple Watch Series 3 (38mm) - Green
2796	tempered-glass-protection -> cases-covers	Silver Plated Protection Case for Apple Watch Series 3 (38mm) - Blue
2797	tempered-glass-protection -> cases-covers	Silver Plated Protection Case for Apple Watch Series 3 (38mm) - Black
2798	tempered-glass-protection -> cases-covers	Diamond Protection Case for Apple Watch Series 7/8/SE 2022 (45mm) - Pink
2799	tempered-glass-protection -> cases-covers	Diamond Protection Case for Apple Watch Series 7/8/SE 2022 (45mm) - Silver
2800	tempered-glass-protection -> cases-covers	Diamond Protection Case for Apple Watch Series 7/8/SE 2022 (45mm) - Gold
2801	tempered-glass-protection -> cases-covers	Diamond Protection Case for Apple Watch Series 7/8/SE 2022 (45mm) - Black
2802	tempered-glass-protection -> cases-covers	Diamond Protection Case for Apple Watch Series 7/8/SE 2022 (41mm) - Pink
2803	tempered-glass-protection -> cases-covers	Diamond Protection Case for Apple Watch Series 7/8/SE 2022 (41mm) - Silver
2804	tempered-glass-protection -> cases-covers	Diamond Protection Case for Apple Watch Series 7/8/SE 2022 (41mm) - Gold
2805	tempered-glass-protection -> cases-covers	Diamond Protection Case for Apple Watch Series 7/8/SE 2022 (41mm) - Black
2806	tempered-glass-protection -> cases-covers	Diamond Protection Case for Apple Watch Series 4/5/6/SE 2020 (44mm) - Pink
2807	tempered-glass-protection -> cases-covers	Diamond Protection Case for Apple Watch Series 4/5/6/SE 2020 (44mm) - Silver
2808	tempered-glass-protection -> cases-covers	Diamond Protection Case for Apple Watch Series 4/5/6/SE 2020 (44mm) - Gold
2809	tempered-glass-protection -> cases-covers	Diamond Protection Case for Apple Watch Series 4/5/6/SE 2020 (44mm) - Black
2810	tempered-glass-protection -> cases-covers	Diamond Protection Case for Apple Watch Series 4/5/6/SE 2020 (40mm) - Pink
2811	tempered-glass-protection -> cases-covers	Diamond Protection Case for Apple Watch Series 4/5/6/SE 2020 (40mm) - Silver
2812	tempered-glass-protection -> cases-covers	Diamond Protection Case for Apple Watch Series 4/5/6/SE 2020 (40mm) - Gold
2813	tempered-glass-protection -> cases-covers	Diamond Protection Case for Apple Watch Series 4/5/6/SE 2020 (40mm) - Black
2814	tempered-glass-protection -> cases-covers	Diamond Protection Case for Apple Watch Series 3 (42mm) - Pink
2815	tempered-glass-protection -> cases-covers	Diamond Protection Case for Apple Watch Series 3 (42mm) - Silver
2816	tempered-glass-protection -> cases-covers	Diamond Protection Case for Apple Watch Series 3 (42mm) - Gold
2817	tempered-glass-protection -> cases-covers	Diamond Protection Case for Apple Watch Series 3 (42mm) - Black
2818	tempered-glass-protection -> cases-covers	Diamond Protection Case for Apple Watch Series 3 (38mm) - Pink
2819	tempered-glass-protection -> cases-covers	Diamond Protection Case for Apple Watch Series 3 (38mm) - Silver
2820	tempered-glass-protection -> cases-covers	Diamond Protection Case for Apple Watch Series 3 (38mm) - Gold
2821	tempered-glass-protection -> cases-covers	Diamond Protection Case for Apple Watch Series 3 (38mm) - Black
2829	other-parts -> accessories	Charging Holder for Apple Watch - Green
2830	other-parts -> accessories	Charging Holder for Apple Watch - Light Blue
2831	other-parts -> accessories	Charging Holder for Apple Watch - Red
2832	other-parts -> accessories	Charging Holder for Apple Watch - White
2833	other-parts -> accessories	Charging Holder for Apple Watch - Pink
2834	other-parts -> accessories	Charging Holder for Apple Watch - Black
2857	apple-watch -> cases-covers	Ceramic Steel Band for Apple Watch (42/44/45,49mm) - White
2858	apple-watch -> cases-covers	Ceramic Steel Band for Apple Watch (38/40/41mm) - White
2859	apple-watch -> cases-covers	Ceramic Steel Band for Apple Watch (42/44/45,49mm) - Black
2860	apple-watch -> cases-covers	Ceramic Steel Band for Apple Watch (38/40/41mm) - Black
2861	apple-watch -> cases-covers	Diamond Aluminium Band for Apple Watch (42/44/45,49mm) - Gold
2862	apple-watch -> cases-covers	Diamond Aluminium Band for Apple Watch (38/40/41mm) - Gold
2863	apple-watch -> cases-covers	Diamond Aluminium Band for Apple Watch (42/44/45,49mm) - Pink
2864	apple-watch -> cases-covers	Diamond Aluminium Band for Apple Watch (38/40/41mm) - Pink
2865	apple-watch -> cases-covers	Diamond Aluminium Band for Apple Watch (42/44/45,49mm) - Silver
2866	apple-watch -> cases-covers	Diamond Aluminium Band for Apple Watch (38/40/41mm) - Silver
2867	apple-watch -> cases-covers	Diamond Aluminium Band for Apple Watch (42/44/45,49mm) - Black
2868	apple-watch -> cases-covers	Diamond Aluminium Band for Apple Watch (38/40/41mm) - Black
2869	apple-watch -> cases-covers	Butterfly Aluminium Band for Apple Watch (42/44/45,49mm) - Gold
2870	apple-watch -> cases-covers	Butterfly Aluminium Band for Apple Watch (38/40/41mm) - Gold
2871	apple-watch -> cases-covers	Butterfly Aluminium Band for Apple Watch (42/44/45,49mm) - Rose Gold
2872	apple-watch -> cases-covers	Butterfly Aluminium Band for Apple Watch (38/40/41mm) - Rose Gold
2873	apple-watch -> cases-covers	Butterfly Aluminium Band for Apple Watch (42/44/45,49mm) - Silver
2874	apple-watch -> cases-covers	Butterfly Aluminium Band for Apple Watch (38/40/41mm) - Silver
2875	apple-watch -> cases-covers	Butterfly Aluminium Band for Apple Watch (42/44/45,49mm) - Black
2876	apple-watch -> cases-covers	Butterfly Aluminium Band for Apple Watch (38/40/41mm) - Black
2877	apple-watch -> cases-covers	Fading Milanese Band for Apple Watch (42/44/45/49mm) - Size M/L (255mm) - Purple/Rose
2878	apple-watch -> cases-covers	Fading Milanese Band for Apple Watch (38/40/41mm) - Size S/M (230mm) - Purple/Rose
2879	apple-watch -> cases-covers	Fading Milanese Band for Apple Watch (42/44/45/49mm) - Size M/L (255mm) - Blue/Gold
2880	apple-watch -> cases-covers	Fading Milanese Band for Apple Watch (38/40/41mm) - Size S/M (230mm) - Blue/Gold
2881	apple-watch -> cases-covers	Fading Milanese Band for Apple Watch (42/44/45/49mm) - Size M/L (255mm) - Green/Gold
2882	apple-watch -> cases-covers	Fading Milanese Band for Apple Watch (38/40/41mm) - Size S/M (230mm) - Green/Gold
2883	apple-watch -> cases-covers	Fading Milanese Band for Apple Watch (42/44/45/49mm) - Size M/L (255mm) - Red/Blue
2884	apple-watch -> cases-covers	Fading Milanese Band for Apple Watch (38/40/41mm) - Size S/M (230mm) - Red/Blue
2885	apple-watch -> cases-covers	Milanese Band for Apple Watch (42/44/45/49mm) - Size M/L (255mm) - Gold
2886	apple-watch -> cases-covers	Milanese Band for Apple Watch (38/40/41mm) - Size S/M (230mm) - Gold
2887	apple-watch -> cases-covers	Milanese Band for Apple Watch (42/44/45/49mm) - Size M/L (255mm) - Pink
2888	apple-watch -> cases-covers	Milanese Band for Apple Watch (38/40/41mm) - Size S/M (230mm) - Pink
2889	apple-watch -> cases-covers	Milanese Band for Apple Watch (42/44/45/49mm) - Size M/L (255mm) - Silver
2890	apple-watch -> cases-covers	Milanese Band for Apple Watch (38/40/41mm) - Size S/M (230mm) - Silver
2891	apple-watch -> cases-covers	Milanese Band for Apple Watch (42/44/45/49mm) - Size M/L (255mm) - Black
2892	apple-watch -> cases-covers	Milanese Band for Apple Watch (38/40/41mm) - Size S/M (230mm) - Black
2919	cables-chargers -> small-parts-flex	Flashlight Flex Cable Compatible For iPhone 14 Pro
2920	cables-chargers -> small-parts-flex	Proximity Light Sensor Flex Cable Compatible For iPhone 14 Pro
2921	cables-chargers -> small-parts-flex	Infrared Radar Scanner Flex Cable Compatible For iPhone 14 Pro
2922	charging-ports -> small-parts-flex	Wireless NFC Charging Flex With Power & Volume Flex Pre-Installed Compatible For iPhone 14 Pro
2926	cables-chargers -> small-parts-flex	Proximity Light Sensor Flex Cable Compatible For iPhone 14
2928	charging-ports -> small-parts-flex	Wireless NFC Charging Flex With Flashlight Flex Cable Compatible For iPhone 14
2935	back-glass-housings -> small-parts-flex	Back Cover Adhesive Tape for Samsung Galaxy Note 20 Ultra
2936	back-glass-housings -> small-parts-flex	Back Cover Adhesive Tape for Samsung Galaxy Note 20
2937	back-glass-housings -> small-parts-flex	Back Cover Adhesive Tape for Samsung Galaxy Note 10 Lite
2938	back-glass-housings -> small-parts-flex	Back Cover Adhesive Tape for Samsung Galaxy Note10 Plus
2939	back-glass-housings -> small-parts-flex	Back Cover Adhesive Tape for Samsung Galaxy Note 10
2940	back-glass-housings -> small-parts-flex	Back Cover Adhesive Tape for Samsung Galaxy Note 9
2941	back-glass-housings -> small-parts-flex	Back Cover Adhesive Tape for Samsung Galaxy Note 8
2942	back-glass-housings -> small-parts-flex	Back Cover Adhesive Tape for Samsung Galaxy S22 Ultra
2943	back-glass-housings -> small-parts-flex	Back Cover Adhesive Tape for Samsung Galaxy S22 Plus
2944	back-glass-housings -> small-parts-flex	Back Cover Adhesive Tape for Samsung Galaxy S22
2945	back-glass-housings -> small-parts-flex	Back Cover Adhesive Tape for Samsung Galaxy S21 FE
2946	back-glass-housings -> small-parts-flex	Back Cover Adhesive Tape for Samsung Galaxy S21 Ultra
2947	back-glass-housings -> small-parts-flex	Back Cover Adhesive Tape for Samsung Galaxy S21 Plus
2948	back-glass-housings -> small-parts-flex	Back Cover Adhesive Tape for Samsung Galaxy S21
2949	back-glass-housings -> small-parts-flex	Back Cover Adhesive Tape for Samsung Galaxy S20 Ultra
2950	back-glass-housings -> small-parts-flex	Back Cover Adhesive Tape for Samsung Galaxy S20 Plus
2951	back-glass-housings -> small-parts-flex	Back Cover Adhesive Tape for Samsung Galaxy S20FE
2952	back-glass-housings -> small-parts-flex	Back Cover Adhesive Tape for Samsung Galaxy S20
2953	back-glass-housings -> small-parts-flex	Back Cover Adhesive Tape for Samsung Galaxy S10 Lite
2954	back-glass-housings -> small-parts-flex	Back Cover Adhesive Tape for Samsung Galaxy S10 Plus
2955	back-glass-housings -> small-parts-flex	Back Cover Adhesive Tape for Samsung Galaxy S10 5G
2956	back-glass-housings -> small-parts-flex	Back Cover Adhesive Tape for Samsung Galaxy S10
2957	back-glass-housings -> small-parts-flex	Back Cover Adhesive Tape for Samsung Galaxy S10E
2958	back-glass-housings -> small-parts-flex	Back Cover Adhesive Tape for Samsung Galaxy S9 Plus
2959	back-glass-housings -> small-parts-flex	Back Cover Adhesive Tape for Samsung Galaxy S9
2960	back-glass-housings -> small-parts-flex	Back Cover Adhesive Tape for Samsung Galaxy S8 Plus
2961	back-glass-housings -> small-parts-flex	Back Cover Adhesive Tape for Samsung Galaxy S8
2962	back-glass-housings -> small-parts-flex	Back Cover Adhesive Tape for Samsung Galaxy A73 5G
2963	back-glass-housings -> small-parts-flex	Back Cover Adhesive Tape for Samsung Galaxy A72 4G
2964	back-glass-housings -> small-parts-flex	Back Cover Adhesive Tape for Samsung Galaxy A71 5G
2965	back-glass-housings -> small-parts-flex	Back Cover Adhesive Tape for Samsung Galaxy A71
2966	back-glass-housings -> small-parts-flex	Back Cover Adhesive Tape for Samsung Galaxy A70
2967	back-glass-housings -> small-parts-flex	Back Cover Adhesive Tape for Samsung Galaxy A53 5G
2968	back-glass-housings -> small-parts-flex	Back Cover Adhesive Tape for Samsung Galaxy A52S 5G
2969	back-glass-housings -> small-parts-flex	Back Cover Adhesive Tape for Samsung Galaxy A52 4G / A52 5G
2970	back-glass-housings -> small-parts-flex	Back Cover Adhesive Tape for Samsung Galaxy A51 5G
2971	back-glass-housings -> small-parts-flex	Back Cover Adhesive Tape for Samsung Galaxy A51
2972	back-glass-housings -> small-parts-flex	Back Cover Adhesive Tape for Samsung Galaxy A50
2973	back-glass-housings -> small-parts-flex	Back Cover Adhesive Tape for Samsung Galaxy A32 5G
2974	back-glass-housings -> small-parts-flex	Back Cover Adhesive Tape for Samsung Galaxy A32 4G
2975	back-glass-housings -> small-parts-flex	Back Cover Adhesive Tape for Samsung Galaxy A31
2976	back-glass-housings -> small-parts-flex	Back Cover Adhesive Tape for Samsung Galaxy A30S
2977	back-glass-housings -> small-parts-flex	Back Cover Adhesive Tape for Samsung Galaxy A30
2978	back-glass-housings -> small-parts-flex	Back Cover Adhesive Tape for Samsung Galaxy A22
2979	back-glass-housings -> small-parts-flex	Back Cover Adhesive Tape for Samsung Galaxy A21S
2980	back-glass-housings -> small-parts-flex	Back Cover Adhesive Tape for Samsung Galaxy A20S
2981	back-glass-housings -> small-parts-flex	Back Cover Adhesive Tape for Samsung Galaxy A20E
2982	back-glass-housings -> small-parts-flex	Back Cover Adhesive Tape for Samsung Galaxy A20
2983	back-glass-housings -> small-parts-flex	Back Cover Adhesive Tape for Samsung Galaxy A7 (2017)
2984	back-glass-housings -> small-parts-flex	Back Cover Adhesive Tape for Samsung Galaxy A7 (2016)
2985	back-glass-housings -> small-parts-flex	Back Cover Adhesive Tape for Samsung Galaxy A5 (2017)
2986	back-glass-housings -> small-parts-flex	Back Cover Adhesive Tape for Samsung Galaxy A5 (2016)
2987	back-glass-housings -> small-parts-flex	Back Cover Adhesive Tape for Samsung Galaxy A3 (2017)
2988	back-glass-housings -> small-parts-flex	Back Cover Adhesive Tape for Samsung Galaxy A3 (2016)
2989	charging-ports -> small-parts-flex	Wireless NFC Charging Flex With Power & Volume Flex Pre-Installed Compatible For iPhone 14 Pro Max
2990	cables-chargers -> small-parts-flex	Wifi Flex Cable Compatible For iPhone 14 Plus
2991	cables-chargers -> small-parts-flex	Power Button Flex Cable Compatible For iPhone 14 Plus
2992	other-parts -> small-parts-flex	Dual Sim Card Reader Compatible For iPhone 14
2999	cables-chargers -> small-parts-flex	Mainboard Flex Cable Compatible For iPhone 14
3000	cables-chargers -> small-parts-flex	Wifi Flex Cable Compatible For iPhone 14
3001	cables-chargers -> small-parts-flex	Power Button Flex Cable Compatible For iPhone 14
3005	other-parts -> small-parts-flex	Wireless NFC Charging MagSafe Magnet Compatible For iPhone 14 / 14 Plus
3011	cables-chargers -> small-parts-flex	Hard Buttons (Power / Volume / Switch) Compatible For iPhone 14 Pro / 14 Pro Max (Space Black)
3012	cables-chargers -> small-parts-flex	Hard Buttons (Power / Volume / Switch) Compatible For iPhone 14 Pro / 14 Pro Max (Silver)
3013	cables-chargers -> small-parts-flex	Hard Buttons (Power / Volume / Switch) Compatible For iPhone 14 Pro / 14 Pro Max (Gold)
3014	cables-chargers -> small-parts-flex	Hard Buttons (Power / Volume / Switch) Compatible For iPhone 14 Pro / 14 Pro Max (Deep Purple)
3015	cables-chargers -> small-parts-flex	Flash Light / Power Flex Bracket With Microphone Mesh Compatible For iPhone 13 Pro / 14 Pro / 14 Pro Max
3017	cables-chargers -> small-parts-flex	Bluetooth Flex Cable Compatible For iPhone 14 Pro / 14 Pro Max
3018	cables-chargers -> small-parts-flex	Wifi Flex Cable Compatible For iPhone 14 Pro / 14 Pro Max
3023	other-parts -> small-parts-flex	Wireless NFC Charging MagSafe Magnet Compatible For iPhone 14 Pro / 14 Pro Max
3025	cables-chargers -> small-parts-flex	Flashlight Flex Cable Compatible For iPhone 14 Pro Max
3026	cables-chargers -> small-parts-flex	Proximity Light Sensor Flex Cable Compatible For iPhone 14 Pro Max
3027	cables-chargers -> small-parts-flex	Infrared Radar Scanner Flex Cable Compatible For iPhone 14 Pro Max
3028	cables-chargers -> small-parts-flex	Mainboard Flex Cable Compatible For iPhone 14 Pro Max
3403	batteries -> chargers-power	Extern MagSafe Wireless Charging Battery - 10000mAh
3404	batteries -> chargers-power	Extern MagSafe Wireless Charging Battery - 5000mAh
3488	cables-chargers -> chargers-power	20W PD Power Adapter
3498	other-parts -> tools-adhesives	Sunshine SS-057
3502	cables-chargers -> cables-adapters	Apple Thunderbolt Cable (2 m) – White – Apple
3503	cables-chargers -> cables-adapters	Thunderbolt 3 (USB-C) Cable (2 m) – Apple
3783	other-parts -> tools-adhesives	Cleaning bag and sticker
3784	cables-chargers -> chargers-power	Xiaomi Mi 65W GaN Charger Type-C White BHR4499GL (Retail Pack)
3785	cables-chargers -> chargers-power	Huawei 22.5W USB 3.0 Charger with Type-C Cable White 55033325 (Retail Pack)
3786	cables-chargers -> chargers-power	Apple 20W USB-C Power Adapter White MHJE3ZM/A
3787	cables-chargers -> chargers-power	Samsung 15W USB-C Fast Travel Charger Black EP-T1510NBEGEU
3788	cables-chargers -> chargers-power	Samsung 25W Super Fast USB-C Charger Black EP-TA800NBEGEU
3789	cables-chargers -> chargers-power	Samsung 25W Super Fast USB-C Charger White EP-TA800NWEGEU
3790	cables-chargers -> chargers-power	Samsung 35W Fast Duo Travel Charger Black EP-TA220NBEGEU
3791	cables-chargers -> chargers-power	Samsung 25W USB-C Super Fast Charger Black EP-TA800XBEGWW
3792	cables-chargers -> chargers-power	Samsung 25W USB-C Super Fast Charger White EP-TA800XWEGWW (Retail Pack)
3793	cables-chargers -> chargers-power	Nevox USB Charing Adapter Dual Port 2.4A White HC-1680 (Retail Pack)
3794	cables-chargers -> chargers-power	Xiaomi Mi 65W GaN Charger Type A / Type C with Type-C Cable White BHR5515GL (Retail Pack)
3795	cables-chargers -> chargers-power	Samsung 45W Super Fast USB-C Power Adapter Black EP-T4510XBEGEU
3796	cables-chargers -> apple-watch	Samsung Galaxy Watch Active 2 / Watch Active Magnetic Qi Charger Charging Cable Black EP-OR825BBEGWW
3797	cables-chargers -> chargers-power	Samsung 65W Power Adapter Trio USB / Type-C Black EP-T6530NBEGEU
3798	cables-chargers -> chargers-power	Baseus GaN2 Pro 100W Quick Charger USB / USB Type-C White CCGAN2P-L02 (Retail Pack)
3799	charging-ports -> apple-watch	Samsung Galaxy Watch 5 / Watch 5 Pro Charging Dock Black EP-OR900BBEGWW
3800	cables-chargers -> chargers-power	Xiaomi Mi 20W USB-C Charger White BHR4927GL (Retail Pack)
3801	accessories -> chargers-power	Xiaomi Mi 50W Wireless Charging Stand Black BHR6094GL (Retail Pack)
3802	cables-chargers -> chargers-power	Samsung 15W Wireless Charger Pad (with Travel Adapter) White EP-P2400TWEGEU (Retail Pack)
3803	cables-chargers -> chargers-power	Samsung 15W Wireless Duo Charger (without Travel Adapter) White EP-P5400BWEGEU (Retail Pack)
3804	cables-chargers -> chargers-power	OnePlus Warp Charge 50 Wireless Charger White 5481100059 (Retail Pack)
3805	cables-chargers -> chargers-power	Samsung 9W Wireless Charger Trio White EP-P6300TWEGEU (Retail Pack)
3806	cables-chargers -> cables-adapters	Lightning to 3.5 mm Headphone Jack Adapter (AUX) – Compatible
3807	tempered-glass-protection -> it-multimedia	Monitor Privacy Filter 24 inch - 531x298mm
3808	tempered-glass-protection -> it-multimedia	Monitor Privacy Filter 23.8 inch - 528x297mm
3809	tempered-glass-protection -> it-multimedia	Monitor Privacy Filter 23 inch - 509x286mm
3832	accessories -> it-multimedia	Kingston PenDrive 64Gb 3.2 DTKN/64GB (Silver)
3835	cables-chargers -> small-parts-flex	Flashlight Flex Cable Compatible For iPhone 14 Plus
3836	cables-chargers -> small-parts-flex	Proximity Light Sensor Flex Cable Compatible For iPhone 14 Plus
3875	other-parts -> accessories	Purification Smoking instrument
3876	screens-lcds -> tools-adhesives	Broken Screen KG
3877	cameras -> back-glass-housings	Back Cover Glass With Camera Lens for S23 (Lavender)
3878	cameras -> back-glass-housings	Back Cover Glass With Camera Lens for S23 (Green)
3879	cameras -> back-glass-housings	Back Cover Glass With Camera Lens for S23 (Cream)
3880	cameras -> back-glass-housings	Back Cover Glass With Camera Lens for S23 (Black)
3888	cameras -> back-glass-housings	Back Cover Glass With Camera Lens for S23 Plus (Lavender)
3889	cameras -> back-glass-housings	Back Cover Glass With Camera Lens for S23 Plus (Green)
3890	cameras -> back-glass-housings	Back Cover Glass With Camera Lens for S23 Plus (Cream)
3891	cameras -> back-glass-housings	Back Cover Glass With Camera Lens for S23 Plus (Black)
3898	cameras -> back-glass-housings	Back Cover Glass With Camera Lens for S23 Ultra (Lavender)
3899	cameras -> back-glass-housings	Back Cover Glass With Camera Lens for S23 Ultra (Green)
3900	cameras -> back-glass-housings	Back Cover Glass With Camera Lens for S23 Ultra (Cream)
3901	cameras -> back-glass-housings	Back Cover Glass With Camera Lens for S23 Ultra (Black)
3913	cameras -> back-glass-housings	Back Cover Glass With Camera Lens for S23 Ultra (Graphite)
3914	cameras -> back-glass-housings	Back Cover Glass With Camera Lens for S23 Plus (Graphite)
3915	cameras -> back-glass-housings	Back Cover Glass With Camera Lens for S23 (Graphite)
3932	cables-chargers -> chargers-power	Powerbank Samsung 10000mAh Grey EB-P3300XJEGEU (Retail Pack)
3933	screens-lcds -> tempered-glass-protection	Plastic Screen Protection for Samsung Galaxy Z Fold4 Transparent EF-UF93PCTEGWW (Retail Pack)
3934	screens-lcds -> tempered-glass-protection	Plastic Screen protector for Samsung Galaxy S22 Plus 5G Clear EF-US906CTEGWW (Retail Pack)
3935	screens-lcds -> tempered-glass-protection	Plastic Screen Protector for Samsung Galaxy S23 Plus Full Glue Transparent EF-US916CTEGWW (Retail Pack)
3936	screens-lcds -> tempered-glass-protection	Plastic Screen protector for Samsung Galaxy S22 5G Clear EF-US901CTEGWW (Retail Pack)
3937	screens-lcds -> tempered-glass-protection	Plastic Screen Protector for Samsung Galaxy S23 Full Glue Transparent EF-US911CTEGWW (Retail Pack)
3938	screens-lcds -> tempered-glass-protection	Plastic Screen Protection for Samsung Galaxy S23 Ultra Full Glue Transparent EF-US918CTEGWW (Retail Pack)
3940	accessories -> it-multimedia	Verbatim Micro SD 32Gb Class 10 SDHC 44083 (Black)
3941	accessories -> it-multimedia	Samsung MicroSDXC 64GB Evo Plus Memory Card MB-MC64KA/EU (White)
3942	accessories -> it-multimedia	Kingston PenDrive 64Gb 3.2 DTX/64GB (Black)
3943	accessories -> it-multimedia	Kingston PenDrive 256Gb 3.2 DTX/256GB (Black)
3944	accessories -> it-multimedia	Kingston MicroSDHC 32GB Canvas Select Plus Memory Card SDCS2/32GB (Black)
3945	accessories -> it-multimedia	Kingston MicroSDXC 256GB Canvas Select Plus Memory Card SDCS2/256GB (Black)
3946	accessories -> it-multimedia	Kingston MicroSDXC 128GB Canvas Select Plus Memory Card SDCS2/128GB (Black)
3948	cables-chargers -> cables-adapters	Samsung Type-C to Type-C Cable Black EP-DA705BBEGWW
3949	other-parts -> accessories	Defective device samsung, no lock, BCD
3950	other-parts -> accessories	Phone refurbish
3951	screens-lcds -> apple-watch	OLED Assembly For Apple Watch Series SE 2nd – 44MM
3952	screens-lcds -> apple-watch	OLED Assembly For Apple Watch Series SE 2nd – 40MM
3953	screens-lcds -> apple-watch	OLED Assembly For Apple Watch Series 8 – 45MM
3954	screens-lcds -> apple-watch	OLED Assembly For Apple Watch Series 8 – 41MM
3955	cameras -> back-glass-housings	Back Cover With Camera Lens for Galaxy A34 5G (Silver)
3956	cameras -> back-glass-housings	Back Cover With Camera Lens for Galaxy A34 5G (Violet)
3957	cameras -> back-glass-housings	Back Cover With Camera Lens for Galaxy A34 5G (Green)
3958	cameras -> back-glass-housings	Back Cover With Camera Lens for Galaxy A34 5G (Black)
3990	back-glass-housings -> cases-covers	Samsung Frame Cover for Galaxy S22 Plus 5G EF-MS906CNEGWW Navy (Retail Pack)
3991	back-glass-housings -> cases-covers	Samsung Frame Cover for Galaxy S22 Plus 5G EF-MS906CTEGWW Transparent (Retail Pack)
3992	back-glass-housings -> cases-covers	Samsung Frame Cover for Galaxy S22 5G EF-MS901CTEGWW Transparent (Retail Pack)
3998	cables-chargers -> cables-adapters	Baseus Yiven Type-C male To 3.5 male Audio Cable M01 Black (CAM01-01)
4000	cables-chargers -> chargers-power	Baseus Grain Pro Car Charger (Dual USB 4.8A ) Black (CCALLP-01)
4001	cables-chargers -> chargers-power	Baseus Fast Charging Car Charger with Extension Cord 12-24V 120W 2xUSB + 2xUSB-C Gray (CCBT-A0G)
4002	screens-lcds -> chargers-power	Baseus Particular Digital Display QC+PPS Dual Quick Charger Car Charger 65W Dark Gray (CCKX-C0G)
4003	cables-chargers -> chargers-power	Baseus Magic Series Dual QC - Quick Charge 3.0 Car Charger 2x USB 45W 6A Black (CCMLC20A-01)
4004	cables-chargers -> cables-adapters	Baseus BA01 USB Wireless Adapter cable Black (CABA01-01)
4005	cables-chargers -> chargers-power	Baseus T Typed S-09A Bluetooth MP3 Car Charger (Standard Edition) Black (CCTM-01)
4006	cables-chargers -> chargers-power	Baseus Speed Mini Quick Charger 1C 20W EU Black (CCFS-SN01)
4007	cables-chargers -> chargers-power	Baseus Compact Quick Charger U+C 20W EU White (CCXJ-B02)
4008	cables-chargers -> chargers-power	Baseus GaN2 Pro Quick Charger 2C+2U 100W EU Black (CCGAN2P-L01)
4009	cables-chargers -> chargers-power	Baseus Compact Quick Charger 2U+C 30W EU White (CCXJ-E02)
4010	cables-chargers -> chargers-power	Baseus Compact Quick Charger 2U+C 30W EU Black (CCXJ-E01)
4013	cables-chargers -> accessories	Baseus Armor Motorcycle holder (Applicable for Bicycle) Black (SUKJA-01)
4014	cables-chargers -> chargers-power	Baseus Light Electric Holder Wireless Charger(15W) (Qi) Black (WXHW03-01)
4020	cables-chargers -> chargers-power	Baseus Amblight Power Bank 30000mAh 65W Overseas Edition Black (PPLG000101)
4021	cables-chargers -> chargers-power	Baseus Blade Ultrathin Power Bank 100W 20000mAh PD QC SCP FCP Black (PPDGL-01)
4022	cables-chargers -> cables-adapters	Baseus Cafule Type-C PD2.0 60W flash charging data line (20V 3A) 1m Red (CATKLF-G09)
4023	cables-chargers -> cables-adapters	Baseus Superior Series Fast Charging Data Cable USB to M+L+C 3.5A 1.5m White (CAMLTYS-02)
4024	cables-chargers -> cables-adapters	Baseus Cafule Cable USB For Type-C 3A 1m Gray+Black (CATKLF-BG1)
4025	cables-chargers -> cables-adapters	Baseus Fast 4-in-1 Cable For iP(2)+Type-C+Micro 3.5A 1.2m Black (CA1T4-A01)
4026	cables-chargers -> cables-adapters	Baseus Cafule Cable USB For Type-C 3A 1m Red+Red (CATKLF-B09)
4027	cables-chargers -> cables-adapters	Baseus Tungsten Gold One-for-three Fast Charging Data Cable USB to M+L+C 3.5A 1.5m Black (CAMLTWJ-01)
4028	cables-chargers -> cables-adapters	Baseus Cafule Cable USB For iP 2.4A 0.5m Red+Red (CALKLF-A09)
4029	cables-chargers -> cables-adapters	Baseus Cafule PD2.0 100W flash charging Type-C to Type-C cable (20V 5A)2m Red+Black (CATKLF-AL91)
4030	cables-chargers -> cables-adapters	Baseus Cafule Cable USB For Type-C 3A 0.5m Red+Black (CATKLF-A91)
4031	cables-chargers -> cables-adapters	Baseus Fast 4-in-1 Cable For iP+Type-C(2)+Micro 3.5A 1.2m Black (CA1T4-B01)
4032	cables-chargers -> cables-adapters	Baseus Cafule Cable USB For Type-C 2A 2m Red+Black (CATKLF-C91)
4033	cables-chargers -> cables-adapters	Baseus Cafule Type-C PD2.0 60W Flash Charging Data Line (20V 3A) 2m Gray+Black (CATKLF-HG1)
4034	cables-chargers -> cables-adapters	Baseus Cafule Cable USB For iP 1.5A 2m Gray+Black (CALKLF-CG1)
4035	cables-chargers -> cables-adapters	Baseus Cafule Type-C PD2.0 60W flash charging data line (20V 3A) 1m Gray+Black (CATKLF-GG1)
4036	cables-chargers -> cables-adapters	Baseus Cafule Cable USB For Type-C 2A 2m Red+Red (CATKLF-C09)
4037	cables-chargers -> chargers-power	Samsung 15W Wall Charger 1x USB with Type-C Cable Black (EP-TA20EBECGWW)
4038	cables-chargers -> chargers-power	Samsung 15W Wall Charger 1x USB with Type-C Cable White (EP-TA20EWECGWW)
4039	cables-chargers -> chargers-power	Samsung 15W Wall Charger 1x Type-C White (EP-T1510XWEGEU)
4040	cables-chargers -> chargers-power	Samsung 15W Wall Charger 1xType-C Black (EP-T1510XBEGEU)
4041	cables-chargers -> chargers-power	Samsung 15W Wall Charger 1x Type-C White (EP-T1510NWEGEU)
4042	cables-chargers -> cables-adapters	Samsung Type-C to Type-C Cable 5A 1.8m Black (EP-DX510JBEGEU)
4043	cables-chargers -> cables-adapters	Samsung Type-C to Type-C Cable 3A 1.8m Black (EP-DX310JBEGEU)
4044	cables-chargers -> cables-adapters	Samsung Type-C Cable 1.5M White (GP-TOU021RFAWW)
4045	cables-chargers -> chargers-power	Huawei 40W Wall Charger CP84 1x USB White (HW-100400E00)
4046	cables-chargers -> chargers-power	Huawei Wall Charger 1A, 1x USB White (HW-050100E01)
4047	cables-chargers -> chargers-power	Samsung 15W Wall Charger TA200NBE 1x USB Black (GP-PTU020SOBBQ)
4048	cables-chargers -> chargers-power	Samsung 15W Wall Charger TA200NWE 1x USB White (GP-PTU020SOBWQ)
4049	cables-chargers -> cables-adapters	Pulled USB-C to USB-C Cable (2 m) BULK
4050	cables-chargers -> cables-adapters	Pulled USB-C to USB-C Cable (1 m) BULK
4051	cables-chargers -> cables-adapters	Pulled USB-C to USB-C Cable (0.5 m) BULK
4052	cables-chargers -> cables-adapters	Pulled Lightning to USB-C Cable (2 m) BULK
4053	cables-chargers -> cables-adapters	Pulled Lightning to USB-C Cable (1 m) BULK
4054	cables-chargers -> cables-adapters	Pulled Lightning to USB-C Cable (0.5 m) BULK
4055	cables-chargers -> cables-adapters	Pulled Lightning to USB-A Cable (2 m) BULK
4056	cables-chargers -> cables-adapters	Pulled Lightning to USB-A Cable (1 m) BULK
4057	cables-chargers -> cables-adapters	Pulled Lightning to USB-A Cable (0.5 m) BULK
4062	cables-chargers -> chargers-power	Pulled 5W USB Power Adapter BULK
4063	batteries -> apple-watch	Battery For Apple Watch Series 8 - 45mm
4064	batteries -> apple-watch	Battery For Apple Watch Series 8 - 41mm
4065	batteries -> apple-watch	Battery For Apple Watch Series SE (2nd Gen) - 44mm
4066	batteries -> apple-watch	Battery For Apple Watch Series 7 - 45mm
4067	batteries -> apple-watch	Battery For Apple Watch Series 7 - 41mm
4068	batteries -> apple-watch	Battery For Apple Watch Series 6 - 44mm
4081	cables-chargers -> chargers-power	Joyroom 3-in-1 Wired Fast Car Charger 55W USB-C Black (JR-CL07)
4082	cables-chargers -> cables-adapters	Joyroom Reduction Adapter 2-Pack Type-C to USB Black (S-H152)
4083	cables-chargers -> cables-adapters	Joyroom Reduction Adapter USB to Type-C Black (S-H151)
4084	cables-chargers -> cables-adapters	Joyroom Lightning/HDMI Video and Charger Adapter White (S-H141)
4085	cables-chargers -> audio	Joyroom Bluetooth AUX Receiver Grey (JR-CB1)
4086	cables-chargers -> chargers-power	Joyroom Fast Car Charger with RGB 70W Black (JR-CL29)
4087	accessories -> it-multimedia	Joyroom Lightning to Usb OTG Card Reader White (S-H142)
4088	cables-chargers -> chargers-power	Joyroom Ben 2-in-1 Apple Watch Magnetic Charger & Lightning Cable 1.5m White (S-IW002S)
4090	cables-chargers -> cables-adapters	Joyroom Lightning to AUX Cable 100CM Black (SY-A02)
4091	cables-chargers -> chargers-power	Joyroom Multi-Port USB Car Charger Black (JR-CL06)
4115	accessories -> it-multimedia	Kingston PenDrive 32Gb 3.2 Exodia M DTXM/32GB (Black)
4116	accessories -> it-multimedia	Kingston PenDrive 64Gb 3.2 Exodia M DTXM/64GB (Black)
4120	cases-covers -> it-multimedia	UGREEN Hard Disk & Accessory Multi-Functional Storage Bag Large - Black
4121	cases-covers -> it-multimedia	UGREEN Hard Disk & Accessory Multi-Functional Storage Bag Small - Black
4122	cables-chargers -> cables-adapters	UGREEN USB-C 3.1 to SATA Adapter Cable for 2.5" - Black
4123	accessories -> it-multimedia	UGREEN USB 3.0 B To 3.5"/2.5" SATA Hard Driver Enclosure - Black
4124	accessories -> it-multimedia	UGREEN USB 3.0 To 2.5" SATA Hard Driver Enclosure - Black
4125	cables-chargers -> cables-adapters	UGREEN Car & Home Bluetooth 5.1 Receiver Audio Adapter - Black
4130	small-parts-flex -> accessories	UGREEN Phone Holder With Flexible Long Arm - White
4131	cables-chargers -> chargers-power	UGREEN 2x USB-A + 4x USB-C 200W Desktop Fast Charger - Black
4132	cables-chargers -> chargers-power	UGREEN USB-A + 3x USB-C 100W GaN Tech Fast Charger - Black
4133	accessories -> cables-adapters	UGREEN USB-C 3.0 To 4 Ports HUB - Grey
4135	small-parts-flex -> accessories	UGREEN Universal Holder With Flexible Long Arm - Black
4138	accessories -> it-multimedia	UGREEN USB-C 2.5 Inch Hard Drive Enclosure - Black
4142	cables-chargers -> audio	UGREEN Bluetooth Receiver & Transmitter - Black
4143	cables-chargers -> cables-adapters	UGREEN 6.5mm Male to 3.5mm Female Adapter - Gold
4144	cables-chargers -> cables-adapters	UGREEN 2.5mm Male to 3.5mm Female Adapter - Gold
4145	cases-covers -> cables-adapters	UGREEN USB-C Male to USB-C Female Gen2 Alu Case Braided Extension Cable 1m - Dark Gray
4146	cables-chargers -> cables-adapters	UGREEN USB-C Male to 3.5mm Male Audio Cable with Chip 1m - Black
4147	cables-chargers -> cables-adapters	UGREEN HDMI Female to Female Adapter - Black
4149	cables-chargers -> it-multimedia	UGREEN USB Bluetooth 5.0 Adapter - Black
4150	cables-chargers -> audio	UGREEN Bluetooth Car Receiver Aux with Mic - Space Gray
4151	tempered-glass-protection -> accessories	UGREEN Protection Tube DIA 25mm 1.5m - Black
4152	cables-chargers -> accessories	UGREEN Cable Organizer 2 Pack - Black
4153	cables-chargers -> accessories	UGREEN Cable Organizer - Black
4157	cables-chargers -> cables-adapters	UGREEN USB 2.0 A to Micro USB Cable Nickel Plating Aluminum Braid 1.5m - Black
4158	cables-chargers -> cables-adapters	UGREEN USB2.0 A to Micro USB M/M Round Cable Nickel Plating 3m - Black
4159	cables-chargers -> cables-adapters	UGREEN USB 2.0 A to Micro USB Cable Nickel Plating 0.25m - Black
4161	cables-chargers -> chargers-power	UGREEN 100W GaN Fast Charger with 100W USB-C Cable - Black
4162	cables-chargers -> chargers-power	UGREEN een USB-A+3x USB-C 65W GaN Tech Fast Charger - Black
4163	cables-chargers -> chargers-power	UGREEN 65W 2C1A Fast Charger EU - White
4164	cables-chargers -> cables-adapters	UGREEN USB-C Female to Micro USB Male Adapter - Gray
4165	cables-chargers -> cables-adapters	UGREEN USB-C to 3.5mm M/F Cable Aluminum Shell with Braided 10cm - Space Gray
4166	cables-chargers -> cables-adapters	UGREEN 2 Ports USB-C Hub + 3.5mm Audio - Grey
4168	cases-covers -> it-multimedia	UGREEN Desktop Laptop Stand - Silver
4169	cases-covers -> it-multimedia	UGREEN Vertical Laptop Stand - Grey
4170	accessories -> audio	Samsung Handsfree IC100 Type-C Black EO-IC100BBEGEU
4198	cables-chargers -> chargers-power	Baseus 15W Big Energy Car Mount Wireless Charger Black (WXJN-01)
4200	screens-lcds -> it-multimedia	Baseus i-wok LED Lamp for Desktop Monitor Screen Lighting Black (DGIWK-B01)
4202	cables-chargers -> chargers-power	Baseus Power Starter Car Jump Starter Booster 12000 mAh 12 V (1000 A / 600 A) Black (CRJS03-01)
4203	cables-chargers -> cables-adapters	Baseus Rapid Series 3-in-1 Cable Micro + Lightning + Type-C 3A 1.2M Dark Blue (CAMLT-SU13)
4204	cables-chargers -> cables-adapters	Rapid Baseus Series 3-in-1 Cable Micro + Lightning + Type-C 3A 1.2M Red (CAMLT-SU09)
4205	cables-chargers -> cables-adapters	Baseus 3 in 1 Universal Multi USB Cable Black (CAMLT-SU01)
4206	cables-chargers -> cables-adapters	Baseus Mini USB-A / USB-C OTG Adapter Black (CATOTG-01)
4212	accessories -> tools-adhesives	Solder Lead-Free, ø 0.56 mm, 100 g
4214	accessories -> cables-adapters	Plug - 3.5 mm - stereo
4215	accessories -> cables-adapters	Twist-On F-Connector 7.3 mm
4216	accessories -> cables-adapters	Plug - 3.5 mm - Stereo
4217	cables-chargers -> cables-adapters	CAT 6 Patch Cable S/FTP (PiMF), black
4218	tempered-glass-protection -> cables-adapters	DC Plug with Cable Protector
4219	cables-chargers -> cables-adapters	Angle Adapter: F Socket > Coaxial Socket 90°
4220	cables-chargers -> cables-adapters	3.5 mm Audio Y Cable Adapter, 1x Stereo Female to 2x Mono Male
4221	accessories -> cables-adapters	Terminating Resistance F, 75 Ohm with DC Block
4222	cables-chargers -> cables-adapters	Angle Adapter: F Plug (Quick) > F Socket 90°
4223	cables-chargers -> cables-adapters	Coaxial Cable Connector with Screw Fixing
4224	cables-chargers -> cables-adapters	TV Antenna Cable (135 dB), 4x Shielded
4225	tempered-glass-protection -> cables-adapters	DC plug with cable protector
4226	accessories -> cables-adapters	RJ45 Plug, CAT 5e STP Shielded with Strain-relief Boot
4227	batteries -> accessories	8x AA (Mignon) Battery Holder
4228	cables-chargers -> cables-adapters	F Adapter: F Socket > Coaxial Socket
4229	batteries -> accessories	1x 9 V Block Battery Holder
4230	batteries -> accessories	2x AAA (Micro) Battery Holder
4231	accessories -> cables-adapters	Banana Plug
4232	cables-chargers -> cables-adapters	PC Power Cable/Adapter, 3-Pin to 2-Pin
4233	batteries -> accessories	6x AA (Mignon) Battery Holder
4234	batteries -> accessories	4x AAA (Micro) Battery Holder
4235	cables-chargers -> chargers-power	Universal Power Supply (3V-12V max. 18W / 1,5A)
4236	cables-chargers -> accessories	G4 Lamp Socket with Twin Cable
4237	cables-chargers -> accessories	Cable Management 2 Slots, Black
4238	cables-chargers -> cables-adapters	F Adapter: F Plug (Quick) > F Socket
4239	batteries -> accessories	1x 9 V Block Battery Holder
4240	cables-chargers -> cables-adapters	Coaxial Adapter: Coaxial Plug > Coaxial Plug
4241	cables-chargers -> cables-adapters	F Adapter: F Socket > BNC Plug
4242	batteries -> accessories	4x Battery Holder
4243	batteries -> accessories	1x 9 V Block Battery Holder
4244	cables-chargers -> cables-adapters	Coaxial Adapter: Coaxial Socket > Coaxial Socket
4245	small-parts-flex -> cables-adapters	Speaker Socket
4246	cables-chargers -> chargers-power	Dual-USB Auto Fast Charger USB-C™ PD (Power Delivery) (27 W)
4247	cables-chargers -> cables-adapters	Angle Adapter: F Plug> F Socket 90°
4248	accessories -> cables-adapters	RJ45 Plug, CAT 6 UTP unshielded
4249	accessories -> cables-adapters	Twist-On F-Connector 7.0 mm
4250	accessories -> cables-adapters	Terminal Block 2-pin > RCA male
4251	cables-chargers -> cables-adapters	RCA Adapter, AUX Jack, 3.5 mm Male to 2x Stereo Female
4253	accessories -> cables-adapters	Twist-On F-Connector 6.5 mm
4254	batteries -> accessories	2x Battery Holder
4256	cables-chargers -> cables-adapters	RCA Adapter to Mono AUX Jack, 6.35 mm Male
4257	cables-chargers -> cables-adapters	MP3 Jack to RCA Audio Adapter Cable
4258	accessories -> cables-adapters	Twist-On F-Connector 6.0 mm
4259	accessories -> cables-adapters	Twist-On F-Connector 6.0 mm
4260	cables-chargers -> cables-adapters	MP3 Jack to RCA Audio Adapter Cable
4261	cables-chargers -> cables-adapters	Toslink Digital Audio Connection Cable
4262	small-parts-flex -> accessories	Speaker mount universal
4263	cables-chargers -> cables-adapters	Stereo RCA Audio Connection Cable
4264	cables-chargers -> cables-adapters	TV Antenna Cable (135 dB), 4x Shielded
4266	accessories -> it-multimedia	CAT 6A Wall Plate Flush Mounting
4267	cables-chargers -> accessories	Cable Management Set, Black
4268	tools-adhesives -> it-multimedia	Tool-free RJ45 Network Plug CAT 6A UTP Unshielded
4269	cables-chargers -> chargers-power	Dual-USB Car Charger (12 W)
4270	back-glass-housings -> it-multimedia	CAT 6A Universal Wall Plate Incl. On-Wall Mounting Frame
4271	cables-chargers -> cables-adapters	TV Antenna Cable (135 dB), 4x Shielded
4272	cables-chargers -> cables-adapters	HDMI™ High Speed Cable with Ethernet
4273	cables-chargers -> cables-adapters	Toslink Digital Audio Connection Cable
4274	batteries -> tools-adhesives	Battery Tester
4275	cables-chargers -> chargers-power	Universal Power Supply (3 V - 12 V max. 3.6 W / 0.3 A)
4276	back-glass-housings -> it-multimedia	CAT 6 Universal Wall Plate Incl. On-Wall Mounting Frame
4277	accessories -> cables-adapters	USB-C™ Extension (USB 3.1 Generation 1), Black
4278	cables-chargers -> cables-adapters	TV Antenna Cable (135 dB), 4x Shielded
4279	cables-chargers -> cables-adapters	Connection Cable Euro Plug Angled at Both Ends, 3 m, Black
4280	cables-chargers -> chargers-power	Dual USB Charger (12 W) White
4281	cables-chargers -> cables-adapters	MP3 Jack to RCA Audio Adapter Cable
4282	cables-chargers -> accessories	Cable Duct
4283	small-parts-flex -> cables-adapters	PA Loudspeaker Plug
4284	accessories -> tools-adhesives	Test Lead
4285	cables-chargers -> cables-adapters	Car Cigarette Lighter Cable to DC Plug, 12 V, 1.8 m
4286	cables-chargers -> chargers-power	Universal Power Supply (3V-12V max. 12W / 1,0A)
4287	cables-chargers -> cables-adapters	Stereo MP3 Jack Audio Adapter Cable
4288	cables-chargers -> cables-adapters	USB 3.0 SuperSpeed Adapter USB-A ​​to USB-C™, black
4289	accessories -> chargers-power	LED Transformer 12 V/12 W
4290	cables-chargers -> cables-adapters	Stereo MP3 Jack Audio Adapter Cable
4291	cables-chargers -> accessories	Cable Management 1 Slot, White
4292	cables-chargers -> accessories	Cable Management 1 Slot, Black
4293	cables-chargers -> accessories	Cable Management 2 Slots, White
4294	cables-chargers -> cables-adapters	Headphone and Audio AUX Extension Cable, 4-pin 3.5 mm Slim, CU
4295	small-parts-flex -> accessories	Speaker Terminal
4296	cables-chargers -> cables-adapters	Antenna Cable (&lt;70 dB), Double Shielded
4297	small-parts-flex -> accessories	LED Solar Wall Light with Motion Sensor, 3.2 W, Black
4298	cables-chargers -> cables-adapters	HDMI™ High Speed Cable with Ethernet
4299	cables-chargers -> cables-adapters	Analogue DVI-I/VGA Adapter, gold-plated
4300	accessories -> tools-adhesives	Solder Paste Can, 50 g
4301	cables-chargers -> cables-adapters	PC Data Cable, 6 Gbit/s, Clip
4302	cables-chargers -> cables-adapters	Mains Adapter US/Japan, Black
4303	cables-chargers -> accessories	Cable Marker Clips "Digits 0–9" for Cable Diameters of 5.6 - 7.4 mm
4304	cables-chargers -> accessories	GU10 Lamp Socket with Twin Cable
4305	accessories -> cables-adapters	SAT Window Feed-Through, Flat
4306	batteries -> accessories	4x AA (Mignon) Battery Holder
4308	cables-chargers -> chargers-power	Universal Power Supply (9 V - 24 V max. 24 W / 1.5 A)
4309	back-glass-housings -> it-multimedia	2.5 Inch Hard Drive Mounting Frame to 3.5 Inch - 1-Fold
4310	cables-chargers -> cables-adapters	Audio Cable Adapter, 3.5 mm Female to RCA Male
4311	back-glass-housings -> it-multimedia	2.5 Inch Hard Drive Mounting Frame to 3.5 Inch - 1-fold
4312	cables-chargers -> cables-adapters	USB-C™ Charging and Sync Cable (USB-A > USB-C™)
4313	batteries -> accessories	2x AA (Mignon) Battery Holder
4314	batteries -> accessories	1x 9 V Block Battery Holder
4315	accessories -> cables-adapters	BNC Plug > UHF Female
4316	tools-adhesives -> cables-adapters	Tool-free RJ45 Network Connector CAT 5e UTP Unshielded
4318	cables-chargers -> cables-adapters	Headphone and Audio AUX Extension Cable, 4-pin 3.5 mm Slim, CU
4319	accessories -> it-multimedia	Projector Ceiling Mount (M)
4320	cables-chargers -> accessories	Cable Management Set with Hook-and-Loop Fastener
4321	accessories -> cables-adapters	Banana Plug with Screw Connection
4322	cables-chargers -> cables-adapters	Micro-USB Charging and Sync Cable
4323	accessories -> cables-adapters	DC Plug, Right Angle Type
4324	accessories -> cables-adapters	RCA Plug
4325	accessories -> tools-adhesives	Replacement Sponge, Cleaning Sponge for Soldering Station and Soldering Iron Stand
4327	cables-chargers -> cables-adapters	F Adapter: F Plug > Coax Socket
4328	cables-chargers -> cables-adapters	Antenna Cable (&lt;70 dB), Double Shielded
4329	accessories -> cables-adapters	SMA Male > BNC Female
4330	accessories -> tools-adhesives	Digital Caliper 150 mm / 6 Inch
4331	cables-chargers -> accessories	E27 Lamp Socket with Twin Cable
4334	cables-chargers -> accessories	G9 Lamp Socket with Twin Cable
4335	back-glass-housings -> accessories	Toggle Switch Miniature, ON - OFF - ON, 6 Pins, Blue Housing
4336	accessories -> tools-adhesives	Desoldering Wire 2 mm for Removing Solder from Solder Joints, 1.5 m
4337	cables-chargers -> cables-adapters	AUX Audio Connector Cable, 3.5 mm Stereo, CU
4338	cables-chargers -> cables-adapters	Plane/Travel Headphone Adapter, AUX Jack, 3.5 mm Female
4339	cables-chargers -> accessories	Telephone Receiver Cable Untangler
4341	small-parts-flex -> audio	Speaker Selector
4342	cables-chargers -> cables-adapters	CAT 6 Patch Cable, U/UTP, white
4343	cables-chargers -> cables-adapters	Socket Adapter
4344	small-parts-flex -> cables-adapters	Speaker plug
4345	accessories -> cables-adapters	DC female (5.50 x 2.10 mm) - DC female (5.50 x 2.10 mm)
4346	small-parts-flex -> cables-adapters	Speaker Plug Set
4347	batteries -> cables-adapters	Goobay Tamiya Battery Connection Cable
4348	cables-chargers -> cables-adapters	PC Y Power Cable/Adapter (5.25 Inch), 1x Male to 2x Female
4349	cables-chargers -> cables-adapters	UHF Plug for Cables of Ø 5.3 mm Max.
4350	batteries -> accessories	4x Battery Holder
4351	small-parts-flex -> accessories	Button Cell Holder for CR2012 to CR2032
4352	cables-chargers -> accessories	Joyroom Car Wireless FM Transmitter Silver (JR-CL18)
4353	cables-chargers -> chargers-power	Joyroom Multi 5 Ports USB Car Charger Black (JR-CL03)
4386	it-multimedia -> accessories	Samsung Galaxy Tab S9 - 5G - 128GB - Graphite
4387	it-multimedia -> accessories	Samsung Galaxy Watch6 - LTE/4G variant - Smartwatch - 44mm - Graphite
4388	it-multimedia -> accessories	Samsung Samsung Galaxy Z Fold5 - 512GB - Phantom Black
4389	it-multimedia -> audio	Apple Beats X Wireless oordopjes - Zwart (brown box)
4390	it-multimedia -> accessories	Samsung Galaxy Watch6 - LTE/4G variant - Smartwatch - 40mm - Graphite
4391	it-multimedia -> accessories	Samsung Galaxy Watch6 Classic - LTE/4G variant - Smartwatch - 43mm - Graphite
4392	it-multimedia -> accessories	Samsung Galaxy Tab S9 - 5G - 256GB - Graphite
4393	it-multimedia -> accessories	Samsung Galaxy Watch6 Classic - LTE/4G variant - Smartwatch - 47mm - Graphite
4396	it-multimedia -> accessories	Smart Band 7
4399	it-multimedia -> accessories	Mi Temperature and Humidity Monitor 2
4400	cameras -> tempered-glass-protection	Tempered Glass Camera Protector for iPhone 15 Pro / iPhone 15 Pro Max
4401	cameras -> tempered-glass-protection	Tempered Glass Camera Protector for iPhone 15 / iPhone 15 Plus
4456	other-parts -> tools-adhesives	ALS Programmer DIANL 2023
4457	it-multimedia -> accessories	Samsung Galaxy A54 Enterprise Edition, 128 GB, Awesome Graphite
4458	it-multimedia -> accessories	Samsung Galaxy A54, 128 GB, Awesome Graphite
4459	screens-lcds -> tempered-glass-protection	PanzerGlass Display protection, Galaxy Watch 4
4460	screens-lcds -> tempered-glass-protection	PanzerGlass Screen protector Full Body For Apple Watch 4/5/6/SE 40mm - Black
4461	screens-lcds -> tempered-glass-protection	PanzerGlass Screen protector Full Body For Apple Watch 4/5/6/SE 44mm - Black
4462	screens-lcds -> tempered-glass-protection	PanzerGlass Screen protector Forerunner 945, Ignite
4463	screens-lcds -> tempered-glass-protection	PanzerGlass Display protection Galaxy Watch, Galaxy Watch 4
4464	screens-lcds -> tempered-glass-protection	PanzerGlass Screen protector For Garmin Venu 2, Venu 2 Plus, VIVOActive 4
4465	screens-lcds -> tempered-glass-protection	PanzerGlass Screen protector Galaxy Watch 5 Pro
4467	other-parts -> tempered-glass-protection	PanzerGlass Full Body Apple Watch Series 7 41mm
4468	screens-lcds -> tempered-glass-protection	PanzerGlass Screen protector Apple Watch 44 mm
4469	screens-lcds -> tempered-glass-protection	PanzerGlass Screen Protector Full Body Apple Watch Ultra (49 mm) Black
4470	screens-lcds -> tempered-glass-protection	PanzerGlass Fitbit Sense 2 screen protector
4471	screens-lcds -> tempered-glass-protection	PanzerGlass Screen protector Apple Watch Series 4/5/6/SE (40mm)
4472	screens-lcds -> tempered-glass-protection	PanzerGlass Full Body Screen Protector For Apple Watch Ultra, Ultra 2 49mm - Transparent
4473	screens-lcds -> tempered-glass-protection	PanzerGlass Screen protector Galaxy Watch 5 (44mm)
4474	screens-lcds -> tempered-glass-protection	PanzerGlass Screen protector 36 mm For Smartwatches
4475	screens-lcds -> tempered-glass-protection	PanzerGlass Screen protector Garmin Forerunner 245 / 245 music / 45 (35mm)
4477	other-parts -> tempered-glass-protection	PanzerGlass Full Body Apple Watch Series 7 45mm
4478	screens-lcds -> tempered-glass-protection	PanzerGlass Screen protector Galaxy Watch 5 (40mm)
4479	screens-lcds -> tempered-glass-protection	PanzerGlass Anti-glare screen protector Venu, Venu 2S, Venu SQ
4480	screens-lcds -> tempered-glass-protection	PanzerGlass Screen protector Apple Watch Ultra 49mm
4481	accessories -> tempered-glass-protection	PanzerGlass Privacy (1 Piece), iPad Pro 11 2020 (2. Gen)
4482	accessories -> tempered-glass-protection	PanzerGlass SAFE. Samsung Galaxy Tab A8 UWF (1 Piece), Galaxy Tab A8 (2021)
4483	cases-covers -> tempered-glass-protection	PanzerGlass Case Friendly (1 Piece), Galaxy Tab S7+ 12.4 (2020)
4485	cases-covers -> tempered-glass-protection	PanzerGlass Case Friendly AB (1 Piece), Galaxy Tab S8 Ultra
4486	accessories -> tempered-glass-protection	PanzerGlass iPad 10.9" (2022) UWF Graphi (1 Piece), iPad 2022 (10th Gen)
4487	accessories -> tempered-glass-protection	PanzerGlass Classic (1 Piece), iPad Pro 12.9 2020 (4. Gen), iPad Pro 12.9 2018 (3. Gen)
4488	screens-lcds -> tempered-glass-protection	PanzerGlass screen protector (1 Piece), iPad 2019 (7th gene), iPad 2020 (8. Gen)
4489	accessories -> tempered-glass-protection	PanzerGlass Graphic Paper (1 Piece), iPad Pro 12.9 2021 (5th Gen), iPad Pro 12.9 2018 (3. Gen), iPad Pro 12.9 2020 (4. Gen)
4491	cases-covers -> tempered-glass-protection	PanzerGlass Case Friendly GrapicPaper AB (1 Piece), iPad Air 2022 (5th Gen), iPad Pro 11 2020 (2. Gen), iPad Air 2020 (4. Gen)
4492	cases-covers -> tempered-glass-protection	PanzerGlass Case Friendly AB (1 Piece), Galaxy Tab A8 (2021)
4493	screens-lcds -> tempered-glass-protection	PanzerGlass Screen protector (1 Piece), iPad Pro 11 2020 (2. Gen), iPad Pro 11 2021 (3rd Gen), iPad Air 2020 (4. Gen), iPad Air 2022 (5th Gen), iPad Pro 11 2018 (1. Gen)
4494	cases-covers -> tempered-glass-protection	PanzerGlass Case Friendly (1 Piece), Galaxy S21
4495	screens-lcds -> tempered-glass-protection	PanzerGlass Screen Protector (1 Piece), Redmi Note 12 Pro
4496	cases-covers -> tempered-glass-protection	PanzerGlass Case Friendly Privacy (1 Piece), iPhone 12, iPhone 12 Pro
4497	screens-lcds -> tempered-glass-protection	PanzerGlass Screen Protector (1 Piece), iPhone 15 Pro Max
4498	screens-lcds -> tempered-glass-protection	PanzerGlass Screen protector Case Friendly iPhone 14 Pro Max (1 Piece), iPhone 14 Pro Max
4499	accessories -> tempered-glass-protection	PanzerGlass Privacy (1 Piece), iPhone X, iPhone 11 Pro, iPhone XS
4500	screens-lcds -> tempered-glass-protection	PanzerGlass Display protector Case Friendly (1 Piece), Galaxy A13
4501	accessories -> tempered-glass-protection	PanzerGlass SP Galaxy A54 5G UWF (1 Piece), Samsung
4502	accessories -> tempered-glass-protection	PanzerGlass standard fit (1 Piece), iPhone 11 Pro Max, iPhone XS Max
4503	accessories -> tempered-glass-protection	PanzerGlass Ultra Wide Fit (1 Piece), Galaxy S23 Ultra
4504	screens-lcds -> tempered-glass-protection	PanzerGlass Screen Protector Ultra Wide Fit Galaxy S23 (1 Piece), Galaxy S23
4505	screens-lcds -> tempered-glass-protection	PanzerGlass Screen Protector (1 Piece), iPhone 12 Pro Max
4506	accessories -> tempered-glass-protection	PanzerGlass Edge-to-Edge (1 Piece), iPhone 12, iPhone 12 Pro
4507	accessories -> tempered-glass-protection	PanzerGlass edge to edge (1 Piece), iPhone X, iPhone 11 Pro, iPhone XS
4508	screens-lcds -> tempered-glass-protection	PanzerGlass Screen protector (1 Piece), iPhone 13 mini
4509	cases-covers -> tempered-glass-protection	PanzerGlass Case Friendly (1 Piece), Galaxy S21 FE
4510	accessories -> tempered-glass-protection	PanzerGlass Ultra Wide (1 Piece), Galaxy S23+
4514	screens-lcds -> tempered-glass-protection	PanzerGlass Screen Protector Ultra Wide Fit Privacy iPhone 14 Pro Max (1 Piece), iPhone 14 Pro Max
4515	screens-lcds -> tempered-glass-protection	PanzerGlass Display protector Case Friendly (1 Piece), iPhone 14 Pro
4521	screens-lcds -> tempered-glass-protection	PanzerGlass Screen Protector Privacy (1 Piece), iPhone 12, iPhone 12 Pro
4522	screens-lcds -> tempered-glass-protection	PanzerGlass Display protection (1 Piece), Google Pixel 7
4523	cameras -> tempered-glass-protection	PanzerGlass Camera Protector iP 6.1, 6.7 inch Pro 2022 (1 Piece), iPhone 14 Pro
4525	screens-lcds -> tempered-glass-protection	PanzerGlass Screen Protector (1 Piece), iPhone 12 Mini
4532	screens-lcds -> tempered-glass-protection	PanzerGlass Screen Protector (1 Piece), iPhone 12, iPhone 12 Pro
4539	cables-chargers -> cables-adapters	Apple Lightning to USB Cable (0.5 m) (retail packaging)
4540	cables-chargers -> cables-adapters	Apple Lightning to USB Cable (2 m) (retail packaging)
4541	cables-chargers -> cables-adapters	Apple Lightning to USB Cable - 1 meter (retail packaging)
4542	cables-chargers -> cables-adapters	Apple Lightning to USB-C Cable (1 m) (retail packaging)
4543	cables-chargers -> cables-adapters	Apple Lightning to USB-C Cable (1 m) (retail packaging)
4544	it-multimedia -> accessories	D8J10A HP 980 Original Tintenpatrone - Black
4545	it-multimedia -> accessories	D8J09A HP 980 Original Tintenpatrone - Yellow
4546	it-multimedia -> accessories	D8J08A HP 980 Original Tintenpatrone - Magenta
4547	it-multimedia -> accessories	D8J07A HP 980 Original Tintenpatrone - Cyan
4548	it-multimedia -> accessories	Samsung Galaxy SmartTag2, 4-Pack EI-T5600KWEGEU
4549	it-multimedia -> accessories	Samsung Galaxy SmartTag 2 - Black EI-T5600BBEGEU
4550	screens-lcds -> tempered-glass-protection	PANZERGLASS™ ALPHAFLY Samsung Galaxy S22 | Screen Protector
4551	cables-chargers -> cables-adapters	Joyroom Type-C to iP Smart Watch Magnetic Charging Cable 1.2m-White (S-IW004)
4553	cables-chargers -> chargers-power	Joyroom 45W Mini 2-port ring-pull fast car charger Tarnish (C-A35)
4554	cables-chargers -> chargers-power	Joyroom 45W 4-port Car Charger-Black (JR-CL09)
4555	cables-chargers -> chargers-power	Joyroom 60W 4-in-1 Car Charger with Coiled Type-C Cable-Black (JR-CL19)
4556	cables-chargers -> chargers-power	Joyroom 48W Car Wireless FM Transmitter-Black (JR-CL16)
4558	accessories -> cases-covers	Dux Ducis Skin Pro for Google Pixel 8 - Black
4560	tempered-glass-protection -> cases-covers	Dux Ducis Case (Samo Series) for Apple Watch Ultra 1/2 (49MM) - Silver
4561	tempered-glass-protection -> cases-covers	Dux Ducis Case (Hamo Series) for Apple Watch Series 7/8/9 (45MM) - Silver
4562	tempered-glass-protection -> cases-covers	Dux Ducis Case (Samo Series) for Apple Watch Ultra 1/2 (49MM) - Black
4563	other-parts -> cases-covers	Dux Ducis Strap (Milanese Series) for Samsung Watch 20MM - Silver
4564	other-parts -> cases-covers	Dux Ducis Strap (Milanese Series) for Samsung Watch 22MM - Black
4565	other-parts -> cases-covers	Dux Ducis Strap (GS Series) for Apple Watch 42MM/44MM/45MM/49MM - Black
4566	other-parts -> cases-covers	Dux Ducis Strap (Milanese Series) for Samsung Watch 22MM - Gold
4567	other-parts -> cases-covers	Dux Ducis Strap (Milanese Series) for Samsung Watch 20MM - Black
4568	accessories -> cases-covers	Dux Ducis Toby for Xiaomi Pad 5/5 Pro - Black
4577	screens-lcds -> tempered-glass-protection	Dux Ducis Paperfeel protective film Screen protector - Apple iPad Pro 12.9 (2018/2020/2021/2022) - (1 Piece)
4578	screens-lcds -> tempered-glass-protection	Dux Ducis Galaxy Tab S9 Ultra / S8 Ultra - Armoured Glass - (1 Piece)
4581	cables-chargers -> chargers-power	Baseus In-car Inverter 150W (220V CN/EU) - Black
4582	cables-chargers -> cables-adapters	Baseus Rapid USB Cable 3in1 Type C / Lightning / Micro 3A 1,2M - Black
4583	cables-chargers -> chargers-power	Baseus Adaman Metal Powerbank 20000mAh PD QC 3.0 65W 2xUSB + USB-C + micro USB - Black
4584	screens-lcds -> chargers-power	BASEUS Bipow Digital Display Power Bank 20000mAh 20W Portable Phone Charger - Black
4585	screens-lcds -> chargers-power	BASEUS Bipow Digital Display Power Bank 30000mAh 20W Portable Phone Charger - Black
4587	it-multimedia -> accessories	Baseus 2in1 Safety Hammer Punch For Windows + Knife For Cutting Belts - Silver
4588	it-multimedia -> accessories	Baseus 2in1 Safety Hammer Punch For Windows + Knife For Cutting Belts - Dark Gray
4589	cables-chargers -> accessories	Baseus FM Transmitter T typed Bluetooth 2xUSB microS - Black
4590	cables-chargers -> cables-adapters	Baseus Cafule Metal Lightning Cable PD20W 25cm - Black
4591	cables-chargers -> cables-adapters	Baseus Cafule Cable Durable Nylon Cable USB / Lightning QC3.0 2.4A 1M - Black-Gold
4592	it-multimedia -> accessories	Baseus platinum vehicle eyewear clip clamping type - Black
4593	it-multimedia -> accessories	Baseus full view blind spot rearview mirrors - Black
4600	cables-chargers -> chargers-power	Baseus Golden Contactor Pro Triple Fast Charger Car Charger 65W U+C+C Wathet blue
4601	screens-lcds -> chargers-power	Baseus Magic Series PPS digital display (Type-c PD+QC) Intelligent dual quick charging and car charging of 45W Black
4602	cables-chargers -> chargers-power	Baseus Compact Quick Charger U+C 20W EU Black
4603	cables-chargers -> cables-adapters	Baseus Flash Series Two-for-three Charging Cable U+C to M+L+C 100W 1.2m Gray+Black
4604	cables-chargers -> chargers-power	Baseus GaN2 Pro Quick Charger 2C+2U 100W EU White
4605	cables-chargers -> cables-adapters	Baseus cafule Cable USB For Type-C 3A 0.5m Red+Red
4606	it-multimedia -> accessories	Baseus Dust-free Vehicle-mounted Trash Can（Trash Bag 3 roll/90）Black
4607	screens-lcds -> chargers-power	Baseus Bipow Pro Digital Display Fast Charge Power Bank 20000mAh 22.5W Black
4608	screens-lcds -> chargers-power	Baseus Amblight Digital Display Quick Charge Power Bank 30000mAh White
4609	cables-chargers -> cables-adapters	Baseus cafule Cable USB For Type-C 2A 2m Gray+Black
4610	cables-chargers -> cables-adapters	Baseus Nimble flat cable USB / USB-C cable with holder 2A 0.23M black (CATMBJ-01)
4611	it-multimedia -> accessories	Baseus Gentleman Style Vehicle-mounted Trash Can（Trash Bag 1 roll/30）Black
4612	cables-chargers -> chargers-power	Baseus GaN3 Pro Desktop Fast Charger 2U+2C 100W EU Black
4613	cables-chargers -> chargers-power	Baseus Grain Car Charger (Dual USB 5V 3.1A ) Black
4614	cables-chargers -> cables-adapters	Baseus cafule Cable USB For Type-C 3A 0.5m Gray+Black
4615	cases-covers -> it-multimedia	Baseus Metal Adjustable Laptop Stand Silver
4616	screens-lcds -> cables-adapters	Baseus Display Fast Charging Data Cable Type-C to Type-C 100W 1m Black
4617	cables-chargers -> cables-adapters	Baseus cafule Cable USB For iP 1.5A 2m Red+Black
4618	cables-chargers -> cables-adapters	Baseus 3in1 USB - micro USB / Lightning / USB C 3.5A 1.2m cable StarSpeed - Black
4622	other-parts -> back-glass-housings	(A1706 / A1708 / Late 2016 / Mid 2017) – Space Grey).
4646	screens-lcds -> small-parts-flex	LCD Adhesive Tape for iPhone 15 Pro Max
4665	other-parts -> tools-adhesives	Screw Set for iPhone 15 Pro Max
4667	cables-chargers -> small-parts-flex	Proximity Light Sensor Flex Cable for iPhone 15 Pro Max
4668	cables-chargers -> small-parts-flex	Power / Volume Button Flex Cable for iPhone 15 Pro Max
4669	cables-chargers -> small-parts-flex	Bluetooth Flex Cable for iPhone 15 Pro Max
4671	cameras -> small-parts-flex	Loud Speaker for iPhone 15 Pro Max
4683	screens-lcds -> small-parts-flex	LCD Adhesive Tape for iPhone 15 Pro
4706	other-parts -> small-parts-flex	Screw Set for iPhone 15 Pro
4708	cables-chargers -> small-parts-flex	Proximity Light Sensor Flex Cable for iPhone 15 Pro
4709	cables-chargers -> small-parts-flex	Power / Volume Button Flex Cable for iPhone 15 Pro
4710	cables-chargers -> small-parts-flex	Bluetooth Flex Cable for iPhone 15 Pro
4724	screens-lcds -> small-parts-flex	LCD Adhesive Tape for iPhone 15 Plus
4741	other-parts -> small-parts-flex	SIM card Reader for iPhone 15 Plus
4742	other-parts -> small-parts-flex	Screw Set for iPhone 15 Plus
4744	cables-chargers -> small-parts-flex	Proximity Light Sensor Flex Cable for iPhone 15 Plus
4745	cables-chargers -> small-parts-flex	Power Button With Bluetooth Flex for iPhone 15 Plus
4746	cables-chargers -> small-parts-flex	Volume Button Flex Cable for iPhone 15 Plus
4751	charging-ports -> small-parts-flex	Charging Port Sensor for iPhone 15 Plus
4762	screens-lcds -> small-parts-flex	LCD Adhesive Tape for iPhone 15
4790	other-parts -> small-parts-flex	SIM card Reader for iPhone 15
4791	other-parts -> small-parts-flex	Screw Set for iPhone 15
4793	cables-chargers -> small-parts-flex	Proximity Light Sensor Flex Cable for iPhone 15
4794	cables-chargers -> small-parts-flex	Power Button With Bluetooth Flex for iPhone 15
4795	cables-chargers -> small-parts-flex	Volume Button Flex Cable for iPhone 15
4799	charging-ports -> small-parts-flex	Charging Port Sensor for iPhone 15
5088	batteries -> chargers-power	ENERGIZER Pro Charger incl. 4xAA 2000mAh E300696601 - (4 pcs)
5095	cables-chargers -> cables-adapters	UGREEN RJ45 Ethernet Cable Extender Adapter 1000Mbps 1PCS - Black
5096	cables-chargers -> cables-adapters	UGREEN Cat7 F/FTP Round Ethernet Cable Pure Copper With Braid 10Gbps 2M
5097	cables-chargers -> cables-adapters	UGREEN VGA 1*2 Splitter - Black
5098	cables-chargers -> cables-adapters	UGREEN DP Male To HDMI Male Cable 4K@30Hz 1.5M
5099	cables-chargers -> cables-adapters	UGREEN HDMI 2.0 2*1 Bi-Directional Switcher ABS 4K@60Hz
5100	cables-chargers -> cables-adapters	UGREEN 3.5mm male to female audio cable Support Mic 2m
5101	cables-chargers -> cables-adapters	UGREEN Dual 3.5mm Male To 3.5mm Female Audio Cable - Gray
5103	cables-chargers -> it-multimedia	UGREEN USB 3.0 To 2.5 SATA Hard Driver Enclosure with Micro USB3.0 to USB A cable / 5Gbps
5104	cables-chargers -> cables-adapters	UGREEN Type C To HDMI Cable 4K@60Hz 1.5M
5105	cables-chargers -> it-multimedia	UGREEN USB-C 3.1 GEN1 To Gigabit Ethernet Adapter - Gray
5107	cables-chargers -> cables-adapters	UGREEN USB-A To 3.5mm External Stereo Sound Adaptor - Black
5108	tempered-glass-protection -> accessories	UGREEN Protection Tube 5M - Black
5109	it-multimedia -> cases-covers	UGREEN IPAD & Accessory Multi-functional Storage Bag - Gray
5110	cables-chargers -> chargers-power	UGREEN FM & Bluetooth Transmitter&Car Charger + TF Slot - Black
5111	cables-chargers -> chargers-power	UGREEN 2*USB-C PD+USB-A 130W Fast Car Charger
5112	cables-chargers -> cables-adapters	UGREEN Type C Male To 3.5mm Audio Cable
5113	cables-chargers -> cables-adapters	UGREEN USB-C Male To USB 3.0 A 3A Data Cable 1m
5138	tempered-glass-protection -> cases-covers	Hama Protection for Samsung Galaxy Tab A9 Plus 11" - Black
5145	screens-lcds -> cases-covers	Hama Premium for Samsung Galaxy Tab S7+/S7 FE/S8+ 12.4
5146	screens-lcds -> cases-covers	Hama Premium for Samsung Galaxy Tab A7 Lite 8.7
5147	screens-lcds -> cases-covers	Hama Premium for Samsung Galaxy Tab A8 10.5 1 Piece
5148	screens-lcds -> tempered-glass-protection	Hama Premium screen protector Samsung Galaxy Tab A9+ 1 pc.
5149	screens-lcds -> tempered-glass-protection	Hama Hiflex for Apple iPad 10.9 iPad 2022 (10th Gen)
5150	cables-chargers -> cables-adapters	Hama SAT adapter, F-coupling Hitch
5151	cables-chargers -> cables-adapters	Hama SAT adapter, F plug - coax coupling Plugs and connectors
5152	cables-chargers -> cables-adapters	Hama 3.5mm – 6.3mm Jack adapter
5153	cables-chargers -> cables-adapters	Hama Antenna cable, coax plug - RJ45 plug, 2.5 m, white 75 dB, Antenna cable
5154	cables-chargers -> cables-adapters	Hama Antenna cable, coax male - coax female, 1.5 m, 75 dB, White 75 dB, Antenna cable
5155	cables-chargers -> cables-adapters	Hama USB cable, USB-C - USB-C, 1.5 m, Black 1.50 m, USB 2.0, Minimum order 3
5156	cables-chargers -> cables-adapters	Hama Audio adapter, 3.5 mm jack plug - cinch jack, stereo Jack adapter
5157	cables-chargers -> cables-adapters	Hama Audio splitter, 3.5mm jack plug - 2x 3.5mm jack socket, stereo Audio Splitter
5159	it-multimedia -> accessories	Hama Singo 10 x 15 cm
5160	it-multimedia -> accessories	Hama Reading aid +2.5
5161	cases-covers -> it-multimedia	Hama SD Box Slim Memory card cover
5162	it-multimedia -> cases-covers	Hama Bracelet FitbitCharge 3/4 22 mm, Stainless steel, Thermoplastic polyurethane
5164	back-glass-housings -> accessories	Hama Madrid 15x20 plastic - Silver
5165	back-glass-housings -> accessories	Hama Madrid 15x20 plastic - Black
5166	back-glass-housings -> accessories	Hama Acrylic keychain, large
5167	cables-chargers -> cables-adapters	Hama Car adapter ISO-ISO
5168	cables-chargers -> cables-adapters	Hama Adapter cable
5169	cables-chargers -> cables-adapters	Hama Antenna adapter plug DIN - coupling ISO Plugs and connectors
5170	it-multimedia -> tools-adhesives	Hama Unlocking bracket
5171	cables-chargers -> accessories	Hama PVC cable duct Duct, 1000 mm
5172	cables-chargers -> accessories	Hama PVC cable duct, half round Duct, 1000 mm
5173	cables-chargers -> accessories	Hama Velcro cable ties Velcro cable ties, 125 mm
5174	cables-chargers -> accessories	Hama Velcro cable ties Velcro cable ties, 200 mm
5175	cables-chargers -> accessories	Hama Velcro cable ties, 12 pieces Cable tie set, 145 mm, 12 pcs.
5177	it-multimedia -> accessories	Hama Fine Art 30 x 30 cm
5178	it-multimedia -> accessories	Hama La Fleur 10 x 15 cm
5179	it-multimedia -> accessories	Hama Fine Art 36 x 32 cm
5253	batteries -> accessories	ENERGIZER Extreme HR6 AA 2300mAh - (4 pcs)
5254	batteries -> accessories	ENERGIZER Extreme HR03 AAA 800mAh - (2 pcs)
5255	batteries -> accessories	ENERGIZER Lithium CR2032 - (2 pcs)
5256	batteries -> accessories	ENERGIZER Lithium CR2032 - (6 pcs)
5258	batteries -> accessories	ENERGIZER Lithium CR2 3V - (2 pcs)
5259	batteries -> accessories	ENERGIZER Alk. Power 6LR61 9V - (1 pcs)
5260	batteries -> accessories	ENERGIZER Lithium CR2450 - (2 pcs)
5261	batteries -> accessories	PANASONIC Lithium CR2354 - (1 pcs)
5262	batteries -> accessories	PANASONIC R2U P03 AAA 750mAh - (2 pcs)
5263	batteries -> accessories	PANASONIC Lithium CR2032 - (2 pcs)
5264	batteries -> accessories	DURACELL Lithium CR2 - (2 pcs)
5265	batteries -> accessories	DURACELL Lithium CR2450 - (1 pcs)
5266	batteries -> accessories	DURACELL Plus MN2400 AAA - (8 pcs)
5267	cables-chargers -> cables-adapters	Apple USB-C to USB-C Cable - (2 m) (retail packaging)
5268	cables-chargers -> cables-adapters	Apple Lightning to USB-C Cable - (2 m) (retail packaging)
5269	cables-chargers -> chargers-power	Joyroom 20W Mini magnetic wireless power bank 10000mAh Black With USB to Type-C 0.25m Cable-White (JR-W020)
5270	cables-chargers -> cables-adapters	UGREEN USB 2.0 to 3.5mm Audio Adapter Aluminum Alloy 25cm - Dark Gray
5271	cables-chargers -> cables-adapters	UGREEN USB 2.0 A to Micro USB Cable Nickel Plating Aluminum Braid 2m - Black
5272	cables-chargers -> it-multimedia	UGREEN HDMI Switcher 3 In 1 Out 4K@30HZ
5273	cables-chargers -> cables-adapters	UGREEN 3.5mm Male to 2RCA Male Cable 1m - Black
5274	cables-chargers -> cables-adapters	UGREEN USB-C to 2 Ports USB3.0-A Hub + HDMI + TF/SD with PD Power Supply - Space Gray
5275	cables-chargers -> cables-adapters	UGREEN USB 3.0 Extension Male Cable 3m - Black
5276	cables-chargers -> cables-adapters	UGREEN DP Male to HDMI Male Cable 3m - Black
5277	cables-chargers -> cables-adapters	UGREEN USB 3.0 Extension Male Cable 1.5m - Black
5278	cables-chargers -> cables-adapters	UGREEN USB to SATA Hard Drive Converter Cable EU
5279	cables-chargers -> cables-adapters	UGREEN USB-A 3.0 Male to Male Cable 2m - Black
5280	cases-covers -> cables-adapters	UGREEN USB-C to USB-C 2.0 Cable 100W Alu Case with Braid 1.5m - Space Gray
5281	cables-chargers -> cables-adapters	UGREEN USB 2.0 AM to BM Print Cable 3m - Black
5282	cables-chargers -> chargers-power	UGREEN Nexode 100W 4-Port PD GaN Fast Charger EU - White
5285	accessories -> cases-covers	Dux Ducis Domo Xiaomi Redmi Pad SE - Black
5287	accessories -> cases-covers	Dux Ducis Toby Galaxy Tab A9+ - Black
5288	other-parts -> cases-covers	Dux Ducis Sportarmband 49 mm, 44 mm, 45 mm, 42 mm Nylon - Black
5290	cases-covers -> accessories	Apple iPhone Fine Wove Wallet with MagSafe MT2N3ZM/A - Black
5293	cables-chargers -> cables-adapters	UGREEN USB-C Multifunction Adapter with PD Charging - Silver
5294	cables-chargers -> cables-adapters	UGREEN USB-C Multifunction Adapter - Gray
5295	cables-chargers -> cables-adapters	UGREEN USB-C to 4*USB 3.0+HDMI Adapter - Gray
5296	cables-chargers -> cables-adapters	UGREEN Right Angle USB-A to Lightning Cable 1m - Black
5297	cables-chargers -> cables-adapters	UGREEN USB-C to Lightning M/M Cable Aluminum Shell Braided 1m - Black
5298	cables-chargers -> cables-adapters	UGREEN USB-A 2.0 to USB-C Cable Nickel Plating Aluminum Braid 2m - Black
5299	cables-chargers -> cables-adapters	UGREEN USB-A 2.0 to USB-C Cable Nickel Plating Aluminum Braid 1m - Black
5300	cables-chargers -> cables-adapters	UGREEN USB-C to Angled USB2.0-C Round Cable M/M Aluminum Shell Nickel Plating 1m - Gray Black
5301	cables-chargers -> cables-adapters	UGREEN Right Angle USB-A to USB-C Cable 2m - Space Gray
5302	it-multimedia -> audio	UGREEN HiTune X6 ANC True Wireless Earbuds - Black
5303	cables-chargers -> cables-adapters	UGREEN USB-C to Angled USB 2.0 C M/M Round Cable Aluminum Shell Nickel Plating 2m - Gray Black
5304	cables-chargers -> cables-adapters	UGREEN USB-C to Lightning Cable Aluminum Shell Braided 1m - Midnight Green
5305	it-multimedia -> audio	UGREEN HiTune T3 Active Noise-Cancelling Wireless Earbuds - White
5306	cables-chargers -> small-parts-flex	Proximity Light Sensor Flex Cable For IPhone 13 Mini
5307	cables-chargers -> small-parts-flex	Proximity Light Sensor Flex Cable For IPhone 13 Pro Max
5308	cables-chargers -> small-parts-flex	Proximity Light Sensor Flex Cable For IPhone 13 Pro
5309	cables-chargers -> small-parts-flex	Proximity Light Sensor Flex Cable For IPhone 13
5310	other-parts -> accessories	Demo data
5311	cables-chargers -> small-parts-flex	Antenna Connecting Cable For Samsung Galaxy S24 Ultra
5312	cables-chargers -> small-parts-flex	Stylus Pen Flex Cable For Samsung Galaxy S24 Ultra
5313	screens-lcds -> small-parts-flex	LCD Adhesive Tape For Samsung Galaxy S24 Ultra
5317	cameras -> back-glass-housings	Back Cover Glass With Camera Lens For Samsung Galaxy S24 Ultra (Titanium Yellow)
5318	cameras -> back-glass-housings	Back Cover Glass With Camera Lens For Samsung Galaxy S24 Ultra (Titanium Gray)
5319	cameras -> back-glass-housings	Back Cover Glass With Camera Lens For Samsung Galaxy S24 Ultra (Titanium Black)
5320	cameras -> back-glass-housings	Back Cover Glass With Camera Lens For Samsung Galaxy S24 Ultra (Sapphire Blue)
5321	cameras -> back-glass-housings	Back Cover Glass With Camera Lens For Samsung Galaxy S24 Ultra (Sandstone Orange)
5322	cameras -> back-glass-housings	Back Cover Glass With Camera Lens For Samsung Galaxy S24 Ultra (Jade Green)
5323	cameras -> back-glass-housings	Back Cover Glass With Camera Lens For Samsung Galaxy S24 Ultra (Titanium Violet)
5324	screens-lcds -> small-parts-flex	LCD Flex Cable For Samsung Galaxy S24 Ultra
5325	cables-chargers -> small-parts-flex	Power And Volume Button Flex Cable For Samsung Galaxy S24 Ultra
5326	cameras -> small-parts-flex	Loudspeaker With Vibrator For Samsung Galaxy S24 Ultra
5330	cables-chargers -> small-parts-flex	Antenna Connecting Cable For Samsung Galaxy S24 Plus
5331	cables-chargers -> small-parts-flex	Mainboard Flex Cable For Samsung Galaxy S24 Plus
5332	screens-lcds -> small-parts-flex	LCD Flex Cable For Samsung Galaxy S24 Plus
5334	cables-chargers -> small-parts-flex	Power And Volume Button Flex Cable For Samsung Galaxy S24 Plus
5337	screens-lcds -> small-parts-flex	LCD Adhesive Tape For Samsung Galaxy S24 Plus
5338	back-glass-housings -> small-parts-flex	Back Cover Adhesive Tape For Samsung Galaxy S24 Plus
5343	cameras -> back-glass-housings	Back Cover Glass With Camera Lens For Samsung Galaxy S24 Plus (Cobalt Violet)
5344	cameras -> back-glass-housings	Back Cover Glass With Camera Lens For Samsung Galaxy S24 Plus (Onyx Black)
5345	cameras -> back-glass-housings	Back Cover Glass With Camera Lens For Samsung Galaxy S24 Plus (Amber Yellow)
5346	cameras -> back-glass-housings	Back Cover Glass With Camera Lens For Samsung Galaxy S24 Plus (Marble Gray)
5347	cameras -> back-glass-housings	Back Cover Glass With Camera Lens For Samsung Galaxy S24 Plus (Jade Green)
5348	cameras -> back-glass-housings	Back Cover Glass With Camera Lens For Samsung Galaxy S24 Plus (Sandstone Orange)
5349	cameras -> back-glass-housings	Back Cover Glass With Camera Lens For Samsung Galaxy S24 Plus (Sapphire Blue)
5357	screens-lcds -> small-parts-flex	LCD Adhesive Tape For Samsung Galaxy S24
5358	charging-ports -> small-parts-flex	Antenna Connecting Cable (Mainboard To Charging Port) For Samsung Galaxy S24
5366	cameras -> back-glass-housings	Back Cover Glass With Camera Lens For Samsung Galaxy S24 (Cobalt Violet)
5367	cameras -> back-glass-housings	Back Cover Glass With Camera Lens For Samsung Galaxy S24 (Amber Yellow)
5368	cameras -> back-glass-housings	Back Cover Glass With Camera Lens For Samsung Galaxy S24 (Onyx Black)
5369	cameras -> back-glass-housings	Back Cover Glass With Camera Lens For Samsung Galaxy S24 (Marble Gray)
5370	cameras -> back-glass-housings	Back Cover Glass With Camera Lens For Samsung Galaxy S24 (Sapphire Blue)
5371	cameras -> back-glass-housings	Back Cover Glass With Camera Lens For Samsung Galaxy S24 (Sandstone Orange)
5372	cameras -> back-glass-housings	Back Cover Glass With Camera Lens For Samsung Galaxy S24 (Jade Green)
5373	screens-lcds -> small-parts-flex	LCD Flex Cable For Samsung Galaxy S24
5374	cables-chargers -> small-parts-flex	Power / Volume Button Flex Cable For Samsung Galaxy S24
5383	charging-ports -> small-parts-flex	Antenna Connecting Cable (Mainboard To Charging Port) For Samsung Galaxy S23 Ultra
5384	screens-lcds -> small-parts-flex	LCD Flex Cable For Samsung Galaxy S23 Ultra (S918U)
5385	cables-chargers -> small-parts-flex	Mainboard Flex Cable For Samsung Galaxy S23 Ultra
5389	charging-ports -> small-parts-flex	Antenna Connecting Cable (Mainboard To Charging Port) For Samsung Galaxy S23 Plus
5390	screens-lcds -> small-parts-flex	LCD Flex Cable For Samsung Galaxy S23 Plus
5391	cables-chargers -> small-parts-flex	Mainboard Flex Cable For Samsung Galaxy S23 Plus
5392	back-glass-housings -> small-parts-flex	Back Cover Adhesive Tape For Samsung Galaxy S23 Plus (10 Pack)
5394	cables-chargers -> small-parts-flex	Mainboard Flex Cable For Samsung Galaxy S23 FE
5395	back-glass-housings -> small-parts-flex	Back Cover Adhesive Tape For Samsung Galaxy S23 FE
5396	charging-ports -> small-parts-flex	Antenna Connecting Cable (Mainboard To Charging Port) For Samsung Galaxy S23 FE
5397	cameras -> back-glass-housings	Back Cover Glass With Camera Lens For Samsung Galaxy S23 FE (Cream)
5398	cameras -> back-glass-housings	Back Cover Glass With Camera Lens For Samsung Galaxy S23 FE (Mint)
5399	cameras -> back-glass-housings	Back Cover Glass With Camera Lens For Samsung Galaxy S23 FE (Tangerine)
5400	cameras -> back-glass-housings	Back Cover Glass With Camera Lens For Samsung Galaxy S23 FE (Purple)
5401	cameras -> back-glass-housings	Back Cover Glass With Camera Lens For Samsung Galaxy S23 FE (Graphite)
5402	cameras -> back-glass-housings	Back Cover Glass With Camera Lens For Samsung Galaxy S23 FE (Indigo)
5403	cables-chargers -> small-parts-flex	Power / Volume Flex Cable For Samsung Galaxy S23 FE
5410	charging-ports -> small-parts-flex	Antenna Connecting Cable (Mainboard To Charging Port) For Samsung Galaxy S23
5411	screens-lcds -> small-parts-flex	LCD Flex Cable For Samsung Galaxy S23 (S911U)
5412	cables-chargers -> small-parts-flex	Mainboard Flex Cable For Samsung Galaxy S23
5414	back-glass-housings -> small-parts-flex	Back Cover Adhesive Tape For Samsung Galaxy S23 (10 Pack)
5417	screens-lcds -> small-parts-flex	LCD Flex Cable For Samsung Galaxy S22 Ultra (S908)
5418	cables-chargers -> small-parts-flex	Mainboard Flex Cable For Samsung Galaxy S22 Ultra (S908U)
5422	cables-chargers -> small-parts-flex	Antenna Connecting Cable For Samsung Galaxy S22 Plus (G906U/B)
5423	screens-lcds -> small-parts-flex	LCD Flex Cable For Samsung Galaxy S22 Plus
5424	cables-chargers -> small-parts-flex	Mainboard Flex Cable For Samsung Galaxy S22 Plus
5427	cables-chargers -> small-parts-flex	Antenna Connecting Cable For Samsung Galaxy S22 (G901F)
5428	screens-lcds -> small-parts-flex	LCD Flex Cable For Samsung Galaxy S22 (S901U)
5429	cables-chargers -> small-parts-flex	Mainboard Flex Cable For Samsung Galaxy S22
5433	screens-lcds -> small-parts-flex	Tester Cable (LCD Assembly) For Samsung Galaxy S21 Ultra
5434	charging-ports -> small-parts-flex	Antenna Connecting Cable (Mainboard To Charging Port) For Samsung Galaxy S21 Ultra
5435	cables-chargers -> small-parts-flex	Mainboard Flex Cable For Samsung Galaxy S21 Ultra
5436	cases-covers -> small-parts-flex	Earpiece Speaker With Antenna Cover For Samsung Galaxy S21 Ultra
5437	charging-ports -> small-parts-flex	Antenna Connecting Cable (Mainboard To Charging Port) For Samsung Galaxy S21 Plus (G996U)
5438	screens-lcds -> small-parts-flex	LCD Flex Cable For Samsung Galaxy S21 Plus
5439	cables-chargers -> small-parts-flex	Main Board Flex Cable For Samsung Galaxy S21 Plus
5442	charging-ports -> small-parts-flex	Antenna Connecting Cable (Mainboard To Charging Port) For Samsung Galaxy S21 FE (G990U)
5443	screens-lcds -> small-parts-flex	LCD Flex Cable For Samsung Galaxy S21 FE (G990U)
5444	cables-chargers -> small-parts-flex	Mainboard Flex Cable For Samsung Galaxy S21 FE (G990B/N)
5449	cables-chargers -> small-parts-flex	Antenna Connecting Cable For Samsung Galaxy S21 (G991B)
5450	screens-lcds -> small-parts-flex	LCD Flex Cable For Samsung Galaxy S21
5451	cables-chargers -> small-parts-flex	Mainboard Flex Cable For Samsung Galaxy S21
5453	screens-lcds -> small-parts-flex	Tester Cable (LCD Assembly) For Samsung Galaxy S21
5455	charging-ports -> small-parts-flex	Antenna Connecting Cable (Mainboard To Charging Port) For Samsung Galaxy S20 Ultra
5456	cables-chargers -> small-parts-flex	Mainboard Flex Cable For Samsung Galaxy S20 Ultra (Big)
5457	screens-lcds -> small-parts-flex	LCD Flex Cable For Samsung Galaxy S20 Ultra
5458	charging-ports -> small-parts-flex	Antenna Connecting Cable (Mainboard To Charging Port) For Samsung Galaxy S20 Plus
5459	screens-lcds -> small-parts-flex	LCD Flex Cable For Samsung Galaxy S20 Plus
5460	cables-chargers -> small-parts-flex	Main Board Flex Cable For Samsung Galaxy S20 Plus / (Wide)
5461	cables-chargers -> small-parts-flex	Antenna Connecting Cable For Samsung Galaxy S20 FE (3 Piece Set)
5462	screens-lcds -> small-parts-flex	Tester Cable (LCD Assembly) For Samsung Galaxy A30 / A50 / A70 / S20 FE 4G / Z Flip 3 / Z Flip 4
5464	charging-ports -> small-parts-flex	Antenna Connecting Cable (Mainboard To Charging Port) For Samsung Galaxy S20
5465	screens-lcds -> small-parts-flex	LCD Flex Cable For Samsung Galaxy S20
5466	cables-chargers -> small-parts-flex	Mainboard Flex Cable For Samsung Galaxy S20 (Big)
5468	cables-chargers -> small-parts-flex	Mainboard Flex Cable For Samsung Galaxy S10 Lite
5469	cameras -> back-glass-housings	Back Cover Glass With Camera Lens For Samsung Galaxy S10 Lite (Prism White)
5470	cameras -> back-glass-housings	Back Cover Glass With Camera Lens For Samsung Galaxy S10 Lite (Prism Blue)
5471	cameras -> back-glass-housings	Back Cover Glass With Camera Lens For Samsung Galaxy S10 Lite (Prism Black)
5475	charging-ports -> small-parts-flex	Antenna Connecting Cable (Mainboard To Charging Port) For Samsung Galaxy S10
5478	cables-chargers -> small-parts-flex	Antenna Connecting Cable For Samsung Galaxy S9 Plus (2 Piece Set)
5479	cables-chargers -> small-parts-flex	Antenna Connecting Cable For Samsung Galaxy S9 (2 Piece Set)
5480	cables-chargers -> small-parts-flex	Antenna Signal Flex Cable For Samsung Galaxy S8 Plus (2 Piece Set)
5481	cables-chargers -> small-parts-flex	Antenna Connecting Cable For Samsung Galaxy S8 (2 Piece Set)
5482	cables-chargers -> small-parts-flex	Antenna Connecting Cable For Samsung Galaxy Note 20 Ultra (N986B)
5485	charging-ports -> small-parts-flex	Antenna Connecting Cable (Mainboard To Charging Port) For Samsung Galaxy Note 10 Plus
5486	cables-chargers -> small-parts-flex	Mainboard Flex Cable For Samsung Galaxy Note 10 Plus
5487	cables-chargers -> small-parts-flex	Mainboard Flex Cable For Samsung Galaxy Note 10 Lite
5489	charging-ports -> small-parts-flex	Antenna Connecting Cable (Mainboard To Charging Port) For Samsung Galaxy Note 10
5495	cameras -> back-glass-housings	Back Cover Glass With Camera Lens For Samsung Galaxy M31 (Black)
5501	cables-chargers -> small-parts-flex	Antenna Connecting Cable (Mainboard To Antenna Board) For Samsung Galaxy Z Fold 5 5G (F946)
5502	cameras -> back-glass-housings	Back Cover Glass With Camera Lens For Samsung Galaxy Z Fold 5 (Cream)
5503	cameras -> back-glass-housings	Back Cover Glass With Camera Lens For Samsung Galaxy Z Fold 5 (Icyblue)
5504	cameras -> back-glass-housings	Back Cover Glass With Camera Lens For Samsung Galaxy Z Fold 5 (Gray)
5505	cameras -> back-glass-housings	Back Cover Glass With Camera Lens For Samsung Galaxy Z Fold 5 (Blue)
5506	cameras -> back-glass-housings	Back Cover Glass With Camera Lens For Samsung Galaxy Z Fold 5 (Phantom Black)
5507	cables-chargers -> small-parts-flex	Mainboard To Daughterboard Connector Cable For Samsung Galaxy Z Fold 5 5G (F946)
5513	cables-chargers -> small-parts-flex	Mainboard Flex Cable For Samsung Galaxy Z Fold 4 (F936)
5514	back-glass-housings -> tools-adhesives	Back Cover Glass Adhesive Tape For Samsung Galaxy Z Fold 4 5G
5515	cameras -> back-glass-housings	Back Cover Glass With Camera Lens For Samsung Galaxy Z Fold 4 (Phantom Black)
5516	cameras -> back-glass-housings	Back Cover Glass With Camera Lens For Samsung Galaxy Z Fold 4 (Burgundy)
5517	cameras -> back-glass-housings	Back Cover Glass With Camera Lens For Samsung Galaxy Z Fold 4 (Graygreen)
5518	cameras -> back-glass-housings	Back Cover Glass With Camera Lens For Samsung Galaxy Z Fold 4 (Beige)
5524	cables-chargers -> small-parts-flex	Mainboard Flex Cable For Samsung Galaxy Z Fold 3 5G (F926)
5525	cameras -> back-glass-housings	Back Cover Glass With Camera Lens For Samsung Galaxy Z Fold 3 (Phantom Silver)
5526	cameras -> back-glass-housings	Back Cover Glass With Camera Lens For Samsung Galaxy Z Fold 3 (Phantom Green)
5527	cameras -> back-glass-housings	Back Cover Glass With Camera Lens For Samsung Galaxy Z Fold 3 (Phantom Black)
5529	charging-ports -> small-parts-flex	Antenna Connecting Cable (Mainboard To Charging Port) For Samsung Galaxy Z Fold 3 5G (F926
5532	cables-chargers -> small-parts-flex	Mainboard Flex Cable For Samsung Galaxy Z Fold 2 5G (F916U)
5533	screens-lcds -> small-parts-flex	LCD & Back Cover Adhesive Tape For Samsung Galaxy Z Fold 2 5G (F916)
5535	charging-ports -> small-parts-flex	Antenna Connecting Cable (Mainboard To Charging Port) For Samsung Galaxy Z Fold 2 5G
5543	cables-chargers -> small-parts-flex	Mainboard Flex Cable For Samsung Galaxy Z Flip 5 (F731)
5559	cables-chargers -> small-parts-flex	Mainboard Flex Cable For Samsung Galaxy Z Flip 4 (F721)
5567	cables-chargers -> small-parts-flex	Volume Flex Cable For Samsung Galaxy Z Flip 3 5G (F711)
5568	cables-chargers -> small-parts-flex	Mainboard Flex Cable For Samsung Galaxy Z Flip 3 5G (F711)
5578	cameras -> back-glass-housings	Back Cover Glass With Camera Lens For Samsung Galaxy A04s (Green)
5579	cameras -> back-glass-housings	Back Cover Glass With Camera Lens For Samsung Galaxy A04s (Black)
5580	cameras -> back-glass-housings	Back Cover Glass With Camera Lens For Samsung Galaxy A04s (White)
5582	cables-chargers -> small-parts-flex	Antenna Connecting Cable For Samsung Galaxy A03 Core (A032 / 2021)
5586	cables-chargers -> small-parts-flex	Antenna Connecting Cable For Samsung Galaxy A03 (A035 / 2021)
5588	cameras -> back-glass-housings	Back Cover Glass With Camera Lens For Samsung Galaxy A02S (White)
5589	cameras -> back-glass-housings	Back Cover Glass With Camera Lens For Samsung Galaxy A02S (Black)
5596	cables-chargers -> small-parts-flex	Antenna Connecting Cable For Samsung Galaxy A01 (A015 / 2020)
5605	cables-chargers -> small-parts-flex	Mainboard Flex Cable For Samsung Galaxy A73 5G (A736 / 2022)
5610	cables-chargers -> small-parts-flex	Mainboard Flex Cable For Samsung Galaxy A72 (A725 / 2021) / A72 5G (A726 / 2021)
5611	cameras -> back-glass-housings	Back Cover Glass With Camera Lens For Samsung Galaxy A72 (Black)
5612	cameras -> back-glass-housings	Back Cover Glass With Camera Lens For Samsung Galaxy A72 (White)
5613	cameras -> back-glass-housings	Back Cover Glass With Camera Lens For Samsung Galaxy A72 (Violet)
5614	cameras -> back-glass-housings	Back Cover Glass With Camera Lens For Samsung Galaxy A72 (Blue)
5618	charging-ports -> small-parts-flex	Antenna Connecting Cable (Mainboard To Charging Port) For Samsung Galaxy A71 5G (A716U / 2020)
5619	screens-lcds -> small-parts-flex	LCD Flex Cable For Samsung Galaxy A71 5G UW (A716V / 2020)
5620	cables-chargers -> small-parts-flex	Mainboard Flex Cable For Samsung Galaxy A71 5G UW (A716V / 2020)
5621	cameras -> back-glass-housings	Back Cover Glass With Camera Lens Samsung Galaxy A71 5G (A716V / 2020) (Prism Bricks Black)
5626	cables-chargers -> small-parts-flex	Antenna Connecting Cable For Samsung Galaxy A71 (A715 / 2020)
5627	cables-chargers -> small-parts-flex	Mainboard Flex Cable For Samsung Galaxy A71 (A715 / 2020)
5629	cables-chargers -> small-parts-flex	Antenna Connecting Cable For Samsung Galaxy A70 (A705 / 2019)
5632	cameras -> back-glass-housings	Back Cover Glass With Camera Lens For Samsung Galaxy A54 5G (Black)
5633	cameras -> back-glass-housings	Back Cover Glass With Camera Lens For Samsung Galaxy A54 5G (Violet)
5634	cameras -> back-glass-housings	Back Cover Glass With Camera Lens For Samsung Galaxy A54 5G (White)
5635	cameras -> back-glass-housings	Back Cover Glass With Camera Lens For Samsung Galaxy A54 5G (Lime)
5638	cables-chargers -> small-parts-flex	Antenna Connecting Cable For Samsung Galaxy A53 5G (A536 / 2022) (2 Piece Set)
5639	cables-chargers -> small-parts-flex	Mainboard Flex Cable For Samsung Galaxy A53 5G (A536 / 2022)
5644	cables-chargers -> small-parts-flex	Mainboard Flex Cable For Samsung Galaxy A52 5G (A525 / A526 / 2021)
5648	cables-chargers -> small-parts-flex	Antenna Connecting Cable For Samsung Galaxy A51 4G (A515 / 2019)
5649	cables-chargers -> small-parts-flex	Mainboard Flex Cable For Samsung Galaxy A51 4G (A515 / 2019)
5650	cables-chargers -> small-parts-flex	Mainboard Flex Cable For Samsung Galaxy A50 (A505 / 2019)
5651	cables-chargers -> small-parts-flex	Antenna Connecting Cable For Samsung Galaxy A42 5G (A426 / 2020)
5652	cables-chargers -> small-parts-flex	Mainboard Flex Cable For Samsung Galaxy A42 5G (A426 / 2020)
5654	cables-chargers -> small-parts-flex	Mainboard Flex Cable For Samsung Galaxy A41 (A415 / 2020)
5655	back-glass-housings -> small-parts-flex	Back Cover Adhesive Tape For Samsung Galaxy A41 (A415 / 2020) (10 Pack)
5656	cables-chargers -> small-parts-flex	Antenna Connecting Cable For Samsung Galaxy A40 (A405 / 2019)
5657	cables-chargers -> small-parts-flex	Mainboard Flex Cable For Samsung Galaxy A40 (A405 / 2019)
5660	cables-chargers -> small-parts-flex	Mainboard Flex Cable For Samsung Galaxy A54 5G (A546 / 2023) / A34 (A346 / 2023)
5663	cables-chargers -> small-parts-flex	Antenna Connecting Cable For Samsung Galaxy A33 5G (A336 / 2022) (2 Piece Set)
5664	cables-chargers -> small-parts-flex	Mainboard Flex Cable For Samsung Galaxy A33 5G (A336 / 2022)
5665	cases-covers -> small-parts-flex	Loudspeaker Protective Cover For Samsung Galaxy A33 5G (A336 / 2022)
5669	cables-chargers -> small-parts-flex	Antenna Connecting Cable For Samsung Galaxy A32 (A325 / 2021)
5673	cables-chargers -> small-parts-flex	Mainboard Flex Cable For Samsung Galaxy A31 (A315 / 2020)
5676	cables-chargers -> small-parts-flex	Antenna Connecting Cable For Samsung Galaxy A30 (A305 / 2019) - 2 Piece Set
5677	cables-chargers -> small-parts-flex	Antenna Connecting Cable For Samsung Galaxy A23 5G (A236 / 2022) - 2 Piece Set
5678	cameras -> back-glass-housings	Back Cover Glass With Camera Lens For Samsung Galaxy A23 5G - Blue
5679	cameras -> back-glass-housings	Back Cover Glass With Camera Lens For Samsung Galaxy A23 5G - Orange
5680	cameras -> back-glass-housings	Back Cover Glass With Camera Lens For Samsung Galaxy A23 5G - White
5681	cameras -> back-glass-housings	Back Cover Glass With Camera Lens For Samsung Galaxy A23 5G -Black
5686	cameras -> back-glass-housings	Back Cover Glass With Camera Lens For Samsung Galaxy A22 5G - Green
5687	cameras -> back-glass-housings	Back Cover Glass With Camera Lens For Samsung Galaxy A22 5G - Graphite
5688	cameras -> back-glass-housings	Back Cover Glass With Camera Lens For Samsung Galaxy A22 5G - White
5689	cameras -> back-glass-housings	Back Cover Glass With Camera Lens For Samsung Galaxy A22 5G - Violet
5694	cables-chargers -> small-parts-flex	Mainboard Flex Cable For Samsung Galaxy A22 5G (A226 / 2021)
5695	cables-chargers -> small-parts-flex	Antenna Connecting Cable For Samsung Galaxy A22 5G (A226 / 2021) - 2 Piece Set
5696	cables-chargers -> small-parts-flex	Mainboard Flex Cable For Samsung Galaxy A32 (A325 / 2021) / A22 4G (A225 / 2021)
5697	cameras -> back-glass-housings	Back Cover Glass With Camera Lens For Samsung Galaxy A22 4G - White
5698	cameras -> back-glass-housings	Back Cover Glass With Camera Lens For Samsung Galaxy A22 4G - Black
5699	cameras -> back-glass-housings	Back Cover Glass With Camera Lens For Samsung Galaxy A22 4G - Violet
5705	cables-chargers -> small-parts-flex	Mainboard Flex Cable for Samsung Galaxy A20S
5707	screens-lcds -> small-parts-flex	LCD Flex Cable For Samsung Galaxy A20 (A205S / 2019)
5711	cables-chargers -> small-parts-flex	Volume Button Flex Cable For Samsung Galaxy A15 4G / 5G
5714	cameras -> back-glass-housings	Back Cover Glass With Camera Lens For Samsung Galaxy A14 5G (A146 / 2023) - Black
5717	cameras -> back-glass-housings	Back Cover Glass With Camera Lens For Samsung Galaxy A14 5G - Silver
5718	cameras -> back-glass-housings	Back Cover Glass With Camera Lens For Samsung Galaxy A14 4G - Black
5719	cameras -> back-glass-housings	Back Cover Glass With Camera Lens For Samsung Galaxy A14 4G - Silver
5720	cameras -> back-glass-housings	Back Cover Glass With Camera Lens For Samsung Galaxy A14 4G - Green
5723	cameras -> back-glass-housings	Back Cover Glass With Camera Lens For Samsung Galaxy A13 5G - Black
5724	cameras -> back-glass-housings	Back Cover Glass With Camera Lens For Samsung Galaxy A13 5G - Blue
5725	cameras -> back-glass-housings	Back Cover Glass With Camera Lens For Samsung Galaxy A13 5G - White
5728	cameras -> back-glass-housings	Back Cover Glass With Camera Lens For Samsung Galaxy A13 4G - Blue
5729	cameras -> back-glass-housings	Back Cover Glass With Camera Lens For Samsung Galaxy A13 4G - Black
5730	cameras -> back-glass-housings	Back Cover Glass With Camera Lens For Samsung Galaxy A13 4G - White
5731	cameras -> back-glass-housings	Back Cover Glass With Camera Lens For Samsung Galaxy A13 4G - Peach
5746	back-glass-housings -> small-parts-flex	Back Cover Adhesive Tape For Samsung Galaxy A25 5G
5753	cables-chargers -> small-parts-flex	Volume Button Flex Cable for Samsung Galaxy A24 4G
5754	cables-chargers -> small-parts-flex	Mainboard Flex Cable for Samsung Galaxy A24 4G
5760	cameras -> back-glass-housings	Back Cover Glass With Camera Lens For Samsung Galaxy A05S - Light Green
5761	cameras -> back-glass-housings	Back Cover Glass With Camera Lens For Samsung Galaxy A05S - Silver
5762	cameras -> back-glass-housings	Back Cover Glass With Camera Lens For Samsung Galaxy A05S - Black
5763	cameras -> back-glass-housings	Back Cover Glass With Camera Lens For Samsung Galaxy A05S - Violet
5768	cables-chargers -> small-parts-flex	Power And Volume Button Flex Cable For Samsung Galaxy A05S
5775	cameras -> back-glass-housings	Back Cover Glass With Camera Lens For Samsung Galaxy A05 - Light Green
5776	cameras -> back-glass-housings	Back Cover Glass With Camera Lens For Samsung Galaxy A05 - Silver
5777	cameras -> back-glass-housings	Back Cover Glass With Camera Lens For Samsung Galaxy A05 - Black
5781	cables-chargers -> small-parts-flex	Power And Volume Button Flex Cable For Samsung Galaxy A05
5788	cables-chargers -> small-parts-flex	Hard Buttons (Power / Volume) For Samsung Galaxy S23 FE - Graphite
5789	cables-chargers -> small-parts-flex	Hard Buttons (Power / Volume) For Samsung Galaxy S23 FE - Cream
5793	cameras -> back-glass-housings	Back Cover Glass With Camera Lens For Samsung Galaxy A15 4G / 5G - Blue
5794	cameras -> back-glass-housings	Back Cover Glass With Camera Lens For Samsung Galaxy A15 4G / 5G - Lime
5795	cameras -> back-glass-housings	Back Cover Glass With Camera Lens For Samsung Galaxy A15 4G / 5G - Black
5796	cameras -> back-glass-housings	Back Cover Glass With Camera Lens For Samsung Galaxy A20 - Red
5797	cameras -> back-glass-housings	Back Cover Glass With Camera Lens For Samsung Galaxy A20 - Blue
5803	cameras -> back-glass-housings	Back Cover Glass With Camera Lens For Samsung Galaxy A23 4G - Peach
5804	cameras -> back-glass-housings	Back Cover Glass With Camera Lens For Samsung Galaxy A23 4G - White
5805	cameras -> back-glass-housings	Back Cover Glass With Camera Lens For Samsung Galaxy A23 4G - Blue
5806	cameras -> back-glass-housings	Back Cover Glass With Camera Lens For Samsung Galaxy A23 4G - Black
5809	cameras -> back-glass-housings	Back Cover Glass With Camera Lens For Samsung Galaxy A30 - Blue
5810	cameras -> back-glass-housings	Back Cover Glass With Camera Lens For Samsung Galaxy A30 - Black
5812	cameras -> back-glass-housings	Back Cover Glass With Camera Lens For Samsung Galaxy A35 5G - Lime
5813	cameras -> back-glass-housings	Back Cover Glass With Camera Lens For Samsung Galaxy A35 5G - Lilac
5814	cameras -> back-glass-housings	Back Cover Glass With Camera Lens For Samsung Galaxy A35 5G - Blue
5815	cameras -> back-glass-housings	Back Cover Glass With Camera Lens For Samsung Galaxy A35 5G - Black
5822	cables-chargers -> small-parts-flex	Mainboard Flex Cable for Samsung Galaxy A54 5G
5828	cameras -> back-glass-housings	Back Cover Glass With Camera Lens For Samsung Galaxy A73 5G - Mint
5829	cameras -> back-glass-housings	Back Cover Glass With Camera Lens For Samsung Galaxy A73 5G - Gray
5830	cameras -> back-glass-housings	Back Cover Glass With Camera Lens For Samsung Galaxy A73 5G - White
5834	cables-chargers -> small-parts-flex	Mainboard Flex Cable for Samsung Galaxy A80
5840	cameras -> back-glass-housings	Back Cover Glass With Camera Lens For Samsung Galaxy A03 - Blue
5841	cameras -> back-glass-housings	Back Cover Glass With Camera Lens For Samsung Galaxy A03 - Black
5857	cameras -> back-glass-housings	Back Cover Glass With Camera Lens For Samsung Galaxy Z Fold 2 5G - Bronze
5858	cameras -> back-glass-housings	Back Cover Glass With Camera Lens For Samsung Galaxy Z Fold 2 5G - Black
5862	cables-chargers -> small-parts-flex	Keyboard Flex Cable for iPad 10 (2022) - Blue
5863	cables-chargers -> small-parts-flex	Microphone Flex Cable for iPad 10 (2022)
5864	cables-chargers -> small-parts-flex	Fingerprint Sensor Flex Cable for iPad 10 (2022) - Blue
5865	cables-chargers -> small-parts-flex	Fingerprint Sensor Flex Cable for iPad 10 (2022) - Silver
5896	accessories -> tempered-glass-protection	Spigen Glass. TR EZ Fit For iPhone 14 Pro Max - 2 Piece
5897	accessories -> tempered-glass-protection	Spigen EZ Fit For iPhone 15 Pro Max - 2 Piece
5898	accessories -> tempered-glass-protection	Spigen EZ Fit For iPhone 14 Pro - 2 Piece
5899	accessories -> tempered-glass-protection	Spigen Glass. TR EZ Fit For iPhone 15 Pro Max - 1 Piece
5900	accessories -> tempered-glass-protection	Spigen Glass.TR EZ Fit For iPhone 15 Pro - 2 Piece
5901	batteries -> cases-covers	Spigen Ultra Hybrid For iPhone 13 - 1 Piece
5902	batteries -> tempered-glass-protection	Spigen Glass. TR EZ Fit For iPhone 13 / iPhone 13 Pro - 2 Piece
5903	batteries -> tempered-glass-protection	Spigen Glass. TR EZ Fit For iPhone 15 - 2 Piece
5905	it-multimedia -> accessories	Vava Children Night Light - White
5906	it-multimedia -> accessories	Vava PingoDream - Warm White
5907	cables-chargers -> it-multimedia	Carlinkit 5.0 CPC200 - 2air - Black
5908	cables-chargers -> it-multimedia	Carlinkit TBox - Plus 4
5910	cables-chargers -> chargers-power	Baseus High Efficiency One to Two Cigarette Lighter(dual-cigarette lighter 80W +dual USB 3.1A) - Black (CRDYQ-01)
5911	cables-chargers -> chargers-power	Baseus Enjoyment Pro Car Charger C+Retractable C & iP Cable 60W Cluster - Black (C00057802111-00)
5912	screens-lcds -> chargers-power	Baseus Particular Digital Display QC+PPS Dual Quick Charger Car Charger 65W - Dark Gray (TZCCKX-0G)
5913	cables-chargers -> chargers-power	Baseus Golden Contactor Pro Dual Fast Charger Car Charger C+C 40W - Dark Gray (CGJP000013)
5914	cables-chargers -> chargers-power	Baseus Share Together PPS multi-port Fast charging car charger with extension cord 120W 3U+1C - Gray (CCBT-B0G)
5915	cables-chargers -> chargers-power	Baseus Golden Contactor Pro Triple Fast Charger Car Charger 65W U+C+C - Dark Gray (CGJP010013)
5916	cables-chargers -> chargers-power	Baseus Qualcomm Quick Charge 5 Technology Multi-Port Fast Charge Car Charger C+C+U 160W set - Gray (TZCCZM-0G)
5917	cables-chargers -> chargers-power	Baseus Enjoy Car Wireless MP3 Charger (Wireless 5.0+5V/3.4A) - Black (CCLH-01)
5918	cables-chargers -> chargers-power	Baseus Y type dual USB+cigarette lighter extended car charger - Black (CCALL-YX01)
5919	cables-chargers -> chargers-power	Baseus GaN5 Pro Fast Charger 2C+U 65W EU - Black (CCGP120201)
5920	cables-chargers -> chargers-power	Baseus Compact Charger 3U 17W EU - White (CCXJ020102)
5921	cables-chargers -> chargers-power	Baseus GaN5 Pro Fast Charger 2C+U 65W EU - White (CCGP120202)
5922	cables-chargers -> chargers-power	Baseus GaN3 Pro Desktop Fast Charger 2C+2U 65W EU - Black (CCGP040101)
5923	cables-chargers -> cables-adapters	Baseus cafule Cable USB For iP 2.4A 1m - Red Black (CALKLF-B19)
5924	cables-chargers -> cables-adapters	Baseus Cafule Series Metal Data Cable Type-C to Type-C 100W 1m - Black (CATJK-C01)
5925	cables-chargers -> cables-adapters	Baseus Traction Series Retractable 3-in-1 Fast Charging Cable Desktop Organizer Type-C to M+L+C 100W 1.7m - Black (CAQY000001)
5926	cables-chargers -> cables-adapters	Baseus Superior Series 2 USB4 Full-Function Fast Charging Cable Type-C to Type-C 240W 1m - Moon White (P10365200211-02)
5927	cables-chargers -> cables-adapters	Baseus Cafule Series Metal Data Cable USB to Type-C 66W 0.25m - Black (CAKF000001)
5928	cables-chargers -> cables-adapters	Baseus cafule Cable USB For iP 2.4A 0.5m - Red Black (CALKLF-A19)
5929	cables-chargers -> cables-adapters	Baseus Superior Series Fast Charging Data Cable Type-C to iP PD 20W 0.25m - White (CATLYS-02)
5930	cables-chargers -> cables-adapters	Baseus cafule Cable USB For Micro 2A 3m - Red Black (CAMKLF-H91)
5931	cables-chargers -> cables-adapters	Baseus cafule Cable USB For Micro 1.5A 2m - Red Black (CAMKLF-C91)
5932	cables-chargers -> cables-adapters	Baseus Cafule Series Metal Data Cable Type-C to Type-C 100W 2m - White (CATJK-D02)
5933	cables-chargers -> cables-adapters	Baseus cafule Cable USB For iP 2A 3m - Gray Black (CALKLF-RG1)
5934	cables-chargers -> cables-adapters	Baseus Superior Series Fast Charging Data Cable USB to Type-C 66W 1m - Black (CATYS-01)
5935	cables-chargers -> cables-adapters	Baseus Cafule Type-C PD2.0 60W flash charging data line (20V 3A) 2m - Red Black (CATKLF-H91)
5936	cables-chargers -> cables-adapters	Baseus Rapid Series 3-in-1 Fast Charging Data Cable Type-C to M+L+C PD 20W 1.5m - Black (CAMLT-SC01)
5937	screens-lcds -> cables-adapters	Baseus Display Fast Charging Data Cable Type-C to Type-C 100W 2m - Black (CATSK-C01)
5938	cables-chargers -> cables-adapters	Baseus Superior Series Fast Charging Data Cable Type-C to iP PD 20W 1m - White (CATLYS-A02)
5939	cables-chargers -> cables-adapters	Baseus Flash Series Ⅱ One-for-three Fast Charging Cable Type-C to M+L+C 100W 1.5m - Blue (CASS030203)
5940	cables-chargers -> cables-adapters	Baseus Simple Wisdom Data Cable Kit USB to iP 2.4A (2PCS/Set）1.5m - White (TZCALZJ-02)
5941	cables-chargers -> cables-adapters	Baseus Cafule Type-C PD2.0 60W flash charging data line (20V 3A) 2m - Red (CATKLF-H09)
5942	cables-chargers -> cables-adapters	Baseus cafule Cable USB For iP 1.5A 2m - Gold Blue (CALKLF-CV3)
5943	cables-chargers -> cables-adapters	Baseus StarSpeed 1-for-3 Fast Charging Data Cable USB to M+L+C 3.5A 0.6m Cluster - Black (P10319900111-00)
5944	cables-chargers -> cables-adapters	Baseus Cafule USB-C PD 2.0 Cable 2m 100W Fast Charge - Black (CATKLF-ALG1)
5945	cables-chargers -> cables-adapters	Baseus Ingenuity Series Mini OTG Adaptor Type-C to USB-A 3.1 - Blue (ZJJQ000003)
5946	cables-chargers -> cables-adapters	Baseus Flash Series Ⅱ Two for three Charging Cable U+C to M+L+C 100W 1.2m - Blue (CASS030103)
5947	screens-lcds -> tempered-glass-protection	Dux Ducis Protective Glass For Samsung Galaxy Tab S7 / S8 - 1 Piece
5955	accessories -> cases-covers	Dux Ducis Domo For Xiaomi Redmi Pad SE - Blue
5963	other-parts -> cases-covers	Dux Ducis Mixture Pro Bracelet For Apple Watch 42mm / 44mm / 45mm / 49mm Nylon - Light Blue
5965	other-parts -> cases-covers	Dux Ducis Mixture Pro Strap For Apple Watch 38mm / 40mm / 41mm Nylon - Gray
5967	other-parts -> cases-covers	Dux Ducis Mixture Pro Bracelet For Apple Watch 38mm / 40mm / 41mm Nylon - Rainbow
5968	other-parts -> cases-covers	Dux Ducis Mixture Pro For Apple Watch 49 mm / 45 mm / 44 mm / 42 mm Nylon - Black
5975	cables-chargers -> chargers-power	UGREEN Car charger 2x USB Type C / 1x USB 69W 5A Power Delivery Quick Charge - Black
5976	cables-chargers -> chargers-power	UGREEN 10000MAH Mini Quick Charging 20W Power Bank - Black
5977	cables-chargers -> cables-adapters	UGREEN AV127 Audio TRS cable mini jack 3.5mm / jack 6.35mm 5m - Gray
5978	cables-chargers -> cables-adapters	UGREEN Flat Cable AUX audio cable 3.5 mm mini jack 1m - Silver
5979	cables-chargers -> cables-adapters	UGREEN AV127 Audio TRS cable mini jack 3.5mm / jack 6.35mm 1m - Gray
5980	cables-chargers -> cables-adapters	UGREEN AV102 Cable 3.5 mm mini jack male / 2RCA male 3m - Gray
5981	cables-chargers -> cables-adapters	UGREEN AV116 Audio mini jack cable 3.5 mm male / 2RCA male 2m - Black
5982	cables-chargers -> chargers-power	UGREEN CD244 65W USB-A / 2x USB-C GaN fast charger - White
5983	cables-chargers -> chargers-power	UGREEN Nexode mini CD318 GaN 20W USB-C PD 3.0 / QC 4.0 network charger - White
5984	cables-chargers -> cables-adapters	UGREEN Cable USB - mini USB cable 480 Mbps 2m - Black
5985	cables-chargers -> cables-adapters	UGREEN USB-C - USB-C PD QC FCP cable 100W 5A 480Mb/s 2m - Gray
5986	cables-chargers -> cables-adapters	UGREEN USB-A straight / USB-C angled cable 3A 2m - Gray
5987	cables-chargers -> cables-adapters	UGREEN Cable USB Type C - micro USB Type B SuperSpeed ​​3.0 1m - Black
5988	cables-chargers -> cables-adapters	UGREEN USB-A / USB-C 2A cable 1m - Black
5989	cables-chargers -> cables-adapters	UGREEN Cable USB Type C cable - USB Type C Power Delivery 240W 5A 2m - Gray
5990	cables-chargers -> cables-adapters	UGREEN 5 Pin gold-plated USB cable - mini USB 0.5m - Black
5991	cables-chargers -> cables-adapters	UGREEN Cable adapter USB Female - USB Nale 2m - Black
5992	cables-chargers -> cables-adapters	UGREEN Angle cable USB cable - USB Type C Quick Charge 3.0 QC3.0 3 A 0.5m - Gray
5993	cables-chargers -> cables-adapters	UGREEN Micro USB Male To USB 2.0 A Male Cable 2m - Black
5998	screens-lcds -> chargers-power	Usams Yattu Series PB6B PD3.0 + QC3.0 Fast Charging Digital Display Power Bank 30000mAh+Type-C To Type-C PD 100W Data Cable (ATXLOGTC01) - Black
5999	cables-chargers -> chargers-power	Usams SuperMac Series 65W Fast Charging Power Bank 30000mAh+ U43 100W Type-C To Type-C PD Cable (CMXLOGTC01) - Gray
6000	cables-chargers -> cables-adapters	Usams U71 Type-C To Type-C 100W PD Fast Charging & Data Cable 3m (SJ526USB01) - Black
6001	cables-chargers -> chargers-power	Nitecore Carbo 20000 mAh, 74Wh - Black
6002	cables-chargers -> chargers-power	Nitecore NB20000 mAh, 45W, 20000Wh - Black
6003	cables-chargers -> chargers-power	Nitecore NB10000 mAh 20W, 37Wh - Black
6011	batteries -> it-multimedia	Godox WB30P Lithium battery For AD300pro
6019	batteries -> it-multimedia	Godox VB-26 Li-Ion Flash battery For V1
6030	cases-covers -> audio	Ulanzi J12 Wireless Lavalier 2-in-1 Microphone Set with Charging Case
6031	tools-adhesives -> it-multimedia	Ulanzi FM01 FILMOG Ace Portable Fog Machine
6036	cables-chargers -> chargers-power	Xiaomi Mi Power Bank 20000 mAh, 50W, 74Wh - Black
6037	cables-chargers -> chargers-power	Xiaomi Redmi Power Bank 10000 mAh, 20W, 37Wh - Black
6038	cables-chargers -> chargers-power	Xiaomi Mi 3 Ultra Compact 10000 mAh, 22.50W, 37Wh - Black
6039	tempered-glass-protection -> cases-covers	PanzerGlass Full Body Case D30 For Apple Watch Series 9 41mm - Transparent
6040	screens-lcds -> tempered-glass-protection	PanzerGlass Screen Protector Classic Fit (1 Piece), iPhone 15 Pro Max
6041	screens-lcds -> tempered-glass-protection	PanzerGlass Screen Protector For Garmin Fenix 6 Pro 40.5mm - Saphire
6042	screens-lcds -> tempered-glass-protection	PanzerGlass screen protector For Apple Watch SE / Apple Watch Series 4 / Apple Watch Series 5 / Apple Watch Series 6
6043	screens-lcds -> tempered-glass-protection	PanzerGlass Garmin Forerunner 965 screen protector
6045	cameras -> tempered-glass-protection	PanzerGlass Hoops Camera Lens Protector (1 Piece), iPhone 15 Pro, iPhone 15 Pro Max
6046	screens-lcds -> tempered-glass-protection	PanzerGlass Privacy Screen Protector Ultra-Wide Fit 1( Piece), iPhone 15 Pro
6047	screens-lcds -> tempered-glass-protection	PanzerGlass Screen Protector Full Body For Apple Watch Series 9
6048	screens-lcds -> tempered-glass-protection	PanzerGlass Screen Protector Classic Fit (1 Piece), iPhone 15
6051	small-parts-flex -> it-multimedia	Ulanzi 75 mm Macro Phone Lens
6058	small-parts-flex -> it-multimedia	Ulanzi VIJIM LS08 Flexible Arm 3 Section with Desk Clamp
6059	screens-lcds -> tempered-glass-protection	Like PaperFeel Magnetic Screen Protector iPad Mini 6th Gen (2021)
6060	screens-lcds -> tempered-glass-protection	Like PaperFeel Magnetic Screen Protector iPad 11" 5th Gen (2024)
6061	screens-lcds -> tempered-glass-protection	Like PaperFeel Magnetic Screen Protector iPad Air 13" M2 (2024)
6062	screens-lcds -> tempered-glass-protection	Like PaperFeel Magnetic Screen Protector iPad Air 11" M2 (2024)
6063	screens-lcds -> tempered-glass-protection	Like PaperFeel Magnetic Screen Protector iPad Pro 13" M4 (2024)
6064	screens-lcds -> tempered-glass-protection	Like PaperFeel Magnetic Screen Protector iPad 11 / 10.9" (2022)
6065	screens-lcds -> tempered-glass-protection	Like PaperFeel Magnetic Screen Protector iPad Mini 4 / Mini 5
6066	screens-lcds -> tempered-glass-protection	Like PaperFeel Magnetic Screen Protector iPad 10.2" (2019 / 2020 / 2021)
6067	screens-lcds -> tempered-glass-protection	Like PaperFeel Magnetic Screen Protector iPad 2022 10th Gen 10.9 (2022)
6068	screens-lcds -> tempered-glass-protection	Like PaperFeel Magnetic Screen Protector iPad 12.9" (Gen 3-6) (2018-2023)
6069	screens-lcds -> tempered-glass-protection	Like PaperFeel Magnetic Screen Protector for iPad Pro 11" (Gen. 1-4)
6070	screens-lcds -> tempered-glass-protection	Like PaperFeel Screen Protector iPad Mini 6th Gen (2021) - 2 Pack
6071	screens-lcds -> tempered-glass-protection	Like PaperFeel Screen Protector iPad 11" 5th Gen (2024) - 2 Pack
6072	screens-lcds -> tempered-glass-protection	Like PaperFeel Screen Protector iPad Air 13" M2 (2024) - 2 Pack
6073	screens-lcds -> tempered-glass-protection	Like PaperFeel Screen Protector iPad Air 11" M2 (2024) - 2 Pack
6074	screens-lcds -> tempered-glass-protection	Like PaperFeel Screen Protector iPad Pro 13" M4 (2024) - 2 Pack
6075	screens-lcds -> tempered-glass-protection	Like PaperFeel Screen Protector iPad 11 / 10.9" (2022) - 2 Pack
6076	screens-lcds -> tempered-glass-protection	Like PaperFeel Screen Protector iPad Mini 4 / Mini 5 - 2 Pack
6077	screens-lcds -> tempered-glass-protection	Like PaperFeel Screen Protector iPad 10.2" (2019 / 2020 / 2021) - 2 Pack
6078	screens-lcds -> tempered-glass-protection	Like PaperFeel Screen Protector iPad 2022 10th Gen 10.9 (2022) - 2 Pack
6079	screens-lcds -> tempered-glass-protection	Like PaperFeel Screen Protector iPad 12.9" (Gen 3-6) (2018-2023) - 2 Pack
6080	screens-lcds -> tempered-glass-protection	Like PaperFeel Screen Protector for iPad Pro 11" (Gen. 1-4) - 2 Pack
6081	cables-chargers -> cables-adapters	Baseus High Density Braided Fast Charging Data Cable Type-C to iP PD 20W 1m - Black (CATLGD-01)
6085	screens-lcds -> tempered-glass-protection	PanzerGlass Screen Protector Ultra Wide Fit Privacy iPhone 15 Pro Max (1 Piece), iPhone 15 Pro Max
6086	screens-lcds -> tempered-glass-protection	Like PaperFeel Magnetic Screen Protector iPad Air 3, iPad Pro 10.5 "
6087	screens-lcds -> tempered-glass-protection	Like PaperFeel Screen Protector iPad Air 3, iPad Pro 10.5 " - 2 Pack
6088	cameras -> tempered-glass-protection	Tempered Glass Camera Protector for iPhone 16 Pro Max
6089	cameras -> tempered-glass-protection	Tempered Glass Camera Protector for iPhone 16 Pro
6090	cameras -> tempered-glass-protection	Tempered Glass Camera Protector for iPhone 16 Plus
6091	cameras -> tempered-glass-protection	Tempered Glass Camera Protector for iPhone 16
6119	cables-chargers -> chargers-power	Apple MagSafe Power Adapter 60W MC461Z/A - White
6120	cameras -> tempered-glass-protection	PanzerGlass Camera Protector (1 Piece), Samsung Galaxy S24
6122	tempered-glass-protection -> cases-covers	PanzerGlass Apple Watch Full Body Case D30 For Apple Watch Ultra 2 49mm, Transparent
6123	screens-lcds -> it-multimedia	Arenti Alnanny 2K Wi-Fi Video Baby Monitor Kit with LCD Screen - White
6124	screens-lcds -> tempered-glass-protection	OROBO INSTASHIELD Crystal Clear Glass Screen Protector For iPhone 16 Pro Max (1 Piece)
6125	screens-lcds -> tempered-glass-protection	OROBO INSTASHIELD Crystal Clear Glass Screen Protector For iPhone 16 Pro (1 Piece)
6126	screens-lcds -> tempered-glass-protection	OROBO INSTASHIELD Crystal Clear Glass Screen Protector For iPhone 16 Plus (1 Piece)
6127	screens-lcds -> tempered-glass-protection	OROBO INSTASHIELD Crystal Clear Glass Screen Protector For iPhone 16 (1 Piece)
6128	screens-lcds -> tempered-glass-protection	OROBO INSTASHIELD Crystal Clear Glass Screen Protector For iPhone 15 Pro Max (1 Piece)
6129	screens-lcds -> tempered-glass-protection	OROBO INSTASHIELD Crystal Clear Glass Screen Protector For iPhone 15 Pro (1 Piece)
6130	screens-lcds -> tempered-glass-protection	OROBO INSTASHIELD Crystal Clear Glass Screen Protector For iPhone 15 Plus (1 Piece)
6131	screens-lcds -> tempered-glass-protection	OROBO INSTASHIELD Crystal Clear Glass Screen Protector For iPhone 15 (1 Piece)
6132	screens-lcds -> tempered-glass-protection	OROBO INSTASHIELD Crystal Clear Glass Screen Protector For iPhone 14 Pro Max (1 Piece)
6133	screens-lcds -> tempered-glass-protection	OROBO INSTASHIELD Crystal Clear Glass Screen Protector For iPhone 14 Pro (1 Piece)
6134	screens-lcds -> tempered-glass-protection	OROBO INSTASHIELD Crystal Clear Glass Screen Protector For iPhone 14 Plus (1 Piece)
6135	screens-lcds -> tempered-glass-protection	OROBO INSTASHIELD Crystal Clear Glass Screen Protector For iPhone 14 (1 Piece)
6136	screens-lcds -> tempered-glass-protection	OROBO INSTASHIELD Crystal Clear Glass Screen Protector For iPhone 13 Pro Max (1 Piece)
6137	screens-lcds -> tempered-glass-protection	OROBO INSTASHIELD Crystal Clear Glass Screen Protector For iPhone 13 Pro (1 Piece)
6138	screens-lcds -> tempered-glass-protection	OROBO INSTASHIELD Crystal Clear Glass Screen Protector For iPhone 13 (1 Piece)
6223	screens-lcds -> tempered-glass-protection	Torras Install-Master Screen Protector For Samsung Galaxy S24 Ultra (2 Piece) - Transparent
6224	screens-lcds -> tempered-glass-protection	Torras GlassGo Screen Protector For iPhone 14, iPhone 13, iPhone 13 Pro (1 Piece) - Transparent
6225	screens-lcds -> tempered-glass-protection	Torras Install-Master Screen Protector For iPhone 15 Pro (1 Piece) - Black
6226	screens-lcds -> tempered-glass-protection	Torras Diamond Shield Screen Protector For iPhone 15 Pro Max (1 Piece) - Black
6227	screens-lcds -> tempered-glass-protection	Torras Install-Master Screen Protector For iPhone 15 Pro Max (1 Piece) - Black
6228	screens-lcds -> tempered-glass-protection	Torras Diamond Shield Screen Protector For iPhone 14 Pro, iPhone 15 (1 Piece) - Transparent
6229	screens-lcds -> tempered-glass-protection	Torras Diamond Shield Screen Protector For iPhone 15 Pro (1 Piece) - Transparent
6273	cables-chargers -> chargers-power	Usams T50 100W 4 Ports ACCC GaN Fast Charger (EU) (CC163TC01) - Black
6274	cables-chargers -> cables-adapters	Usams AU17 Lightning To Type-C PD 30W Aluminum Alloy Adapter (SJ677LN01) - Tarnish
6275	cables-chargers -> chargers-power	Usams C32 30W Transparent A+C Mini Car Charger (CC164CC02) - Transparent Blue
6276	screens-lcds -> tempered-glass-protection	PanzerGlass SAFE Screen Protector Ultra-Wide Fit (1 Piece), iPhone 15
6277	screens-lcds -> tempered-glass-protection	PanzerGlass Safe Screen Protector 6.1" Pro Ultra-Wide Fit (1 Piece) iPhone 15 Pro
6279	accessories -> cables-adapters	Goobay Twist-On F-Connector Plugs and Connectors - Gold
6280	cables-chargers -> accessories	Goobay Installation PIR Motion Detector 960, 6 m - White
6281	cables-chargers -> chargers-power	Goobay Dual USB Car Fast Charger USB-C PD 45 W - Black
6282	cables-chargers -> cables-adapters	Goobay SAT Window Bushing - Brown
6283	cables-chargers -> cables-adapters	Goobay USB-A — USB-C, 3.20 cm - Silver
6284	cables-chargers -> cables-adapters	Goobay T12 – C5 1.80 m - Black
6285	cables-chargers -> cables-adapters	Goobay Travel Adapter US/Japan - White
6286	screens-lcds -> cables-adapters	Goobay DisplayPort — HDMI (Type A) 0.10 m - Black
6287	cables-chargers -> cables-adapters	Goobay USB-C – USB-A Adapter USB 3.0 - Black
6288	cables-chargers -> cables-adapters	Goobay Euro Cable for Switch Assembly 1.50 m - Black
6289	cables-chargers -> cables-adapters	Goobay 3.5 mm Jack – 3.5 mm Jack 0.50 m, 3.5 mm Jack (AUX) - Black
6290	cables-chargers -> cables-adapters	Goobay Speaker Cable CCA 10 m, 0.75 mm² - Black
6291	cables-chargers -> chargers-power	Goobay Universal Power Supply 3 V - 12 V - Black
6292	accessories -> tools-adhesives	Goobay Desoldering Pump
6293	cables-chargers -> chargers-power	Goobay PD Car Fast Charger - Black
6294	cables-chargers -> cables-adapters	Goobay USB-A to USB-C Cable 0.50 m, USB 2.0 - Black
6295	cables-chargers -> chargers-power	Goobay 4-Port USB A Charger 30 W - Black
6296	cables-chargers -> cables-adapters	Goobay USB-A to USB-C Cable 1 m, USB 2.0 - Black
6297	accessories -> tools-adhesives	Goobay Professional Lead-Free Solder, ø 1.0 mm, 12.5 g
6298	batteries -> accessories	Goobay AA Battery Holder - Black
6299	accessories -> tools-adhesives	Goobay Professional Lead-Free Solder, ø 1.0 mm, 17 g
6300	cables-chargers -> accessories	Goobay Set of 2 Cable Management 4-Slots - Black
6301	cables-chargers -> cables-adapters	Goobay WLAN Antenna Extension Cable 20 dB, Antenna Cable - Black
6302	cables-chargers -> accessories	Goobay Set of 2 Cable Management 4-Slots - White
6330	screens-lcds -> small-parts-flex	LCD Adhesive Tape for iPhone 16 Pro Max
6341	cables-chargers -> small-parts-flex	Proximity Light Sensor Flex Cable For iPhone 16 Pro Max
6342	cables-chargers -> small-parts-flex	Bluetooth Flex Cable For iPhone 16 Pro Max
6343	cables-chargers -> small-parts-flex	Infrared Radar Scanner Flex Cable For iPhone 16 Pro Max
6344	cables-chargers -> small-parts-flex	Power Button Flex Cable For iPhone 16 Pro Max
6345	cables-chargers -> small-parts-flex	Volume Button Flex Cable For iPhone 16 Pro Max
6347	cables-chargers -> small-parts-flex	Earpiece Speaker with Wifi Flex Cable For iPhone 16 Pro Max
6375	cables-chargers -> small-parts-flex	Proximity Light Sensor Flex Cable For iPhone 16 Pro
6376	cables-chargers -> small-parts-flex	Bluetooth Flex Cable For iPhone 16 Pro
6378	cables-chargers -> small-parts-flex	Infrared Radar Scanner Flex Cable For iPhone 16 Pro
6383	charging-ports -> small-parts-flex	Wireless NFC Charging Flex With Flashlight Flex Cable For iPhone 16 Pro
6399	screens-lcds -> small-parts-flex	LCD Adhesive Tape for iPhone 16 Plus
6431	screens-lcds -> small-parts-flex	LCD Adhesive Tape for iPhone 16
6443	cables-chargers -> small-parts-flex	Proximity Light Sensor Flex Cable For iPhone 16
6444	cables-chargers -> small-parts-flex	Bluetooth Flex Cable For iPhone 16
6449	charging-ports -> small-parts-flex	Wireless NFC Charging Flex With Flashlight Flex Cable For iPhone 16
6463	cables-chargers -> cables-adapters	Joyroom Audio-Transfer Series AUX Audio Cable (Type-C to 3.5mm) 1.2m Black (SY-A07)
6464	cables-chargers -> chargers-power	Joyroom 150W 4-in-1 Car Charger Black (JR-CL21)
6465	screens-lcds -> tempered-glass-protection	PanzerGlass Safe (1 Piece) Screen Protector iPhone '24 6.1" Ultra-Wide Fit For iPhone 16, iPhone 15
6467	other-parts -> cases-covers	Dux Ducis Mixture Pro 41 mm, 38 mm, 40 mm, Nylon For Apple Watch Series - Black
6468	other-parts -> cases-covers	Dux Ducis Sport Buckle Strap 45 mm, 42 mm, 49 mm, 44 mm, Nylon For Apple Watch Series - Orange
6469	other-parts -> cases-covers	Dux Ducis Milanese Pro Armband 45 mm, 49 mm, 44 mm, 42 mm, Stainless steel, Apple Watch SE (2022/2023), Apple Watch SE, Apple Watch Ultra - Black
6470	other-parts -> cases-covers	Dux Ducis Pro Bracelet 42 mm, 44 mm, 45 mm, 49 mm, Stainless steel For Apple Watch Series - Silver
6505	cameras -> back-glass-housings	Back Cover Glass With Camera Lens For Samsung Galaxy A55 5G (Iceblue)
6506	cameras -> back-glass-housings	Back Cover Glass With Camera Lens For Samsung Galaxy A55 5G (Lemon)
6507	cameras -> back-glass-housings	Back Cover Glass With Camera Lens For Samsung Galaxy A55 5G (Navy)
6508	cameras -> back-glass-housings	Back Cover Glass With Camera Lens For Samsung Galaxy A55 5G (Lilac)
6519	back-glass-housings -> small-parts-flex	Back Cover Adhesive Tape For Samsung Galaxy S24 FE
6520	cameras -> back-glass-housings	Back Cover Glass With Camera Lens For Samsung Galaxy S24 FE (Yellow)
6521	cameras -> back-glass-housings	Back Cover Glass With Camera Lens For Samsung Galaxy S24 FE (Mint)
6522	cameras -> back-glass-housings	Back Cover Glass With Camera Lens For Samsung Galaxy S24 FE (Graphite)
6523	charging-ports -> small-parts-flex	Antenna Connecting Cable (Mainboard To Charging Port) For Samsung Galaxy S24 FE
6524	cables-chargers -> small-parts-flex	Power / Volume Flex Cable For Samsung Galaxy S24 FE
6533	back-glass-housings -> small-parts-flex	Back Cover Adhesive Tape For Samsung Galaxy Z Fold 6 5G
6537	cables-chargers -> small-parts-flex	Hinge Flex Cable For Samsung Galaxy Z Fold 6 5G
6552	cables-chargers -> small-parts-flex	Hinge Flex Cable For Samsung Galaxy Z Flip 6 5G
6569	cameras -> back-glass-housings	Back Cover Glass With Camera Lens For Samsung Galaxy A06 (Yellow)
6570	cameras -> back-glass-housings	Back Cover Glass With Camera Lens For Samsung Galaxy A06 (Light Green)
6571	cameras -> back-glass-housings	Back Cover Glass With Camera Lens For Samsung Galaxy A06 (Gold)
6572	cameras -> back-glass-housings	Back Cover Glass With Camera Lens For Samsung Galaxy A06 (Light Blue)
6573	cameras -> back-glass-housings	Back Cover Glass With Camera Lens For Samsung Galaxy A06 (Black)
6583	cables-chargers -> cables-adapters	Baseus L41 Type-C (input) for Type-C female connectors + 3.5 mm female connector adapters Black (CATL41-01)
6584	cables-chargers -> cables-adapters	Baseus Type-C Male to 3.5mm Female Adapter L54 Deep Gray (CATL54-0G)
6585	cables-chargers -> accessories	Baseus Colourful Circle Velcro strap 3m Black (ACMGT-F01)
6586	cameras -> accessories	Baseus Heyo Camera Detector With Simple charging cable USB to Type-C 0.3m White (FMHY000002)
6587	cameras -> accessories	Baseus Heyo Camera Detector With Simple charging cable USB to Type-C 0.3m Black (FMHY000001)
6588	cables-chargers -> accessories	Baseus Heyo Rotation countdown timer Black (ACDJS-01)
6589	cables-chargers -> cables-adapters	Baseus Wireless Adapter BA04 Black (ZJBA000001)
6590	cables-chargers -> accessories	Baseus Platinum Vehicle Eyewear Clip Paste Type Black (ACYJN-A01)
6591	it-multimedia -> accessories	Baseus Tank gravity car mount holder with suction base Tarnish Black (SUYL-TK01)
6592	cables-chargers -> accessories	Baseus Halo Series Magnetic Metal Ring (2 pcs) Silver (PCCH000012)
6593	cables-chargers -> cables-adapters	Baseus Ingenuity Series Mini OTG Adaptor Type-C to USB-A 3.1 Black (ZJJQ000001)
6594	cables-chargers -> cables-adapters	Baseus Type-C Male to 3.5mm Female Adapter L54 Black (CATL54-01)
6595	cables-chargers -> cables-adapters	Baseus High Density Braided Fast Charging Data Cable Type-C to iP PD 20W 2m White (CATLGD-A02)
6596	cables-chargers -> cables-adapters	Baseus Cafule Cable USB For Type-C 2A 3m Gray+Black (CATKLF-UG1)
6597	cables-chargers -> cables-adapters	Baseus High Density Braided Fast Charging Data Cable Type-C to iP PD 20W 1m White (CATLGD-02)
6598	cases-covers -> chargers-power	Apple MagSafe 1 Power Adapter 140W - USB-C - For MacBook MLYU3ZM/A - White
6599	cables-chargers -> chargers-power	Apple USB-C Power Adapter 61W Without Charging Cable MRW22ZM/A - White
6600	cables-chargers -> chargers-power	Joyroom 70W Dual PD Multi-Color Car Charger with Light Button Black (JR-CCN02)
6601	cables-chargers -> chargers-power	Joyroom 30W A+C mini Metal Car Charger Black (JR-CCN05)
6606	other-parts -> cases-covers	Dux Ducis Sport Buckle Strap For Apple Watch Series 44 mm, 45 mm, 42 mm, 49 mm Nylon - White
6607	other-parts -> cases-covers	Dux Ducis Mixture Pro Strap For Apple Watch Series 45 mm, 44 mm, 42 mm, 49 mm Nylon - Blue
6608	other-parts -> cases-covers	Dux Ducis Mixture Pro Bracelet For Apple Watch Series 38mm, 40mm, 41mm Nylon - Light Blue
6609	apple-watch -> cases-covers	Dux Ducis Sports Buckle Wristband For Apple Watch Series 45 mm, 44 mm, 42 mm, 49 mm Nylon - Green
6610	apple-watch -> cases-covers	Dux Ducis Mixture Pro Armband For Apple Watch Series 42 mm, 44 mm, 45 mm, 49 mm Nylon - Brown
6616	cables-chargers -> chargers-power	Apple USB C Fast Charging Cable with Wireless Charger For Apple Watch Series 9 to 4 MLWJ3KH/A - White
6618	cables-chargers -> cables-adapters	Goobay Adapter Cable, SCART to Composite Audio/Video IN/OUT, 2m - Black
6619	cables-chargers -> cables-adapters	Goobay SCART Adapter - Black
6620	screens-lcds -> tools-adhesives	Goobay Universal Battery Tester with LCD Display - Silver
6621	cables-chargers -> cables-adapters	Goobay Headphone and Audio Extension Cable AUX, 4-Pin 3.5mm Slim, CU 1m - Black
6622	cables-chargers -> cables-adapters	Goobay Audio Video Cable, 1.5m, 5-Pin DIN to 2x RCA - Black
6623	cables-chargers -> cables-adapters	Goobay CAT 6A Field-Wireable RJ45 Plug, UTP Unshielded - White
6624	cables-chargers -> chargers-power	Goobay Dual USB-A Charger, 12W - Black
6625	cables-chargers -> cables-adapters	Goobay XLR Adapter Female to Female - Silver
6626	cables-chargers -> cables-adapters	Goobay Twin-Stranded Wire, 10m, 0.50mm² - Black
6627	cables-chargers -> chargers-power	Goobay USB-A Charger, 5W - Black
6628	cables-chargers -> cables-adapters	Goobay Network Cable U/UTP CAT6, 10m - White
6629	it-multimedia -> tools-adhesives	Goobay Professional Lead-Free Solder, Ø 1.0mm, 100g - Gray
6630	cables-chargers -> cables-adapters	Goobay USB-A to USB-C Cable, 3m, USB 2.0 - Black
6631	cables-chargers -> cables-adapters	Goobay Power Cord with Switch, 1.50m - White
6632	cables-chargers -> cables-adapters	Goobay RCA Y Adapter Audio Splitter - Gold
6633	it-multimedia -> cables-adapters	Goobay DiSEqC Switch 2x1 - Silver
6634	screens-lcds -> cables-adapters	Goobay Mini DisplayPort to HDMI (Type A), 20cm - White
6635	cables-chargers -> accessories	Goobay Cable Management Set - White
6636	cables-chargers -> cables-adapters	Goobay Euro Connection Cable, 1.80m - Black
6637	cables-chargers -> cables-adapters	Goobay USB-C to USB-C Cable, 1m, USB 2.0 - Black
6638	cables-chargers -> cables-adapters	Goobay Network Cable U/UTP CAT6, 1m - White
6639	cables-chargers -> cables-adapters	Goobay CEE 7/16 to C7 Power Cable, 2m - Black
6640	cables-chargers -> cables-adapters	Goobay Protective contact socket Power Adapter - White
6641	cables-chargers -> cables-adapters	Goobay Euro Connection Cable, 1.50m - Black
6642	cables-chargers -> cables-adapters	Goobay USB-A to USB-C Cable, 2m, USB 2.0 - Black
6643	cables-chargers -> cables-adapters	Goobay CAT 6A Field-Wireable RJ45 Plug, STP Shielded - Gray
6644	it-multimedia -> cables-adapters	Goobay Car Cigarette Lighter Y-Distributor, 12V, 0.2m - Black
6645	cables-chargers -> cables-adapters	Goobay Angle Adapter for Antenna Cable - Silver
6646	it-multimedia -> tools-adhesives	Goobay Desoldering Wire
6647	it-multimedia -> cables-adapters	Goobay AVK 195 SCART to 3x RCA Video Switch - Black
6648	cables-chargers -> cables-adapters	Goobay 3.5mm AUX to 3.5mm AUX Cable, 1.50m - Black
6649	cables-chargers -> cables-adapters	Goobay Antenna Cable Double Shielded, 1m, - White
6650	cables-chargers -> cables-adapters	Goobay Network Cable U/UTP CAT6, 7m - White
6651	cables-chargers -> cables-adapters	Goobay Network Cable U/UTP CAT6, 2m - White
6652	cables-chargers -> cables-adapters	Goobay Banana Plug with Screw Connection - Gold
6653	cables-chargers -> cables-adapters	Goobay Jack Plug Connection Cable 1.50m, 3.5mm AUX - Black
6654	it-multimedia -> tools-adhesives	Goobay Spare Soldering Tip Set for AP 2 Soldering Station, 4 Types
6655	cables-chargers -> cables-adapters	Goobay CEE 7/16 to C7 Power Cable, 1.50m - White
6656	cables-chargers -> cables-adapters	Goobay Jack Plug Connection Cable 0.50m, 3.5mm AUX - Black
6657	cables-chargers -> cables-adapters	Goobay XLR Adapter, 6.35mm Mono Plug to XLR Plug - Silver
6658	cables-chargers -> cables-adapters	Goobay USB-C Cable, Textile, Metal Plug, Extra Robust, 0.50m, USB 2.0 - Black
6659	cables-chargers -> cables-adapters	Goobay Headphone and Audio Extension Cable AUX, 4-Pin 3.5mm Slim, CU 5m - Black
6660	cables-chargers -> cables-adapters	Goobay Euro Connection Cable 3m - Black
6661	cables-chargers -> cables-adapters	Goobay NK 104 W-200 TV 2m Cable - White
6662	cables-chargers -> cables-adapters	Goobay Antenna Connection Cable 7.5m - White
6663	it-multimedia -> accessories	Goobay Miniature Toggle Switch, ON-OFF-ON, 3 Pins - Blue
6664	it-multimedia -> accessories	Goobay Miniature Toggle Switch, 2x ON-OFF-ON, 6 Pins with Screw Terminals - Black
6665	cables-chargers -> cables-adapters	Goobay Euro Connection Cable 1m - Black
6666	cables-chargers -> accessories	Goobay Cable Organizer - White
6667	cables-chargers -> cables-adapters	Goobay Antenna Distributor, Manifolds, and Branchers - Silver
6668	cables-chargers -> cables-adapters	Goobay RP-SMA Antenna Cable - Gold
6669	cables-chargers -> cables-adapters	Goobay Euro Connection Cable 0.50m - Black
6670	cables-chargers -> cables-adapters	Goobay Toslink — Mini Toslink 2m, Optical Cable - Black
6671	cables-chargers -> cables-adapters	Goobay FK 1 CI (0.5M) 70 dB Antenna Cable - White
6672	cables-chargers -> cables-adapters	Goobay SAT Attenuator 6 dB Damper - Silver
6673	it-multimedia -> accessories	Goobay Subminiature Toggle Switch - Blue
6674	batteries -> accessories	Goobay 3x AAA Micro Battery Holder - Black
6675	batteries -> accessories	Goobay 1x 9V Block Battery Holder - Black
6676	batteries -> accessories	Goobay Battery Holder 4x Mignon (AA) - Black
6677	it-multimedia -> cables-adapters	Goobay RJ45 Window Lead-Through, 0.30m
6678	cables-chargers -> cables-adapters	Goobay Audio Cable AUX 3.5mm Stereo, 5m - Gray
6679	cables-chargers -> cables-adapters	Goobay XLR to Jack Adapter - Silver
6680	cables-chargers -> cables-adapters	Goobay Audio Cable AUX 3.5mm Stereo, 1m - Gray
6681	cables-chargers -> cables-adapters	Goobay Fiber Optic Cable, 3m - Black
6682	cables-chargers -> cables-adapters	Goobay High-Speed HDMI Cable with Ethernet, 5m - Black
6683	cables-chargers -> cables-adapters	Goobay Audio Adapter AUX 3.5mm to RCA, 2m - Gray
6684	cables-chargers -> cables-adapters	Goobay Copper Wire CU 10m, 0.50mm² - Copper
6685	cables-chargers -> cables-adapters	Goobay Network Cable U/UTP CAT6, 5m - White
6686	cables-chargers -> cables-adapters	Goobay Audio Adapter AUX 3.5mm to RCA, 3m - Gray
6687	cables-chargers -> accessories	Goobay Cable Organizer, 3-Slot - White
6688	cables-chargers -> cables-adapters	Goobay Euro Connection Cable, 3m - Black
6689	cables-chargers -> chargers-power	Goobay Dual USB Car Charger 3.1A - Black
6690	cables-chargers -> cables-adapters	Goobay Power Cable CEE 7/16 – C7, 3m - White
6691	cables-chargers -> cables-adapters	Goobay HDMI to VGA Audio Adapter, 15cm - Black
6692	cables-chargers -> accessories	Goobay Car Fuse Assortment Mini 30A
6694	cables-chargers -> accessories	Goobay Cable Sheath 1800mm - White
6695	cables-chargers -> chargers-power	Goobay 12V Power Supply 12W / 1A - Black
6699	it-multimedia -> accessories	Ulanzi ST-02 Tripod Smartphone Holder
6700	it-multimedia -> accessories	Ulanzi R099 Clamp with Ball Joint Spherical Head
6703	batteries -> chargers-power	Godox V1 Multi-Battery Charging Station
6711	screens-lcds -> it-multimedia	Godox Touchscreen TTL Flash Trigger for Sony
6720	cables-chargers -> cables-adapters	Godox Power Cable C7 (UK) for Flash Units
6729	cables-chargers -> it-multimedia	Godox AD400Pro Elinchrom Adapter
6730	cables-chargers -> chargers-power	Godox VC-18 Charger
6733	cables-chargers -> it-multimedia	Godox AR-R Adapter Ring Kit
6735	batteries -> chargers-power	Godox VC26 Charger for Flash Unit Batteries
6737	cables-chargers -> it-multimedia	Godox Bowens Mount Flash Adapter
6738	it-multimedia -> small-parts-flex	Godox Speedlite Flash Spare Parts Kit
6741	batteries -> chargers-power	Duracell Hi-Speed Value Charger incl. 2x AA & 2x AAA
6750	small-parts-flex -> audio	Galaxy Buds 3 Pro - Silver
6751	small-parts-flex -> audio	Galaxy Buds 3 - White
6752	small-parts-flex -> audio	Galaxy Buds 3 Pro - White
6753	small-parts-flex -> audio	Galaxy Buds 3 - Silver
6758	small-parts-flex -> audio	Puluz Dual Lavalier Microphone Lightning - Professional Lapel Mic
6759	small-parts-flex -> audio	Puluz Wireless Microphone - Crystal-Clear Audio Solution
6760	small-parts-flex -> audio	Puluz USB-C Microphone - Clear Sound for Content Creators
6761	small-parts-flex -> audio	Puluz Dual Lavalier Microphone USB-C - Clip-On Lapel Mic
6762	small-parts-flex -> audio	Puluz PU3150B Lightning Microphone - High-Quality Audio Recording
6763	screens-lcds -> it-multimedia	Puluz 360° Electric Turntable with Remote Control - Smooth Rotation Display
6764	screens-lcds -> it-multimedia	Puluz 360° Electric Turntable - Display Stand for Photography & Products
6766	tools-adhesives -> it-multimedia	Puluz Portable Photo Studio Accessories - Lighting & Background Tools
6768	screens-lcds -> it-multimedia	Puluz 360° Electric Turntable - Rotating Display Stand
6770	tools-adhesives -> accessories	Puluz GoPro Adhesive Mount - Compatible with Hero 6-11
6771	cables-chargers -> cables-adapters	Usams Type-C To Lightning PD 20W Right-angle Transparent Fast Charging & Data Cable -- Iceflake Series 1.2m (SJ583USB01) - Black
6772	cables-chargers -> cables-adapters	Usams U78 Type-C To Type-C PD 100W PD Fast Charging & Data Cable 3m (SJ559USB01) - Black
6773	cables-chargers -> cables-adapters	AV to HDMI Converter – RCA Composite Video & Audio Adapter (White)
6774	it-multimedia -> accessories	Bike Bell with Hidden Apple AirTag Holder – Anti-Theft Tracker (Black)
6775	cables-chargers -> cables-adapters	PS2 to HDMI Converter – PlayStation 2 Video Adapter (Black)
6776	cameras -> it-multimedia	Webcam Privacy Cover – Secure Camera Blocker for Laptops
6777	cables-chargers -> cables-adapters	Wii to HDMI Adapter – High-Quality Converter for Nintendo Wii (White)
6778	screens-lcds -> tempered-glass-protection	Dux Ducis Naad Paperfeel protective film iPad Mini 6 - Black 1 Piece, iPad mini 2024 (7th gen), iPad mini 2021 (6th Gen)
6779	screens-lcds -> tempered-glass-protection	Dux Ducis 2D full screen protective glass for Lenovo Tab M11 - 2 Piece
6780	cameras -> back-glass-housings	Back Cover Glass With Camera Lens For Samsung Galaxy S25 Ultra (Titanium Jetblack)
6781	cameras -> back-glass-housings	Back Cover Glass With Camera Lens For Samsung Galaxy S25 Ultra (Titanium Pinkgold)
6782	cameras -> back-glass-housings	Back Cover Glass With Camera Lens For Samsung Galaxy S25 Ultra (Titanium Jadegreen)
6783	cameras -> back-glass-housings	Back Cover Glass With Camera Lens For Samsung Galaxy S25 Ultra (Titanium Black)
6784	cameras -> back-glass-housings	Back Cover Glass With Camera Lens For Samsung Galaxy S25 Ultra (Titanium Whitesilver)
6785	cameras -> back-glass-housings	Back Cover Glass With Camera Lens For Samsung Galaxy S25 Ultra (Titanium Silverblue)
6786	cameras -> back-glass-housings	Back Cover Glass With Camera Lens For Samsung Galaxy S25 Ultra (Titanium Gray)
6792	cameras -> back-glass-housings	Back Cover Glass With Camera Lens For Samsung Galaxy S25 Plus (Pink Gold)
6793	cameras -> back-glass-housings	Back Cover Glass With Camera Lens For Samsung Galaxy S25 Plus (Blue Black)
6794	cameras -> back-glass-housings	Back Cover Glass With Camera Lens For Samsung Galaxy S25 Plus (Coral Red)
6795	cameras -> back-glass-housings	Back Cover Glass With Camera Lens For Samsung Galaxy S25 Plus (Silver Shadow)
6796	cameras -> back-glass-housings	Back Cover Glass With Camera Lens For Samsung Galaxy S25 Plus (Mint)
6797	cameras -> back-glass-housings	Back Cover Glass With Camera Lens For Samsung Galaxy S25 Plus (Icy Blue)
6798	cameras -> back-glass-housings	Back Cover Glass With Camera Lens For Samsung Galaxy S25 Plus (Navy)
6806	cameras -> back-glass-housings	Back Cover Glass With Camera Lens For Samsung Galaxy S25 (Pink Gold)
6807	cameras -> back-glass-housings	Back Cover Glass With Camera Lens For Samsung Galaxy S25 (Blue Black)
6808	cameras -> back-glass-housings	Back Cover Glass With Camera Lens For Samsung Galaxy S25 (Coral Red)
6809	cameras -> back-glass-housings	Back Cover Glass With Camera Lens For Samsung Galaxy S25 (Silver Shadow)
6810	cameras -> back-glass-housings	Back Cover Glass With Camera Lens For Samsung Galaxy S25 (Mint)
6811	cameras -> back-glass-housings	Back Cover Glass With Camera Lens For Samsung Galaxy S25 (Icy Blue)
6818	cables-chargers -> chargers-power	Baseus 10,000mAh Magnetic Mini Power Bank – 20W Fast Charge + Type-C Cable 30cm (PPCX070001) - Black
6819	cables-chargers -> cables-adapters	Baseus T-Shaped S-13 Bluetooth MP3 Car Adapter – Fast Charging Edition (CCMT000101) - Black
6820	it-multimedia -> accessories	Baseus Premium 2 Car Ashtray – Sleek & Functional (C20464700111-00) - Black
6821	cables-chargers -> chargers-power	Duzzona 3-in-1 MagSafe Qi Wireless Multi-Charging Station (15W) – Fast & Convenient Power Hub
6822	cables-chargers -> cables-adapters	Duzzona 3-in-1 USB Charging Cable (1.30m) – Universal & Reliable Charging
6823	it-multimedia -> accessories	Neck LED Lamp – Hands-Free Lighting Solution
6824	it-multimedia -> accessories	Bluetooth Remote Release for Convenient Control
6825	it-multimedia -> accessories	Universal Tight-Fitting Fanny Pack – Stylish & Functional
6826	it-multimedia -> accessories	Pencil Pushers – Ergonomic Writing Companion
6827	batteries -> chargers-power	5000mAh Battery Pack for Meta Quest 3 / 3S Series
6828	it-multimedia -> accessories	Protective Storage Bag for Meta Quest 3
6829	it-multimedia -> accessories	Gaming Finger Sleeve for Enhanced Grip & Precision
6831	cables-chargers -> accessories	Hama Reusable Velcro Cable Ties – 20x250mm, Multi-Color, 9-Pack
6832	screens-lcds -> tempered-glass-protection	Hama Hiflex Screen Protector for Samsung Galaxy Tab A9+ – Ultra-Clear Glass
6834	small-parts-flex -> cables-adapters	Hama Coaxial Antenna Splitter – 1 Coax Coupling to 2 Coax Plugs, 3.50 dB
6835	cables-chargers -> cables-adapters	Hama SAT Adapter – F Coupling for Satellite Cable Extensions
6836	cables-chargers -> cables-adapters	Hama SAT Adapter – F Plug to Coax Plug for Satellite Connection
6837	cables-chargers -> cables-adapters	Hama Coaxial Antenna Adapter – Secure Coupling Connection
6838	small-parts-flex -> cables-adapters	Hama Coaxial Connector Set – Plug & Coupling for Antenna Installation
6839	cables-chargers -> cables-adapters	Hama 3.5mm to 6.3mm Mono Audio Adapter – Universal Jack Converter
6840	it-multimedia -> cables-adapters	Hama 3.5mm Stereo Audio Splitter – Jack Plug to Dual Output
6841	cables-chargers -> cables-adapters	Hama Subwoofer Audio Adapter – RCA Plug to Dual RCA Couplings
6842	cables-chargers -> cables-adapters	Hama RCA Audio Adapter – Cinch Coupling to Cinch Coupling
6843	it-multimedia -> cables-adapters	Hama 120 dB Coax Plug to Coax Coupling – High-Quality Signal Transmission
6844	small-parts-flex -> cables-adapters	Hama 75 dB Coax Plug to Coax Coupling – Reliable Antenna Connection
6845	cables-chargers -> cables-adapters	Hama USB-C to 3.5mm Aux Adapter – Crystal Clear Sound
6846	cables-chargers -> cables-adapters	Hama USB-C to 3.5mm Jack Adapter – Seamless Audio Connection
6848	cases-covers -> it-multimedia	Hama Duocase – Secure Memory Card Storage Case
6849	small-parts-flex -> it-multimedia	Hama O-Haze UV Filter – 67mm Anti-Glare Lens Shield
6850	tempered-glass-protection -> it-multimedia	Hama O-Haze UV Filter – 58mm Lens Protection
6851	back-glass-housings -> accessories	Hama Madrid Frame – Stylish 21x29.7 cm Picture Holder
6852	back-glass-housings -> accessories	Hama Portrait Photo Frame – Classic 10x15 cm Design
6853	screens-lcds -> accessories	Hama Portrait Frame – Elegant 10x15 cm Display
6854	it-multimedia -> accessories	Hama Assorted Picture Hangers – Secure Wall Mounting
6855	cables-chargers -> it-multimedia	Hama Overthread Adapter – 1/4" to 3/8" Stand Adapter (10-Pack)
6856	cameras -> it-multimedia	Hama Star 55-63 Tripod Camera Plate – Quick-Release Mount
6858	screens-lcds -> small-parts-flex	LCD Adhesive for iPhone 14 Pro Max
6859	screens-lcds -> small-parts-flex	LCD Adhesive for iPhone 14 Pro
6860	screens-lcds -> small-parts-flex	LCD Adhesive for iPhone 14 Plus
6861	screens-lcds -> small-parts-flex	LCD Adhesive for iPhone 14
6862	screens-lcds -> small-parts-flex	LCD Adhesive for iPhone 13 Pro Max
6863	screens-lcds -> small-parts-flex	LCD Adhesive for iPhone 13 Mini
6865	cameras -> tempered-glass-protection	Tempered Glass Camera Protector for iPhone 16e
6882	screens-lcds -> tools-adhesives	Goobay LCD Battery Tester - Black
6883	batteries -> accessories	VARTA V4034 PX 4LR44 - (1 pcs)
6884	batteries -> accessories	VARTA Ultra Lithium 6106 AA - (2 pcs)
6885	batteries -> accessories	VARTA Ultra Lithium 6103 AAA - (2 pcs)
6886	batteries -> accessories	VARTA Super Heavy Duty 2022 9V - (1 pcs)
6887	batteries -> accessories	VARTA Super Heavy Duty 2012 4.5V - (1 pcs)
6888	batteries -> accessories	VARTA Super Heavy Duty 2006 AA - (4 pcs)
6889	batteries -> accessories	VARTA Super Heavy Duty 2003 AAA - (4 pcs)
6985	batteries -> accessories	OSRAM 7528 Standard Klar 12V 21/5W BAY15d Brake Light - (2 pcs)
6986	batteries -> accessories	OSRAM 7506 Standard Klar 12V 21W BA15s Blinker Lamp - (2 pcs)
6987	batteries -> accessories	OSRAM 5007 Standard Klar with Metal Socket 12V 5W BA15S Standlicht - (2 pcs)
6988	batteries -> accessories	OSRAM 2825 Klar W5W 12V 5W W2, 1x9,5d Standlicht - (2 pcs)
7093	batteries -> accessories	OSRAM 64210 H7 Standard 12V 55W PX26D - (1 pcs)
7094	batteries -> accessories	NITECORE NTL10 Lanyard
7103	tempered-glass-protection -> cases-covers	PanzerGlass CARE Tango Two-in-One Wallet Case For iPhone 16 Pro
7104	cameras -> tempered-glass-protection	PanzerGlass Hoops Camera Lens Protector (1 Piece) For iPhone 15 Pro Max
7106	screens-lcds -> tempered-glass-protection	PanzerGlass SAFE Ultra-Wide Fit Screen Protector (1 Piece) For iPhone 15 Pro Max
7107	screens-lcds -> tempered-glass-protection	PanzerGlass Privacy Screen Protector (1 Piece) For iPad Pro 12.9 (3rd to 6th Gen)
7108	screens-lcds -> tempered-glass-protection	PanzerGlass Privacy Screen Protector (1 Piece) For iPad Air, iPad 10.9"
7109	screens-lcds -> tempered-glass-protection	PanzerGlass Screen Protector (1 Piece) For Galaxy Tab S9, Galaxy Tab S9 FE
7110	screens-lcds -> tempered-glass-protection	PanzerGlass Ultra-Wide Fit Screen Protection (1 Piece) For iPhone 16 Pro
7111	screens-lcds -> tempered-glass-protection	PanzerGlass Privacy Screen Protector Ultra-Wide Fit (1 Piece), iPhone 15
7112	screens-lcds -> tempered-glass-protection	PanzerGlass Tablet Glass Screen Protector (1 Piece) For iPad 10.2
7113	screens-lcds -> tempered-glass-protection	PanzerGlass Full Body Screen Protector For Apple Watch 49mm (2023) with D3O Black
7114	screens-lcds -> tempered-glass-protection	PanzerGlass Ultra-Wide Fit Screen Protection (1 Piece) For Galaxy S24 Plus
7115	screens-lcds -> tempered-glass-protection	PanzerGlass Ultra-Wide Fit Screen Protection (1 Piece) For Galaxy Tab S10 Plus, S7 Plus, S9 Plus, S8 Plus, S9 FE Plus
7116	screens-lcds -> tempered-glass-protection	PanzerGlass Ultra-Wide Fit Screen Protection (1 Piece) For Galaxy S24 Ultra
7117	screens-lcds -> tempered-glass-protection	PanzerGlass Privacy Screen Protector (1 Piece) For iPhone 7, iPhone SE, iPhone 6s, iPhone 8, iPhone 6
7118	screens-lcds -> tempered-glass-protection	PanzerGlass Ultra-Wide Fit Screen Protection (1 Piece) For Galaxy S24
7119	screens-lcds -> tempered-glass-protection	PanzerGlass Privacy Screen Protector (1 Piece) For Galaxy S24
7120	screens-lcds -> tempered-glass-protection	PanzerGlass Screen Protector Full Body For Apple Watch 49mm (2023) with D3O Black
7121	screens-lcds -> tempered-glass-protection	PanzerGlass Privacy Screen Protector (1 Piece) For iPhone 16, iPhone 15
7122	screens-lcds -> tempered-glass-protection	PanzerGlass SAFE Screen Protector (1 Piece) For iPhone 16 Pro
7123	screens-lcds -> tempered-glass-protection	PanzerGlass Screen Protector (1 Piece) For iPhone 15 Pro
7124	screens-lcds -> tempered-glass-protection	PanzerGlass Ultra-Wide Fit Screen Protection (1 Piece) For iPhone 16 Pro Max
7125	screens-lcds -> tempered-glass-protection	PanzerGlass Classic Fit Screen Protector (1 Piece) For iPhone 16, iPhone 15
7126	screens-lcds -> tempered-glass-protection	PanzerGlass Classic Fit Screen Protector (1 Piece) For iPhone 16 Pro
7127	screens-lcds -> tempered-glass-protection	PanzerGlass Screen Protector (1 Piece) For Fitbit Versa 3/4 and Sense
7128	screens-lcds -> tempered-glass-protection	PanzerGlass Ultra-Wide Fit Screen Protection (1 Piece) For iPhone 15
7129	cameras -> tempered-glass-protection	PanzerGlass Hoops Black Camera Lens Protector (1 Piece) For iPhone 16 Pro Max & iPhone 16 Pro
7130	cameras -> tempered-glass-protection	PanzerGlass Hoops Ceramic Camera Lens Protector (1 Piece) For iPhone 16 Pro, iPhone 16 Pro Max
7132	cameras -> tempered-glass-protection	PanzerGlass PicturePerfect Camera Lens Protector (1 Piece) For iPhone 15
7133	cameras -> tempered-glass-protection	PanzerGlass PicturePerfect Camera Lens Protector (1 Piece) For iPhone 15 Pro, iPhone 15 Pro Max
7134	screens-lcds -> tempered-glass-protection	PanzerGlass SAFE by PG Cam Oro Screen Protection (1 Piece) For iPhone 16 6.1/6.7
7135	screens-lcds -> tempered-glass-protection	PanzerGlass Ultra-Wide Fit Screen Protection 7344 (1 Piece) For Galaxy Tab A9
7137	cables-chargers -> it-multimedia	Epson Wireless Adapter (ELPAP11)
7138	cables-chargers -> it-multimedia	Epson Wireless Adapter (ELPAP10)
7139	it-multimedia -> accessories	Bebird M9 S – Advanced Ear Cleaning Device with Visual Scope - Blue
7140	cameras -> accessories	Bebird Note 5 – Smart Visual Ear Cleaner with Camera - Blue
7141	it-multimedia -> accessories	Bebird Replacement Tip Set – Soft & Safe Ear Cleaning Heads
7142	tools-adhesives -> accessories	Bebird Note5 Pro – HD Visual Ear Cleaning Tool - Blue
7143	it-multimedia -> accessories	Bebird R1 – Precision Smart Ear Cleaner - Black
7166	it-multimedia -> accessories	Laneige Lip Sleeping Mask Gel, Cream 20ml (Berry)
7167	it-multimedia -> accessories	Shiseido Fino Premium Penetrating Serum Hair Mask
7169	cables-chargers -> it-multimedia	Epson Projector Lamp - Fits EB-W42, EB-U42, EB-U05, PowerLite U50 (ELPLP97)
7171	cables-chargers -> cables-adapters	Baseus USB-A to USB-C Adapter 2.2cm Black (ZJJQ000101)
7172	cables-chargers -> cables-adapters	Baseus USB-A to USB-C Adapter 1.7cm Black (CAAOTG-01)
7173	cables-chargers -> cables-adapters	Baseus USB-C to USB-C Cable 1m USB 2.0 Black (CATKLF-G91)
7174	cables-chargers -> cables-adapters	Baseus USB-C to USB-C Cable 1m USB 2.0 White (CATJK-C02)
7175	cables-chargers -> cables-adapters	Baseus Superior Series USB-C Cable 0.5m USB 3.0 White (P10320105221-01)
7176	cables-chargers -> cables-adapters	Baseus Dynamic Series Cable USB-C to USB-C 100W 1m Slate Gray (CALD000216)
7177	cables-chargers -> cables-adapters	Baseus 3-in-1 Multicharger Cable 1.1m USB 3.2 Black (CAMJ010201)
7178	cables-chargers -> cables-adapters	Baseus USB-A to USB-C Cable 2m USB 3.0 Black (CAWJ000101)
7179	cables-chargers -> cables-adapters	Baseus USB-C to Lightning Cable 2m USB 2.0 White (CATLJK-B02)
7180	cables-chargers -> cables-adapters	Baseus USB-C to USB-C Cable 2m USB 2.0 Black (CATJK-D01)
7181	cables-chargers -> cables-adapters	Baseus USB-A to USB-C Cable 3m USB 2.0 Black, Red (CATKLF-U09)
7182	cables-chargers -> cables-adapters	Baseus Catsr USB Cable 1m USB 2.0 Black (CATSR-01)
7183	cables-chargers -> cables-adapters	Baseus USB-A to USB-C Cable 3m USB 2.0 Black, Red (CATKLF-U91)
7184	cables-chargers -> cables-adapters	Baseus USB-C to USB-C Cable 3m USB 2.0 Black (CAWJ040201)
7185	cables-chargers -> cables-adapters	Baseus USB-C to USB-C Cable 1m USB 3.0 Black (P10364500111-00)
7186	cables-chargers -> cables-adapters	Baseus USB-C to USB-C Cable 1m USB 2.0 White (CALD000202)
7187	cables-chargers -> chargers-power	Baseus GaN5 Fast Charger 30W Black (CCGN070401)
7188	cables-chargers -> chargers-power	Baseus Fast Charge Power bank 10000mAh 30W White (PPCX110202)
7189	cables-chargers -> chargers-power	Baseus Magnetic Mini Power bank 10000mAh 30W Black (P1002210B113-00)
7190	cables-chargers -> chargers-power	Baseus Max Jump Starter Power bank 20000mAh 42W Black (CGNL020001)
7191	cables-chargers -> chargers-power	Baseus Blade Power bank 20000mAh 100W Black (PPDGL-01)
7192	cables-chargers -> chargers-power	Baseus Magnetic Power bank 10000mAh 20W White (PPCX070002)
7193	cables-chargers -> chargers-power	Baseus Super Energy Jump Starter Power bank 10000mAh 12W Black (CGNL020101)
7209	tools-adhesives -> accessories	Bebird Smart Visual – Real-Time Ear Cleaning Tool
7210	it-multimedia -> accessories	Bebird M9 S – Intelligent Visual Cleaning Rod
7211	it-multimedia -> accessories	Bebird T15 – Smart Visual Ear Cleaner
7212	screens-lcds -> it-multimedia	Puluz Green Screen Backdrop – Chroma Key Background Cloth 290cm, 200cm
7214	screens-lcds -> it-multimedia	Puluz Electric 360° Turntable – Rotating Display Stand for Photography
7218	it-multimedia -> accessories	Tamiya Foam Board – Lightweight Sheet
7219	back-glass-housings -> accessories	Tamiya Chassis Cover Set – TT-02
7221	it-multimedia -> tools-adhesives	Tamiya Abrasive Paper – P800 (3 Pieces)
7222	it-multimedia -> tools-adhesives	Tamiya Brush Set – HF Standard
7223	it-multimedia -> tools-adhesives	Tamiya Abrasive Sponge – 240 Grit (3 Pieces)
7224	it-multimedia -> accessories	Tamiya Plastic Sheet B4 – 0.5mm
7225	it-multimedia -> tools-adhesives	Tamiya Sanding Sponge – 600 Grit
7226	back-glass-housings -> accessories	Tamiya Ball Bearing Set – CC-02 Chassis
7229	it-multimedia -> tools-adhesives	Tamiya Abrasive Paper – P400 (3 Pieces)
7230	back-glass-housings -> accessories	Tamiya Ball Bearing Set – M-05 Chassis
7231	it-multimedia -> tools-adhesives	Tamiya Abrasive Paper – P600 (3 Pieces)
7232	it-multimedia -> accessories	Tamiya Spare Shaft Set – 54026 TT-01/02
7233	it-multimedia -> tools-adhesives	Tamiya Sandpaper – P2000 Grit
7234	it-multimedia -> tools-adhesives	Tamiya Abrasive Sponge – 1500 Grit
7235	it-multimedia -> accessories	Tamiya Body Clamp Set
7236	it-multimedia -> tools-adhesives	Tamiya Abrasive Sponge – 3000 Grit
7237	it-multimedia -> accessories	Tamiya Plastic Sheet B4 – 0.3mm
7248	cables-chargers -> cables-adapters	Carlinkit AIR X1 – Wireless Adapter for CarPlay & Android Auto
7249	cables-chargers -> cables-adapters	Carlinkit 4.0 CP2A – Wireless CarPlay & Android Auto Adapter
7250	cables-chargers -> cables-adapters	Carlinkit U2W Plus – Wireless Apple CarPlay Adapter (Black)
7251	cameras -> it-multimedia	Ulanzi Universal Handheld Camera Grip with Pistol Handle
7256	cameras -> it-multimedia	Ulanzi MT-44BK Long Selfie Stick Tripod for Phones and Cameras
7259	cameras -> it-multimedia	Ulanzi L2 Waterproof Video Light for Action Cameras and Vlogging
7262	other-parts -> cases-covers	Dux Ducis Mixture Pro Strap for Apple Watch 42–49mm – Beige
7264	screens-lcds -> tempered-glass-protection	Dux Ducis Privacy Glass for Galaxy S24 Plus
7269	cases-covers -> it-multimedia	Godox Silicone Cover for AD200PRO – Protective Case for Flash Unit
7272	cameras -> it-multimedia	Godox X1R-N – Wireless Flash Receiver for Nikon Cameras
7273	cameras -> it-multimedia	Godox X-PROII Canon – Wireless Flash Trigger for Canon Cameras
7274	cables-chargers -> it-multimedia	Godox S2 Flash Adapter – Bowens Mount for Speedlite Flashes
7276	cameras -> it-multimedia	Godox iM22 – Compact Plug-on Flash for All Camera Types
7277	cameras -> it-multimedia	Godox V100 Canon – Speedlite Plug-on Flash for Canon Cameras
7278	cables-chargers -> it-multimedia	Godox V100 Nikon – Powerful Speedlite Flash for Nikon
7279	cameras -> it-multimedia	Godox V1PRO Sony – Round Head Flash for Sony Cameras
7280	cameras -> it-multimedia	Godox iM30 iFlash – Compact Plug-on Flash for Cameras
7284	cameras -> it-multimedia	SmallRig Leather Neck Strap for Cameras 3485
7289	cameras -> it-multimedia	SmallRig Quick Release Fixing Screw for Cameras
7300	cables-chargers -> it-multimedia	SmallRig Cold Shoe Adapter Pack (Set of 2)
7301	cameras -> it-multimedia	SmallRig Leather Camera Shoulder Strap Black 5208
7307	cameras -> it-multimedia	SmallRig Thumb Grip for DSLR & Mirrorless Cameras
7313	cables-chargers -> cables-adapters	SmallRig Ultra Slim HDMI Adapter Cable (D to A) 4K
7314	cameras -> it-multimedia	SmallRig Thumb Grip for Cameras
7317	cameras -> tools-adhesives	SmallRig Hex Screw Pack for Camera Rigs
7320	cameras -> it-multimedia	SmallRig Camera Hot Shoe Mount Adapter
7325	cables-chargers -> it-multimedia	SmallRig Universal Thread Stand Adapter
7328	screens-lcds -> tempered-glass-protection	SmallRig Screen Protector for Sony Alpha 7 IV
7329	cables-chargers -> it-multimedia	SmallRig Power Bank Clamp with Cold Shoe 4600
7340	cables-chargers -> chargers-power	Joyroom 20W Mini Magnetic Wireless Powerbank 10000mAh White (JR-W020)
7343	cables-chargers -> cables-adapters	Joyroom USB-C to USB-C + 3.5mm Audio Adapter (SY-C02)
7344	cables-chargers -> chargers-power	Joyroom 30W Dual USB-C Mini Metal Car Charger (JR-CCN06)
7345	cables-chargers -> cables-adapters	Joyroom 2-in-1 USB-C Audio Adapter – Dual USB-C Ports (SY-C03)
7346	cables-chargers -> cables-adapters	Joyroom Lightning to 3.5mm Audio & Charging Adapter – Dual Port (S-Y104)
7347	cables-chargers -> cables-adapters	Joyroom 3.5mm to Lightning Audio Cable 1.2m – AUX for iPhone (SY-A06)
7354	cables-chargers -> cables-adapters	UGREEN Mini HDMI to HDMI Cable 2m (Type C to A) - Silver
7355	cables-chargers -> cables-adapters	UGREEN Mini HDMI to HDMI Adapter 0.24m (Type C to A) - Black
7356	screens-lcds -> cables-adapters	UGREEN DisplayPort to HDMI Cable 4K 2m - Silver
7357	cables-chargers -> cables-adapters	UGREEN Micro HDMI to HDMI Adapter 10cm (Type D to A) - Black
7358	screens-lcds -> cables-adapters	UGREEN DisplayPort to HDMI Cable 4K 1m - Silver
7359	cables-chargers -> cables-adapters	UGREEN HDMI to Micro HDMI Cable 2m (Type A to D) - Black
7360	cables-chargers -> cables-adapters	UGREEN Micro HDMI to HDMI Cable 1m (Type D to A) - Black
7361	screens-lcds -> cables-adapters	UGREEN USB-C to DisplayPort Cable 4K 1m - Silver
7362	cables-chargers -> cables-adapters	UGREEN USB-C 7-in-1 Hub CD239 with HDMI & SD - Black
7363	cables-chargers -> cables-adapters	UGREEN USB-C to HDMI Adapter 4K 10cm - Black
7364	cables-chargers -> cables-adapters	UGREEN 3.5mm to 6.3mm Audio Jack Adapter - Black
7365	cables-chargers -> cables-adapters	UGREEN 3.5mm Male to 2.5mm Female Audio Adapter - Black
7366	cables-chargers -> cables-adapters	UGREEN 3.5mm Headset Splitter Cable Mic & Audio - Black
7367	cables-chargers -> cables-adapters	UGREEN USB-C to USB-C Cable 100W Fast Charging 1m - Black
7368	cables-chargers -> cables-adapters	UGREEN USB-C to USB-C Cable US316 100W PD 3m - Black
7369	cables-chargers -> cables-adapters	UGREEN USB-C Hub Adapter 5 Ports with PD & HDMI - Silver
7370	accessories -> cables-adapters	UGREEN USB-C 5-in-1 Hub CM478 Aluminum Alloy - Silver
7371	cables-chargers -> cables-adapters	UGREEN XLR Male to XLR Male Audio Cable 1m - Black
7372	cables-chargers -> cables-adapters	UGREEN 3.5mm to 2x RCA Audio Cable AV116 3m - Black
7373	cables-chargers -> cables-adapters	UGREEN 3.5mm Male to Male AUX Audio Cable 2m - Black
7374	cables-chargers -> cables-adapters	UGREEN Toslink Optical Digital SPDIF Audio Cable 1m - Black
7375	cables-chargers -> cables-adapters	UGREEN Bluetooth 5.3 USB Adapter Transmitter & Receiver - Black
7376	cables-chargers -> cables-adapters	UGREEN Car Bluetooth 5.0 Audio Receiver 3.5mm AUX - Black
7377	cables-chargers -> cables-adapters	UGREEN External USB Sound Adapter USB-A Plug & Play - Black
7378	it-multimedia -> cables-adapters	UGREEN USB 3.0 Sharing Switch Box 30768B - Black
7379	cables-chargers -> cables-adapters	UGREEN USB 3.0 to SATA 3.0 Adapter for 2.5" SSD/HDD - Black
7381	cables-chargers -> it-multimedia	SmallRig Magnetic Filter Adapter – 52mm
7384	small-parts-flex -> it-multimedia	SmallRig Magic Arm 2066 – Flexible Tripod Mount
7386	cameras -> it-multimedia	SmallRig Black Mamba Camera Wrist Strap
7394	cases-covers -> it-multimedia	SmallRig Memory Card Case – Compact & Durable
7397	cables-chargers -> it-multimedia	SmallRig Bowens Mount Adapter for Lighting Accessories
7401	cameras -> it-multimedia	SmallRig Eyecup for Sony A7C II / A7CR Cameras
7402	screens-lcds -> tempered-glass-protection	PanzerGlass Ultra-Wide Fit Screen Protection (1 Piece) for Samsung Galaxy S24 & S25
7403	screens-lcds -> tempered-glass-protection	PanzerGlass Ultra-Wide Fit Screen Protection w. EasyAligner (1 Piece) for iPhone 15 Pro
7404	screens-lcds -> tempered-glass-protection	PanzerGlass Privacy Screen Protector Ultra-Wide Fit (1 Piece), iPhone 15, iPhone16
7408	screens-lcds -> tempered-glass-protection	PanzerGlass Screen Protector Ultra-Wide Fit w. Aligner (1 Piece), Apple iPhone 16e, Apple iPhone 14, Apple iPhone 13, Apple iPhone 13 Pro
7409	cameras -> tempered-glass-protection	Tempered Glass Camera Protector for iPhone 17 Pro Max
7410	cameras -> tempered-glass-protection	Tempered Glass Camera Protector for iPhone 17 Pro
7411	cameras -> tempered-glass-protection	Tempered Glass Camera Protector for iPhone Air
7412	cameras -> tempered-glass-protection	Tempered Glass Camera Protector for iPhone 17
7425	cameras -> tempered-glass-protection	Tempered Glass Camera Protector for iPhone 17 Pro (2-Pack)
7426	cameras -> tempered-glass-protection	Tempered Glass Camera Protector for iPhone Air (2-Pack)
7427	cameras -> tempered-glass-protection	Tempered Glass Camera Protector for iPhone 17 (2-Pack)
7444	screens-lcds -> tempered-glass-protection	OROBO INSTASHIELD Crystal Clear Glass Screen Protector For iPhone 17 Pro Max (1 Piece)
7445	screens-lcds -> tempered-glass-protection	OROBO INSTASHIELD Crystal Clear Glass Screen Protector For iPhone 17 Pro (1 Piece)
7446	screens-lcds -> tempered-glass-protection	OROBO INSTASHIELD Crystal Clear Glass Screen Protector For iPhone 17 Air (1 Piece)
7447	screens-lcds -> tempered-glass-protection	OROBO INSTASHIELD Crystal Clear Glass Screen Protector For iPhone 17 (1 Piece)
7472	it-multimedia -> accessories	Tamiya RC Car Parts TT-02 High-Speed Metal Main Gear Set (68T)
7473	it-multimedia -> accessories	Tamiya RC Car Parts 370 Brushed Motor Torque-Tuned Motor T301/SW01
7474	it-multimedia -> accessories	Tamiya RC Car Parts 1150 Bearing Set (16 pieces)
7475	it-multimedia -> accessories	Tamiya RC Car Parts 6029 Off-Road Tires, Square Pin Style, 2 pcs set 2
7476	it-multimedia -> accessories	Tamiya RC Car Parts 1/10 Slick Tires, 26mm 2 pcs
7477	screens-lcds -> tempered-glass-protection	Like PaperFeel Magnetic Screen Protector iPad 11 (2025)
7478	screens-lcds -> tempered-glass-protection	Like PaperFeel Magnetic Screen Protector iPad Mini 7th Gen (2024)
7479	screens-lcds -> tempered-glass-protection	Like PaperFeel Screen Protector iPad 11 (2025) - 2 Pack
7480	screens-lcds -> tempered-glass-protection	Like PaperFeel Screen Protector iPad Mini 7th Gen (2024) - 2 Pack
7481	cables-chargers -> cables-adapters	Baseus 3 in1 USB Cable StarSpeed Series 1.2m USB 3.0 Purple (CAXS000005)
7482	cables-chargers -> cables-adapters	Baseus 3 in1 USB Cable 1.2m USB 3.2 Gen 1 White (CAXS000002)
7512	it-multimedia -> accessories	Joyroom Passive Stylus Stylus for Tablet Smartphone (JR-DR01)
7513	cables-chargers -> chargers-power	Joyroom Watch Magnetic Charger 30 W (S-IW012)
7514	cables-chargers -> chargers-power	Joyroom Ben Series of Apple Watch Magnetic Charging Cable 1.2M White 2.50 W (S-IW001S)
7515	screens-lcds -> chargers-power	Joyroom Apple Watch Magnetic Wireless Charger 2000mAh with Digital Display - Black (JR-WQW01)
7516	cables-chargers -> accessories	Joyroom Cable organiser 3 pcs. - White (JR-ZS368)
7517	cables-chargers -> accessories	Joyroom Cable organiser 6 pcs. - White (JR-ZS368)
7518	cables-chargers -> chargers-power	Joyroom 6 in 1 Multi USB charger 65 W (JR-TCM02)
7519	cables-chargers -> cables-adapters	Joyroom USB A – Lightning 1 m, USB 2.0 - Black (SA32-AL3)
7520	cables-chargers -> cables-adapters	Joyroom USB A — USB C 1 m, USB 2.0 - White (S-UC027A9)
7521	cables-chargers -> cables-adapters	Joyroom USB C — USB C 1 m, USB 2.0, 60 W - White (S-CC060A9)
7522	cables-chargers -> chargers-power	Joyroom Ultra-Slim 5000 mAh, 20 W, 19.25 Wh (JR-PBM08)
7523	cables-chargers -> cables-adapters	Joyroom Stereo audio cable AUX 3.5 mm mini jack 1.2m Black (SY-A08)
7524	cables-chargers -> chargers-power	Joyroom Charger for Apple Watch - Black (JR-W09)
7525	cables-chargers -> cables-adapters	Joyroom SH-C1 USB Type C, 3.5mm socket - Black (SH-C1)
7526	cables-chargers -> cables-adapters	Joyroom Headphone adapter 3.5mm jack, 3.5mm jack - White (SH-C1)
7527	cables-chargers -> cables-adapters	Joyroom Headphone Adapter Lightning, Lightning - White (S-Y104)
7534	cameras -> accessories	Bebird HD Otoscope Camera - White
7535	it-multimedia -> accessories	Bebird T15 Ear Cleaning Rod - White
7536	it-multimedia -> accessories	Bebird X1 Visual Ear Stick - Black
7537	it-multimedia -> accessories	Bebird R1 Smart Ear Cleaner - White
7538	it-multimedia -> accessories	Bebird EarSight Plus Ear Cleaner - Blue
7540	cables-chargers -> cables-adapters	UGREEN Bluetooth Audio Receiver – Wireless Audio Adapter - Black
7541	cables-chargers -> chargers-power	UGREEN Mini Power Bank Wireless with MagSafe – 10000mAh, 20W, 37Wh - Beige
7542	cables-chargers -> cables-adapters	UGREEN CM648 USB-C to RJ45 Adapter – Gray
7543	cables-chargers -> chargers-power	UGREEN CD204 Car Charger – 12V Cigarette Lighter Socket - Silver
7544	cables-chargers -> cables-adapters	UGREEN Bluetooth 5.4 USB Adapter CM748 – Black
7545	cables-chargers -> it-multimedia	UGREEN USB-C & USB-A to SD/TF Card Reader – Silver
7546	cables-chargers -> cables-adapters	UGREEN USB 2.0 to Audio Adapter – Gray
7547	cables-chargers -> it-multimedia	UGREEN External USB Sound Card – White
7548	cables-chargers -> cables-adapters	UGREEN RJ45 Network Cable Plug – Transparent
7549	cables-chargers -> accessories	UGREEN Cable Duct 300cm – Black
7550	back-glass-housings -> it-multimedia	UGREEN 2.5" External HDD Enclosure – Aluminum Housing - Silver
7551	cables-chargers -> it-multimedia	UGREEN M.2 SSD Enclosure 2230/2242/2260/2280 – USB-C - Gray
7553	cables-chargers -> cables-adapters	UGREEN CM662 USB-C Audio Adapter
7554	cables-chargers -> cables-adapters	UGREEN USB-C to 3.5mm Audio Cable 1m – Black
7555	cables-chargers -> cables-adapters	UGREEN CM664 USB-C Hub – Multiport Adapter - Black
7556	cables-chargers -> cables-adapters	UGREEN Network Cable F/FTP CAT7 3m – Black
7559	cables-chargers -> cables-adapters	UGREEN USB-C to USB-C Cable 0.5m – 100W, USB 2.0 – Black
7560	screens-lcds -> cables-adapters	UGREEN USB-C to DisplayPort Cable 2m – Gray
7561	cables-chargers -> cables-adapters	UGREEN XLR Male to XLR Male Cable 2m – Black
7562	screens-lcds -> tempered-glass-protection	PanzerGlass Privacy Screen Protector (1 Piece), iPhone 14, iPhone 13, iPhone 13 Pro
7563	screens-lcds -> tempered-glass-protection	PanzerGlass Screen Protector (1 Piece), Microsoft Surface Laptop 3 (15", 3:2)
7564	screens-lcds -> tempered-glass-protection	PanzerGlass Ultra-Wide Fit Screen Protector (1 Piece), Samsung Galaxy A55
7565	screens-lcds -> tempered-glass-protection	PanzerGlass Ultra-Wide Fit Screen Protector (1 Piece), Samsung Galaxy A15 5G, Samsung Galaxy A15
7566	screens-lcds -> tempered-glass-protection	PanzerGlass Ultra-Wide Fit Screen Protector (1 Piece), Samsung Galaxy S23+
7567	screens-lcds -> tempered-glass-protection	PanzerGlass Ultra-Wide Fit w. EasyAligner Screen Protector (1 Piece), iPhone 15 Plus
7568	screens-lcds -> tempered-glass-protection	PanzerGlass Classic Fit Screen Protector (1 Piece), iPhone 14 Pro Max
7569	screens-lcds -> tempered-glass-protection	PanzerGlass Privacy Screen Protector (50 Pieces), iPhone SE (3rd Gen), iPhone SE (2nd Gen), iPhone 6
7570	screens-lcds -> tempered-glass-protection	PanzerGlass Ultra-Wide Fit Screen Protector (1 Piece), Samsung Galaxy A34 5G
7571	cameras -> tempered-glass-protection	PanzerGlass SAFE. Camera Lens Protector Glitter Silver (1 Piece), iPhone 16 Plus, iPhone 16
7573	screens-lcds -> tempered-glass-protection	PanzerGlass Matrix Screen Protector (1 Piece), iPhone 16 Pro Max
7574	screens-lcds -> tempered-glass-protection	PanzerGlass SAFE. Privacy Ultra-Wide Fit Screen Protector (1 Piece), iPhone 16 Plus
7576	screens-lcds -> tempered-glass-protection	PanzerGlass Privacy Screen Protector (1 Piece), iPhone 13 mini
7577	cameras -> tempered-glass-protection	PanzerGlass Camera Protector (1 Piece), Samsung Galaxy S25+
7578	screens-lcds -> tempered-glass-protection	PanzerGlass Classic Fit Privacy Screen Protector (1 Piece), iPhone 14 Pro Max
7579	screens-lcds -> tempered-glass-protection	PanzerGlass Privacy CF Screen Protector (1 Piece), iPhone 12 mini
7580	screens-lcds -> tempered-glass-protection	PanzerGlass Privacy Screen Protector (1 Piece), iPhone 12 mini
7581	screens-lcds -> tempered-glass-protection	PanzerGlass 2-in-1 Set Screen Protector (1 Piece), iPhone 16
7582	screens-lcds -> tempered-glass-protection	PanzerGlass Privacy Screen Protector (1 Piece), iPhone 16 Pro Max
7585	screens-lcds -> tempered-glass-protection	PanzerGlass Edge-to-Edge Screen Protector (1 Piece), Samsung Galaxy A41
7586	screens-lcds -> tempered-glass-protection	PanzerGlass EyeCare Screen Protection (1 Piece), iPhone 16 Pro Max
7587	screens-lcds -> tempered-glass-protection	PanzerGlass EyeCare Screen Protection (1 Piece), iPhone 15, iPhone 16
7588	screens-lcds -> tempered-glass-protection	PanzerGlass Ultra-Wide Fit Anti-Reflective Screen Protector (1 Piece), iPhone 14 Pro Max
7589	screens-lcds -> tempered-glass-protection	PanzerGlass Ultra-Wide Fit Screen Protector( 1 Piece), iPhone 13 Pro Max, iPhone 14 Plus
7592	cameras -> tempered-glass-protection	PanzerGlass Hoops Camera Lens Protector (1 Piece), iPhone 15 Plus, iPhone 15
7593	screens-lcds -> tempered-glass-protection	PanzerGlass Ultra-Wide Fit Screen Protector (1 Piece), Galaxy Tab S10 Ultra, Galaxy Tab S9 Ultra, Galaxy Tab S8 Ultra
7594	screens-lcds -> tempered-glass-protection	PanzerGlass Ultra-Wide Fit Screen Protector (1 Piece), Samsung Galaxy A14, Samsung Galaxy A14 5G
7595	screens-lcds -> tempered-glass-protection	PanzerGlass SAFE. Privacy Screen Protector Ultra-Wide Fit (1 Piece), iPhone 16 Pro Max
7596	screens-lcds -> tempered-glass-protection	PanzerGlass SAFE. Screen Protector (1 Piece), Galaxy S24 FE, Galaxy A56, Galaxy A36
7597	screens-lcds -> tempered-glass-protection	PanzerGlass SAFE. Screen Protector (1 Piece), iPhone 16 Pro Max
7598	screens-lcds -> tempered-glass-protection	PanzerGlass PicturePerfect Screen Protector (1 Piece), Samsung Galaxy S25
7599	screens-lcds -> tempered-glass-protection	PanzerGlass Privacy Screen Protector (1 Piece), Samsung Galaxy A35
7600	screens-lcds -> tempered-glass-protection	PanzerGlass Ultra-Wide Fit Privacy Screen Protector (1 Piece), Microsoft Surface Laptop 7th Edition 15" (3:2)
7601	screens-lcds -> tempered-glass-protection	PanzerGlass Privacy Ultra-Wide Fit Screen Protector (1 Piece), iPhone 15 Plus
7602	screens-lcds -> tempered-glass-protection	PanzerGlass Ultra-Wide Fit Privacy Screen Protector (1 Piece), iPhone 13 Pro Max, iPhone 14 Plus
7603	screens-lcds -> tempered-glass-protection	PanzerGlass Case Friendly Privacy Screen Protector (1 Piece), iPhone 6s, iPhone SE (3rd Gen), iPhone SE (2nd Gen), iPhone 6, iPhone 8, iPhone 7
7606	screens-lcds -> tempered-glass-protection	PanzerGlass Ultra-Wide Fit Screen Protector (1 Piece), Samsung Galaxy S24 FE
7607	screens-lcds -> tempered-glass-protection	PanzerGlass Ultra-Wide Fit Screen Protector (1 Piece), Samsung Galaxy A35
7608	screens-lcds -> tempered-glass-protection	PanzerGlass SAFE. Ultra-Wide Fit Screen Protector (1 Piece), Galaxy A14, Galaxy A14 5G
7609	screens-lcds -> tempered-glass-protection	PanzerGlass Ultra-Wide Fit Screen Protector (1 Piece), Galaxy Z Fold4, Galaxy Z Fold5
7610	screens-lcds -> tempered-glass-protection	PanzerGlass Case Friendly Screen Protector (1 Piece), Samsung Galaxy A12
7613	screens-lcds -> tempered-glass-protection	PanzerGlass Full Body Watch Screen Protector w. D3O Black (1 Piece), Apple Watch Series 9 (41mm)
7614	screens-lcds -> tempered-glass-protection	PanzerGlass Anti-Glare Screen Protector (1 Piece), Garmin Edge 1030
7615	screens-lcds -> tempered-glass-protection	PanzerGlass Classic Fit Screen Protector (1 Piece), iPhone 16 Pro Max
7616	screens-lcds -> tempered-glass-protection	PanzerGlass EyeCare Screen Protection (1 Piece), iPhone 16 Pro
7617	screens-lcds -> tempered-glass-protection	PanzerGlass Ultra-Wide Fit Screen Protector (1 Piece), iPhone 16 Plus
7618	screens-lcds -> tempered-glass-protection	PanzerGlass Gaming Ultra-Wide Fit Screen Protector (1 Piece), iPhone 16 Pro Max
7619	screens-lcds -> tempered-glass-protection	PanzerGlass Gaming Ultra-Wide Fit Screen Protector (1 Piece), iPhone 16 Pro
7620	screens-lcds -> tempered-glass-protection	PanzerGlass Ultra-Wide Fit Screen Protector (1 Piece), iPhone 13 Pro Max, iPhone 14 Plus
7621	screens-lcds -> tempered-glass-protection	PanzerGlass Classic Fit Screen Protector (1 Piece), iPhone 13 Pro Max, iPhone 14 Plus
7622	screens-lcds -> tempered-glass-protection	PanzerGlass Edge-to-Edge Screen Protector (1 Piece), iPhone 12 mini
7631	screens-lcds -> tempered-glass-protection	PanzerGlass SAFE Screen Protector (1 Piece), Huawei GT5 Pro 42mm
7632	screens-lcds -> tempered-glass-protection	PanzerGlass SAFE. Ultra-Wide Fit Screen Protector (1 Piece), Samsung Galaxy A55
7634	screens-lcds -> tempered-glass-protection	PanzerGlass EyeCare Screen Protection Ultra-Wide Fit (1 Piece), iPhone 15 Pro
7635	screens-lcds -> tempered-glass-protection	PanzerGlass EyeCare Screen Protection Ultra-Wide Fit (1 Piece), iPhone 15
7636	screens-lcds -> tempered-glass-protection	PanzerGlass Ultra-Wide Fit Anti-Reflective Screen Protector (1 Piece), iPhone 14 Pro
7640	tempered-glass-protection -> cameras	PanzerGlass Hoops Lens (1 Piece), Samsung Galaxy Z Flip6
7641	screens-lcds -> tempered-glass-protection	PanzerGlass SAFE. Screen Protector (1 Piece), iPhone 16 Pro Max, iPhone 16 Pro
7642	screens-lcds -> tempered-glass-protection	PanzerGlass SAFE. Ultra-Wide Fit Screen Protector (1 Piece), iPhone 15 Plus, iPhone 16 Plus
7643	screens-lcds -> tempered-glass-protection	PanzerGlass SAFE. Case-Friendly Screen Protector (1 Piece), iPhone XR, iPhone 11
7644	screens-lcds -> tempered-glass-protection	PanzerGlass SAFE. Ultra-Wide Fit Screen Protector (1 Piece), Samsung Galaxy A16, Samsung Galaxy A16 5G
7645	screens-lcds -> tempered-glass-protection	PanzerGlass Privacy Screen Protector (1 Piece), Samsung Galaxy S24 Ultra
7646	screens-lcds -> tempered-glass-protection	PanzerGlass Privacy Screen Protector (1 Piece), Samsung Galaxy S24+
7647	screens-lcds -> tempered-glass-protection	PanzerGlass Ultra-Wide Fit Screen Protector (1 Piece), iPhone 15 Pro
7650	screens-lcds -> tempered-glass-protection	PanzerGlass Privacy Screen Protector (1 Piece), iPhone 16 Pro
7652	screens-lcds -> tempered-glass-protection	PanzerGlass Screen Protector (1 Piece), Samsung Galaxy Z Flip5
7653	screens-lcds -> tempered-glass-protection	PanzerGlass Ultra-Wide Fit Screen Protector (1 Piece), Samsung Galaxy S23
7654	screens-lcds -> tempered-glass-protection	PanzerGlass Ultra-Wide Fit Screen Protector (1 Piece), OnePlus 12
7655	screens-lcds -> tempered-glass-protection	PanzerGlass Ultra-Wide Fit Screen Protector (1 Piece), Google Pixel 8a
7656	screens-lcds -> tempered-glass-protection	PanzerGlass Ultra-Wide Fit Screen Protector (1 Piece), Google Pixel 8 Pro
7657	screens-lcds -> tempered-glass-protection	PanzerGlass Ultra-Wide Fit Screen Protector (1 Piece), Google Pixel 8
7658	screens-lcds -> tempered-glass-protection	PanzerGlass Full Body Protection Screen Protector (1 Piece), Universal Fit
7660	screens-lcds -> tempered-glass-protection	PanzerGlass Watch Screen Protector Glass (1 Piece), Universal Fit
7661	screens-lcds -> tempered-glass-protection	PanzerGlass Screen Protector (1 Piece), Garmin Forerunner 265
7662	screens-lcds -> tempered-glass-protection	PanzerGlass Tablet Screen Protector (1 Piece), iPad Pro 12.9
7663	screens-lcds -> tempered-glass-protection	PanzerGlass Ceramic Screen Protector (1 Piece), iPhone 15
7664	screens-lcds -> tempered-glass-protection	PanzerGlass EyeCare Screen Protector Ultra-Wide Fit (1 Piece), iPhone 15 Pro Max
7666	tempered-glass-protection -> cases-covers	PanzerGlass HardCase For iPhone 14 Pro
7667	tempered-glass-protection -> cases-covers	PanzerGlass HardCase For iPhone 13, iPhone 14
7670	screens-lcds -> tempered-glass-protection	PanzerGlass Ultra-Weit Fit Screen Protector (1 Stück), OnePlus Nord 4, OnePlus Nord 3
7671	cables-chargers -> chargers-power	Nitecore NB20000 Gen3 Power Bank 20000 mAh, 72 Wh, 22.5 W Fast Charge - Black
7672	cables-chargers -> cables-adapters	Hama USB-A Male to USB-C Female Adapter Set (3 Pieces) - Black
7673	cables-chargers -> cables-adapters	Vention 9-in-1 Multifunction USB-C Adapter with HDMI, USB, TF, SD, and RJ45 - Gray
7674	cables-chargers -> cables-adapters	Vention 3.28cm DVI (24+1) Male to HDMI Female Adapter - Black
7675	screens-lcds -> cables-adapters	Vention 58cm DisplayPort to HDMI Adapter - Black
7676	cables-chargers -> it-multimedia	Vention 1m Cat8.1 U/FTP Network Cable - Black
7677	cables-chargers -> it-multimedia	Vention 5m Cat6 UTP Patch Cable - Black
7678	cables-chargers -> it-multimedia	Vention 10m RJ45 Cat6 Ethernet Cable
7679	cables-chargers -> cables-adapters	Vention 1m USB to DC 5.5mm Power Cable - Black
7680	cables-chargers -> cables-adapters	Vention 1.5m USB A to DC 5.5mm Cable - White
7681	cables-chargers -> cables-adapters	Vention HDMI to RCA Converter Adapter - Black
7682	cables-chargers -> cables-adapters	Vention VGA to HDMI Converter Cable - Black
7683	cables-chargers -> it-multimedia	Vention RJ45 Splitter (2x RJ45) - Black
7684	cables-chargers -> it-multimedia	Vention 50m Wireless HDMI Transmitter and Receiver - Blue
7685	cables-chargers -> it-multimedia	Vention 40m Wireless HDMI Transmitter and Receiver - Black
7686	cables-chargers -> cables-adapters	Vention 3m BAVHI Optical Audio Cable - Gray
7687	cables-chargers -> cables-adapters	Vention 1.5m Toslink to Toslink Optical Cable - Black
7688	cables-chargers -> cables-adapters	Vention 5m Toslink Optical Audio Cable - Black
7689	cables-chargers -> cables-adapters	Vention 1m Toslink to Toslink Optical Cable - Black
7690	cables-chargers -> cables-adapters	Vention 0.5m 3.5mm to 2.5mm Audio Cable - Black
7691	cables-chargers -> cables-adapters	Vention 3m Optical Fiber Audio Cable - Black
7692	screens-lcds -> cables-adapters	Vention 2m DisplayPort to DVI 1.2 Cable - Black
7693	cables-chargers -> cables-adapters	Vention 3m HDMI 2.1 Cable - Black
7694	cables-chargers -> cables-adapters	Vention 2m HDMI 2.0 Right Angle Cable - Black
7695	cables-chargers -> cables-adapters	Vention 1.5m HDMI 2.1 Cable - Black
7696	cables-chargers -> cables-adapters	Vention 1m USB Type C to HDMI 2.0 Cable - Black
7697	cables-chargers -> cables-adapters	Vention 2m HDMI to DVI 2.0 Cable - Black
7698	cables-chargers -> cables-adapters	Goobay HDMI 90° Angle Adapter Vertical, 8K 60 Hz, Gold-Plated
7699	cables-chargers -> cables-adapters	Goobay USB-C to USB-A Adapter Cable, 20 cm
7700	cables-chargers -> cables-adapters	Goobay USB Hub 4-Port USB-A (74458)
7701	cables-chargers -> cables-adapters	Goobay Slim USB 3.2 Hub 4-Port, USB-A Input
7702	cables-chargers -> cables-adapters	Goobay PCIe Power Cable 8-Pin Male to Dual 6+2-Pin
7703	cables-chargers -> cables-adapters	Goobay HDMI 2.1 High-Speed Cable, 1 m
7704	cables-chargers -> cables-adapters	Goobay HDMI 2.1 Cable Type A to Type A, 1 m
7705	cables-chargers -> cables-adapters	Goobay USB Adapter USB-A Male to USB-C Female
7706	cables-chargers -> cables-adapters	Goobay Network Cable CAT6 S/FTP, 0.15 m, White (92462)
7707	cables-chargers -> cables-adapters	Goobay Network Cable CAT7 S/FTP, 0.5 m
7708	cables-chargers -> cables-adapters	Goobay AUX Extension Cable 3.5 mm Jack Plug to Jack Socket, 3 m
7709	cables-chargers -> cables-adapters	Goobay Audio Cable 3.5 mm Jack to 2x RCA Cinch, 1.5 m
7710	screens-lcds -> cables-adapters	Goobay DisplayPort to HDMI Cable 1 m, DP 1.4
7711	cables-chargers -> cables-adapters	Goobay HDMI 2.1 Cable Type A to Type A, 0.5 m
7712	cables-chargers -> cables-adapters	Goobay Inline Cable Connector (Coupler)
7713	cables-chargers -> cables-adapters	Goobay AUX Audio Cable 3.5 mm Stereo, 0.5 m, Sharkskin Grey
7714	cables-chargers -> cables-adapters	Goobay USB-DC Power Cable 5.5 x 2.1 mm, 1 m
7715	charging-ports -> it-multimedia	UGREEN CM195 USB-C, Docking Station 15214 Universal 6 Ports
7765	cameras -> it-multimedia	SmallRig Carbon Fiber Rods for Camera Cages
7766	cameras -> it-multimedia	SmallRig Camera Cage for Sony Alpha
7775	cameras -> it-multimedia	SmallRig Camera Suction Cup Car Mount Kit
7778	cameras -> it-multimedia	SmallRig Screw & Tool Set for Camera Cages
7779	cables-chargers -> it-multimedia	SmallRig Cold Shoe Mount Adapter
7780	cases-covers -> it-multimedia	SmallRig CFexpress Type-A Memory Card Case 4107
7781	cases-covers -> it-multimedia	SmallRig Memory Card Storage Case
7785	accessories -> batteries	ENERGIZER Ultimate Lithium AA, 3000 mAh - (4 pcs)
7786	accessories -> batteries	DURACELL CR2032, 225 mAh - (4 pcs)
7787	accessories -> batteries	VARTA Industrial AAA, 1250 mAh - (1 pcs)
7793	cases-covers -> accessories	PanzerGlass Care Fashionable Card
7795	screens-lcds -> tempered-glass-protection	PanzerGlass All-in-One Screen Protector Ultra-Wide Fit (1 Piece), Samsung Galaxy S25+
7797	screens-lcds -> tempered-glass-protection	PanzerGlass SAFE. Screen Protector with Black Frame Ultra-Wide Fit (1 Piece), Oppo Reno12 F 5G, Oppo Reno12
7799	screens-lcds -> tempered-glass-protection	PanzerGlass ECO MATRIX 4-Way Privacy Screen Protector Ultra-Wide Fit (1 Piece), Samsung Galaxy S25+, Samsung Galaxy S24+
7800	tempered-glass-protection -> cases-covers	PanzerGlass HardCase (1 Piece), Samsung Galaxy Z Flip6
7805	cameras -> tempered-glass-protection	PanzerGlass Hoops Camera Lens Protector (1 Piece), Samsung Galaxy S24+
7806	screens-lcds -> tempered-glass-protection	PanzerGlass SAFE. Classic Fit Screen Protector (1 Piece), Samsung Galaxy Z Fold6
7807	screens-lcds -> tempered-glass-protection	PanzerGlass Crystal Clear Screen Protector (1 Piece), Google Pixel 9a
7808	screens-lcds -> tempered-glass-protection	PanzerGlass Screen Protector Ultra-Wide Fit Anti Bluelight (1 Piece), Apple iPhone 14 Pro Max
7810	screens-lcds -> tempered-glass-protection	PanzerGlass SAFE. Privacy Screen Protector Ultra-Wide Fit (1 Piece), Samsung Galaxy S25, Samsung Galaxy S24
7811	tempered-glass-protection -> cases-covers	PanzerGlass HardCase (1 Piece), Samsung Galaxy A15, Samsung Galaxy A15 5G
7813	tempered-glass-protection -> cameras	PanzerGlass Hoops (1 Piece), Samsung Galaxy S25
7823	tempered-glass-protection -> cameras	PanzerGlass Hoops Ceramic Lens Protector (1 Piece), Samsung Galaxy S25
7825	screens-lcds -> tempered-glass-protection	PanzerGlass Ultra-Wide Fit Screen Protector (1 Piece), iPad Air 13" (2024, 2025)
7826	screens-lcds -> tempered-glass-protection	PanzerGlass Screen Protector (1 Piece), Apple Watch 42mm
7827	screens-lcds -> tempered-glass-protection	PanzerGlass Ultra-Wide Fit Screen Protector (1 Piece), Samsung Galaxy Tab S10 FE+
7828	screens-lcds -> tempered-glass-protection	PanzerGlass Fullbody Screen Protector (1 Piece), Apple Watch 2025 42mm
7829	screens-lcds -> tempered-glass-protection	PanzerGlass Screen Protector (1 Piece), iPad Pro 11" (2024, 2025)
7830	screens-lcds -> tempered-glass-protection	PanzerGlass Privacy Screen Protector (1 Piece), iPhone 13, iPhone 13 Pro, iPhone 14, iPhone 16e
7831	screens-lcds -> tempered-glass-protection	PanzerGlass SAFE. Screen Protector (1 Piece), Samsung Galaxy S25 FE
7832	screens-lcds -> tempered-glass-protection	PanzerGlass Watch Screen Protector (1 Piece), Garmin Venu 3
7833	screens-lcds -> tempered-glass-protection	PanzerGlass Screen Protector (1 Piece), Samsung Galaxy Watch8 Classic 46mm
7834	screens-lcds -> tempered-glass-protection	PanzerGlass SAFE. Privacy Screen Protector (1 Piece), iPhone 13, iPhone 13 Pro, iPhone 14, iPhone16e
7835	screens-lcds -> tempered-glass-protection	PanzerGlass Ultra-Wide Fit Privacy Screen Protector (1 Piece), Microsoft Surface Laptop 7th Edition 13.8"
7837	screens-lcds -> tempered-glass-protection	PanzerGlass Anti-Reflective Armor Screen Protector (1 Piece), iPad Pro 11" (2024, 2025)
7838	screens-lcds -> tempered-glass-protection	PanzerGlass SAFE. Screen Protector (1 Piece), Lenovo Tab M11, Lenovo Tab K11
7839	screens-lcds -> tempered-glass-protection	PanzerGlass Anti-Reflective Armor Screen Protector (1 Piece), iPad Air 11" (2024, 2025)
7841	screens-lcds -> tempered-glass-protection	PanzerGlass SAFE. by Display Protection (1 Piece) iPhone 14 Pro
7861	tempered-glass-protection -> it-multimedia	Epson ELPLP92 EB-1440Ui, EB-1450Ui, EB-1460Ui, EB-696Ui
7876	it-multimedia -> cases-covers	SmallRig Transporttasche
7884	it-multimedia -> tools-adhesives	SmallRig 3184 Screw and Hex Key Storage Plate
7889	batteries -> cables-adapters	SmallRig D-Tap to NP-FZ100 Dummy Battery Power Cable 4253B
7897	it-multimedia -> cables-adapters	SmallRig HDMI (Typ A) — HDMI (Typ A) 0.35 m
7900	it-multimedia -> cables-adapters	SmallRig USB C – USB C 0.35 m, USB 3.2 Gen 1, 100 W
6770	accessories -> photo-video	Puluz GoPro Adhesive Mount - Compatible with Hero 6-11
6700	accessories -> photo-video	Ulanzi R099 Clamp with Ball Joint Spherical Head
6699	accessories -> photo-video	Ulanzi ST-02 Tripod Smartphone Holder
7271	it-multimedia -> photo-video	Godox AD-E – Flash Speedlite Head Accessory
6007	it-multimedia -> photo-video	"Godox AD200 Mini - Black, Green, Red, White, Yellow"
6014	it-multimedia -> photo-video	Godox AD200 Twin head 400 W Set
6013	it-multimedia -> photo-video	Godox AD300Pro 300 W Outdoor flash head
6729	it-multimedia -> photo-video	Godox AD400Pro Elinchrom Adapter
6010	it-multimedia -> photo-video	Godox AD400Pro TTL 400 W Portable Flash Head
6020	it-multimedia -> photo-video	Godox AK-R1 Accessory Kit
6733	it-multimedia -> photo-video	Godox AR-R Adapter Ring Kit
6728	it-multimedia -> photo-video	Godox BD-04 Barn Door Kit
7270	it-multimedia -> photo-video	Godox BD-08 – Barn Door Set for Studio Lights
6737	it-multimedia -> photo-video	Godox Bowens Mount Flash Adapter
6018	it-multimedia -> photo-video	Godox CS-85D Lantern Softbox 85cm
6718	it-multimedia -> photo-video	Godox DP1000 III 1000W Flash Head
6008	it-multimedia -> photo-video	"Godox H200R, Round Flash head For AD200"
6704	it-multimedia -> photo-video	Godox LED M32 Pocket Light
6716	it-multimedia -> photo-video	Godox LED6R RGB Video Light
6009	it-multimedia -> photo-video	Godox Lux-Junior Flash For Canon / Nikon / Sony / Fujifilm / Olympus
6727	it-multimedia -> photo-video	Godox MF-R76 Macro Ring Flash
6731	it-multimedia -> photo-video	Godox ML01 Mini LED Light
6719	it-multimedia -> photo-video	Godox MS300 300W Studio Flash Head
6714	it-multimedia -> photo-video	Godox Mini Creative Light Panel
6736	it-multimedia -> photo-video	Godox RFT Standard Reflector with Bowens Mount
6702	it-multimedia -> photo-video	Godox RFT-05 5-in-1 Folding Reflector Kit (216cm)
6864	it-multimedia -> photo-video	Godox RFT-05 Foldable Reflector 5-in-1 110cm
7274	it-multimedia -> photo-video	Godox S2 Flash Adapter – Bowens Mount for Speedlite Flashes
6715	it-multimedia -> photo-video	Godox SL100Bi Bi-Color LED Video Light
6713	it-multimedia -> photo-video	Godox SL60IID LED Video Light
6701	it-multimedia -> photo-video	Godox SN-01 Snoot for Precise Light Control
7269	it-multimedia -> photo-video	Godox Silicone Cover for AD200PRO – Protective Case for Flash Unit
6732	it-multimedia -> photo-video	Godox Speedlite Reflector Accessory
6006	it-multimedia -> photo-video	Godox TT350C Plug-on Flash For Canon
6707	it-multimedia -> photo-video	Godox TT350P Compact TTL Flash for Pentax
6725	it-multimedia -> photo-video	Godox TT350S Mini Thinklite Flash for Sony
6017	it-multimedia -> photo-video	Godox TT560 II Speedlite Flash For Nikon / Canon
6705	it-multimedia -> photo-video	Godox TT685C II TTL Flash for Canon
6005	it-multimedia -> photo-video	Godox TT685S II Plug-on Flash For Sony
6711	it-multimedia -> photo-video	Godox Touchscreen TTL Flash Trigger for Sony
6012	it-multimedia -> photo-video	Godox V-11C Color Effects Set
6723	it-multimedia -> photo-video	Godox V1 Pro F Round Head Flash for Fujifilm
6708	it-multimedia -> photo-video	Godox V1 Round Head Flash for Fujifilm
6022	it-multimedia -> photo-video	Godox V1 TTL Plug-on Flash For Canon
6023	it-multimedia -> photo-video	Godox V1 TTL Plug-on Flash For Nikon
6021	it-multimedia -> photo-video	Godox V1 TTL Plug-on Flash For Sony
7277	it-multimedia -> photo-video	Godox V100 Canon – Speedlite Plug-on Flash for Canon Cameras
7278	it-multimedia -> photo-video	Godox V100 Nikon – Powerful Speedlite Flash for Nikon
7279	it-multimedia -> photo-video	Godox V1PRO Sony – Round Head Flash for Sony Cameras
6004	it-multimedia -> photo-video	Godox V350O MFT Plug-on Flash For Olympus
6726	it-multimedia -> photo-video	Godox V860II-C TTL Flash for Canon
6024	it-multimedia -> photo-video	Godox V860III Plug-on Flash For Panasonic / Olympus
6025	it-multimedia -> photo-video	Godox V860III Plug-on Flash with TTL For Sony
6724	it-multimedia -> photo-video	Godox V860III TTL Flash for Fujifilm
6706	it-multimedia -> photo-video	Godox V860III TTL Flash for Nikon
6019	it-multimedia -> photo-video	Godox VB-26 Li-Ion Flash battery For V1
6011	it-multimedia -> photo-video	Godox WB30P Lithium battery For AD300pro
6717	it-multimedia -> photo-video	Godox Witstro AD200Pro II 200W Flash
7273	it-multimedia -> photo-video	Godox X-PROII Canon – Wireless Flash Trigger for Canon Cameras
7272	it-multimedia -> photo-video	Godox X1R-N – Wireless Flash Receiver for Nikon Cameras
6016	it-multimedia -> photo-video	Godox X2T-C Wireless For Canon
6710	it-multimedia -> photo-video	Godox X2T-N Wireless Flash Trigger for Nikon
6015	it-multimedia -> photo-video	Godox X2T-S For Sony
6722	it-multimedia -> photo-video	Godox X3-C Wireless Flash Trigger for Canon
6712	it-multimedia -> photo-video	Godox XProIIS Wireless Flash Trigger for Sony
6709	it-multimedia -> photo-video	Godox Xpro II-N Bluetooth Flash Trigger for Nikon
7276	it-multimedia -> photo-video	Godox iM22 – Compact Plug-on Flash for All Camera Types
7280	it-multimedia -> photo-video	Godox iM30 iFlash – Compact Plug-on Flash for Cameras
6856	it-multimedia -> photo-video	Hama Star 55-63 Tripod Camera Plate – Quick-Release Mount
6757	it-multimedia -> photo-video	Puluz 26cm Desk Ring Light - Adjustable Brightness for Streaming & Makeup
6764	it-multimedia -> photo-video	Puluz 360° Electric Turntable - Display Stand for Photography & Products
6768	it-multimedia -> photo-video	Puluz 360° Electric Turntable - Rotating Display Stand
6763	it-multimedia -> photo-video	Puluz 360° Electric Turntable with Remote Control - Smooth Rotation Display
6754	it-multimedia -> photo-video	Puluz 5-in-1 Folding Reflector - 110cm Light Diffuser & Bounce Panel
6767	it-multimedia -> photo-video	Puluz Acrylic Glass Plate - Clear Photography Base for Objects
6765	it-multimedia -> photo-video	Puluz Acrylic Glass Plate - Object Photography Accessories
7214	it-multimedia -> photo-video	Puluz Electric 360° Turntable – Rotating Display Stand for Photography
7217	it-multimedia -> photo-video	Puluz Foldable Softbox Light Tent – Portable Photo Studio Box
7212	it-multimedia -> photo-video	"Puluz Green Screen Backdrop – Chroma Key Background Cloth 290cm, 200cm"
7215	it-multimedia -> photo-video	Puluz LED Light Box – 50x60cm Photo Studio Tent
7216	it-multimedia -> photo-video	Puluz Light Tent Kit 80cm – Professional Photo Recording Box
6756	it-multimedia -> photo-video	Puluz PKT3035 26cm Selfie Video Ring Light - Perfect for Vlogs & Beauty
7213	it-multimedia -> photo-video	Puluz Portable Mini Photo Studio – Collapsible Light Box with LEDs
6766	it-multimedia -> photo-video	Puluz Portable Photo Studio Accessories - Lighting & Background Tools
6769	it-multimedia -> photo-video	Puluz Portable Photo Studio Lightbox - Compact Recording Booth
6755	it-multimedia -> photo-video	Puluz Studio Shooting Tent Box Kit - 30x33cm Portable Lightbox
7302	it-multimedia -> photo-video	SmallRig 35mm NATO Rail with ARRI Screw – BUN2501
7880	it-multimedia -> photo-video	SmallRig 3668C Cage Kit for Sony Alpha
7896	it-multimedia -> photo-video	SmallRig 4236C
7312	it-multimedia -> photo-video	SmallRig 4822 Wireless Mic Mount with Cold Shoe
7303	it-multimedia -> photo-video	SmallRig 48mm NATO Rail with ARRI Mount – BUN2521B
7291	it-multimedia -> photo-video	SmallRig 4K Wireless Monitor for Smartphones
7294	it-multimedia -> photo-video	SmallRig 5-in-1 Filter Kit 67mm with Black Mist
7311	it-multimedia -> photo-video	SmallRig ARRI Lite Top Handle Grip
7782	it-multimedia -> photo-video	SmallRig ARRI Locating Top Handle 2165
7299	it-multimedia -> photo-video	SmallRig Adjustable Monitor Mount
7393	it-multimedia -> photo-video	SmallRig AirTag Mount Plate – MD4150
7308	it-multimedia -> photo-video	SmallRig Arca-Type Quick Release Gimbal Plate
7386	it-multimedia -> photo-video	SmallRig Black Mamba Camera Wrist Strap
7305	it-multimedia -> photo-video	SmallRig Bottom Quick Mounting Plate
7397	it-multimedia -> photo-video	SmallRig Bowens Mount Adapter for Lighting Accessories
7310	it-multimedia -> photo-video	SmallRig Braided Shoulder Strap (Universal)
7321	it-multimedia -> photo-video	SmallRig Braided Shoulder Strap (Universal)
7322	it-multimedia -> photo-video	SmallRig Braided Wrist Strap 4881 (Universal)
7780	it-multimedia -> photo-video	SmallRig CFexpress Type-A Memory Card Case 4107
7382	it-multimedia -> photo-video	SmallRig Cage Kit for Sony Alpha 6700
7894	it-multimedia -> photo-video	SmallRig Cage for DJI Osmo Action 6
7871	it-multimedia -> photo-video	SmallRig Cage with Grip Sony ZV-E10 3538
7766	it-multimedia -> photo-video	SmallRig Camera Cage for Sony Alpha
7320	it-multimedia -> photo-video	SmallRig Camera Hot Shoe Mount Adapter
7775	it-multimedia -> photo-video	SmallRig Camera Suction Cup Car Mount Kit
7283	it-multimedia -> photo-video	SmallRig Carbon Fiber Rod for Rig Systems
7765	it-multimedia -> photo-video	SmallRig Carbon Fiber Rods for Camera Cages
7777	it-multimedia -> photo-video	SmallRig Cheese Bar Accessory Rail
7890	it-multimedia -> photo-video	SmallRig Clamp Montage mit Schraube
7300	it-multimedia -> photo-video	SmallRig Cold Shoe Adapter Pack (Set of 2)
7779	it-multimedia -> photo-video	SmallRig Cold Shoe Mount Adapter
7319	it-multimedia -> photo-video	SmallRig Cold Shoe Mount for Gimbals
7309	it-multimedia -> photo-video	SmallRig Cold Shoe Mount with Safety Release
7388	it-multimedia -> photo-video	SmallRig Cold Shoe Mount – Model 1241
7771	it-multimedia -> photo-video	SmallRig Crab Clamp with Ballhead Magic Arm 3757
7295	it-multimedia -> photo-video	SmallRig Dual Ball Head Magic Arm
7769	it-multimedia -> photo-video	SmallRig Dual Handgrip for DJI RS2/RSC2 – 3027
7395	it-multimedia -> photo-video	SmallRig Dual Head Mounting Stud Screws
7318	it-multimedia -> photo-video	SmallRig Easy Plate Mount 1598
7401	it-multimedia -> photo-video	SmallRig Eyecup for Sony A7C II / A7CR Cameras
7768	it-multimedia -> photo-video	SmallRig Focus Control Dual Handgrip 4327
7297	it-multimedia -> photo-video	SmallRig Gimbal Handgrip Handle
7391	it-multimedia -> photo-video	SmallRig H38 Quick Release Plate – Arca-Swiss
7881	it-multimedia -> photo-video	SmallRig Halterung iPad
7878	it-multimedia -> photo-video	SmallRig Hochleistungs-Fluidkopfstativ AD-01
7895	it-multimedia -> photo-video	SmallRig Kameragurt 5209
7893	it-multimedia -> photo-video	SmallRig Krabbenklemme mit Magic Arm
7892	it-multimedia -> photo-video	SmallRig Krabbenklemme mit Magic Arm
7891	it-multimedia -> photo-video	SmallRig L-Shape Handle for Panasonic Lumix S9
7281	it-multimedia -> photo-video	SmallRig L-Shape Plate with Grip for Sony ZV-E10 II 4778
7380	it-multimedia -> photo-video	SmallRig LA-R30120 4200 Softbox for LED Lights
7301	it-multimedia -> photo-video	SmallRig Leather Camera Shoulder Strap Black 5208
7284	it-multimedia -> photo-video	SmallRig Leather Neck Strap for Cameras 3485
7285	it-multimedia -> photo-video	SmallRig Lite Top Handle with Cold Shoe Mount
7872	it-multimedia -> photo-video	SmallRig Low-profile NATO Rail 50mm
7384	it-multimedia -> photo-video	SmallRig Magic Arm 2066 – Flexible Tripod Mount
7773	it-multimedia -> photo-video	SmallRig Magic Arm with Crab Clamp Kit 4766
7392	it-multimedia -> photo-video	SmallRig Magnetic CPL Filter Kit – 52mm
7381	it-multimedia -> photo-video	SmallRig Magnetic Filter Adapter – 52mm
7394	it-multimedia -> photo-video	SmallRig Memory Card Case – Compact & Durable
7781	it-multimedia -> photo-video	SmallRig Memory Card Storage Case
7324	it-multimedia -> photo-video	SmallRig Metal Phone Holder with Cold Shoe Mount
7387	it-multimedia -> photo-video	SmallRig Mini NATO Side Handle – 4840
7290	it-multimedia -> photo-video	SmallRig Mini V-Mount Plate with Crab Clamp 2989
7398	it-multimedia -> photo-video	SmallRig Monitor Mount with NATO Clamp for DJI RS2/RSC2 – 3026
7389	it-multimedia -> photo-video	SmallRig Mount Plate for Zoom F3 – MD4883
7899	it-multimedia -> photo-video	SmallRig Multi-Functional Crab-Shaped Clamp
7764	it-multimedia -> photo-video	SmallRig Multifunctional Teleprompter 3646
7886	it-multimedia -> photo-video	SmallRig Multiprurpose U-Base 1674
7776	it-multimedia -> photo-video	SmallRig NATO Side Handle Grip
7329	it-multimedia -> photo-video	SmallRig Power Bank Clamp with Cold Shoe 4600
7289	it-multimedia -> photo-video	SmallRig Quick Release Fixing Screw for Cameras
7298	it-multimedia -> photo-video	SmallRig RA-D55 55cm Parabolic Softbox
7772	it-multimedia -> photo-video	SmallRig RA-D85 Softbox (85cm)
7385	it-multimedia -> photo-video	SmallRig RC 30B COB LED Video Light
7293	it-multimedia -> photo-video	SmallRig RF 10C LED Video Light
7888	it-multimedia -> photo-video	SmallRig RM 40C
7761	it-multimedia -> photo-video	SmallRig RM03 LED Video Light
7282	it-multimedia -> photo-video	SmallRig RailBlock 3 Mounting Clamp
7877	it-multimedia -> photo-video	SmallRig Rhinoceros Cage Kit for Sony Alpha 7R V / Alpha 7 IV / Alpha 7S III
7323	it-multimedia -> photo-video	SmallRig ST20 Pro Smartphone Tripod
7778	it-multimedia -> photo-video	SmallRig Screw & Tool Set for Camera Cages
7383	it-multimedia -> photo-video	SmallRig Shotgun Mic Holder for Video Rigs
7879	it-multimedia -> photo-video	SmallRig Side Handle with Two in One Locating Screw
7292	it-multimedia -> photo-video	SmallRig Sling Handle for Gimbals
7875	it-multimedia -> photo-video	SmallRig Super Clamp
7874	it-multimedia -> photo-video	SmallRig Super Clamp
7774	it-multimedia -> photo-video	SmallRig Super Clamp
7763	it-multimedia -> photo-video	SmallRig Super Clamp with Magic Arm Kit
7287	it-multimedia -> photo-video	SmallRig Swivel & Tilt Monitor Mount with ARRI Style Base
7288	it-multimedia -> photo-video	SmallRig Swivel & Tilt Monitor Mount with Cold Shoe
7767	it-multimedia -> photo-video	SmallRig Swivel & Tilt Monitor Mount with Cold Shoe
7885	it-multimedia -> photo-video	SmallRig Tabletop Mini Tripod mit Panoramic Ball Head
7314	it-multimedia -> photo-video	SmallRig Thumb Grip for Cameras
7307	it-multimedia -> photo-video	SmallRig Thumb Grip for DSLR & Mirrorless Cameras
7399	it-multimedia -> photo-video	SmallRig Thumb Grip for FUJIFILM X-M5
7396	it-multimedia -> photo-video	SmallRig Thumb Rest for FUJIFILM X-M5
7304	it-multimedia -> photo-video	SmallRig Tiny ARRI Top Handle 4757
7870	it-multimedia -> photo-video	SmallRig Tripod Kit AD 01S
7306	it-multimedia -> photo-video	SmallRig Universal Braided Shoulder Strap
7873	it-multimedia -> photo-video	SmallRig Universal LWS Baseplate with Dual 15mm Rod Clamp
7316	it-multimedia -> photo-video	SmallRig Universal Magic Arm for Accessories
7325	it-multimedia -> photo-video	SmallRig Universal Thread Stand Adapter
7770	it-multimedia -> photo-video	SmallRig Universal Tripod Dolly 3986
7762	it-multimedia -> photo-video	SmallRig Universal Vintage-Style Wrist Strap 3926
7315	it-multimedia -> photo-video	SmallRig VK-50 Smartphone Vlog Tripod Kit
7327	it-multimedia -> photo-video	SmallRig Vibe P30 Ring LED Light 67mm 4873
7390	it-multimedia -> photo-video	SmallRig Vibe P96 Mini LED Video Light
7286	it-multimedia -> photo-video	SmallRig Vibe P96 Pro Compact Video Light
7326	it-multimedia -> photo-video	SmallRig Vlog Kit VK-20 for Content Creators
6051	it-multimedia -> photo-video	Ulanzi 75 mm Macro Phone Lens
7252	it-multimedia -> photo-video	Ulanzi Double Super Clamp Mount for Studio and Rig Setup
6031	it-multimedia -> photo-video	Ulanzi FM01 FILMOG Ace Portable Fog Machine
7259	it-multimedia -> photo-video	Ulanzi L2 Waterproof Video Light for Action Cameras and Vlogging
7257	it-multimedia -> photo-video	Ulanzi MT-08 Compact Tripod and Selfie Stick for Travel
7255	it-multimedia -> photo-video	Ulanzi MT-34 Lightweight Desktop Tripod for Vlogging
7256	it-multimedia -> photo-video	Ulanzi MT-44BK Long Selfie Stick Tripod for Phones and Cameras
7254	it-multimedia -> photo-video	Ulanzi Ombra Metal Travel Tripod with Fluid Video Head
6053	it-multimedia -> photo-video	Ulanzi R094 Clamp Ball Mount Dual 360° Rotatable
6054	it-multimedia -> photo-video	Ulanzi R102 Double Ball Head Magic Arm with 1/4
6028	it-multimedia -> photo-video	Ulanzi ST-06S Multi Function Smartphone Holder
6057	it-multimedia -> photo-video	Ulanzi ST-07 Vlog Smartphone Tripod Mount
6052	it-multimedia -> photo-video	Ulanzi ST-27 Metal Smartphone Holder / Clamp
7261	it-multimedia -> photo-video	Ulanzi U-190 Mini Fluid Tripod Head for Panoramic Shots
6029	it-multimedia -> photo-video	Ulanzi U-70 Ball Head Tripod Mount
6050	it-multimedia -> photo-video	Ulanzi U-80L Arca Side Cold Shoe Ballhead
6055	it-multimedia -> photo-video	Ulanzi UURig 3 Cold Shoe Handle Grip
7251	it-multimedia -> photo-video	Ulanzi Universal Handheld Camera Grip with Pistol Handle
7253	it-multimedia -> photo-video	Ulanzi Universal Overhead Stand for Top-Down Recording
6058	it-multimedia -> photo-video	Ulanzi VIJIM LS08 Flexible Arm 3 Section with Desk Clamp
7260	it-multimedia -> photo-video	Ulanzi VIJIM VL-100C LED Video Light for Studio and Content Creation
6056	it-multimedia -> photo-video	Ulanzi VL110 Portable RGB LED Video Light Tube Lamp
6026	it-multimedia -> photo-video	Ulanzi VL120 RGB Multi Color LED Videolamp
7258	it-multimedia -> photo-video	Ulanzi VL49 Pro RGB LED Light for Photography and Video
6027	it-multimedia -> photo-video	Ulanzi VL49 RGB Multi Color LED Videolamp

6004	it-multimedia -> photo-video	Godox V350O MFT Plug-on Flash For Olympus
6005	it-multimedia -> photo-video	Godox TT685S II Plug-on Flash For Sony
6006	it-multimedia -> photo-video	Godox TT350C Plug-on Flash For Canon
6007	it-multimedia -> photo-video	Godox AD200 Mini - Black, Green, Red, White, Yellow
6008	it-multimedia -> photo-video	Godox H200R, Round Flash head For AD200
6009	it-multimedia -> photo-video	Godox Lux-Junior Flash For Canon / Nikon / Sony / Fujifilm / Olympus
6010	it-multimedia -> photo-video	Godox AD400Pro TTL 400 W Portable Flash Head
6011	it-multimedia -> photo-video	Godox WB30P Lithium battery For AD300pro
6012	it-multimedia -> photo-video	Godox V-11C Color Effects Set
6013	it-multimedia -> photo-video	Godox AD300Pro 300 W Outdoor flash head
6014	it-multimedia -> photo-video	Godox AD200 Twin head 400 W Set
6015	it-multimedia -> photo-video	Godox X2T-S For Sony
6016	it-multimedia -> photo-video	Godox X2T-C Wireless For Canon
6017	it-multimedia -> photo-video	Godox TT560 II Speedlite Flash For Nikon / Canon
6018	it-multimedia -> photo-video	Godox CS-85D Lantern Softbox 85cm
6019	it-multimedia -> photo-video	Godox VB-26 Li-Ion Flash battery For V1
6020	it-multimedia -> photo-video	Godox AK-R1 Accessory Kit
6021	it-multimedia -> photo-video	Godox V1 TTL Plug-on Flash For Sony
6022	it-multimedia -> photo-video	Godox V1 TTL Plug-on Flash For Canon
6023	it-multimedia -> photo-video	Godox V1 TTL Plug-on Flash For Nikon
6024	it-multimedia -> photo-video	Godox V860III Plug-on Flash For Panasonic / Olympus
6025	it-multimedia -> photo-video	Godox V860III Plug-on Flash with TTL For Sony
6026	it-multimedia -> photo-video	Ulanzi VL120 RGB Multi Color LED Videolamp
6027	it-multimedia -> photo-video	Ulanzi VL49 RGB Multi Color LED Videolamp
6028	it-multimedia -> photo-video	Ulanzi ST-06S Multi Function Smartphone Holder
6029	it-multimedia -> photo-video	Ulanzi U-70 Ball Head Tripod Mount
6031	it-multimedia -> photo-video	Ulanzi FM01 FILMOG Ace Portable Fog Machine
6050	it-multimedia -> photo-video	Ulanzi U-80L Arca Side Cold Shoe Ballhead
6051	it-multimedia -> photo-video	Ulanzi 75 mm Macro Phone Lens
6052	it-multimedia -> photo-video	Ulanzi ST-27 Metal Smartphone Holder / Clamp
6053	it-multimedia -> photo-video	Ulanzi R094 Clamp Ball Mount Dual 360° Rotatable
6054	it-multimedia -> photo-video	Ulanzi R102 Double Ball Head Magic Arm with 1/4
6055	it-multimedia -> photo-video	Ulanzi UURig 3 Cold Shoe Handle Grip
6056	it-multimedia -> photo-video	Ulanzi VL110 Portable RGB LED Video Light Tube Lamp
6057	it-multimedia -> photo-video	Ulanzi ST-07 Vlog Smartphone Tripod Mount
6058	it-multimedia -> photo-video	Ulanzi VIJIM LS08 Flexible Arm 3 Section with Desk Clamp
6699	accessories -> photo-video	Ulanzi ST-02 Tripod Smartphone Holder
6700	accessories -> photo-video	Ulanzi R099 Clamp with Ball Joint Spherical Head
6701	it-multimedia -> photo-video	Godox SN-01 Snoot for Precise Light Control
6702	it-multimedia -> photo-video	Godox RFT-05 5-in-1 Folding Reflector Kit (216cm)
6704	it-multimedia -> photo-video	Godox LED M32 Pocket Light
6705	it-multimedia -> photo-video	Godox TT685C II TTL Flash for Canon
6706	it-multimedia -> photo-video	Godox V860III TTL Flash for Nikon
6707	it-multimedia -> photo-video	Godox TT350P Compact TTL Flash for Pentax
6708	it-multimedia -> photo-video	Godox V1 Round Head Flash for Fujifilm
6709	it-multimedia -> photo-video	Godox Xpro II-N Bluetooth Flash Trigger for Nikon
6710	it-multimedia -> photo-video	Godox X2T-N Wireless Flash Trigger for Nikon
6711	it-multimedia -> photo-video	Godox Touchscreen TTL Flash Trigger for Sony
6712	it-multimedia -> photo-video	Godox XProIIS Wireless Flash Trigger for Sony
6713	it-multimedia -> photo-video	Godox SL60IID LED Video Light
6714	it-multimedia -> photo-video	Godox Mini Creative Light Panel
6715	it-multimedia -> photo-video	Godox SL100Bi Bi-Color LED Video Light
6716	it-multimedia -> photo-video	Godox LED6R RGB Video Light
6717	it-multimedia -> photo-video	Godox Witstro AD200Pro II 200W Flash
6718	it-multimedia -> photo-video	Godox DP1000 III 1000W Flash Head
6719	it-multimedia -> photo-video	Godox MS300 300W Studio Flash Head
6722	it-multimedia -> photo-video	Godox X3-C Wireless Flash Trigger for Canon
6723	it-multimedia -> photo-video	Godox V1 Pro F Round Head Flash for Fujifilm
6724	it-multimedia -> photo-video	Godox V860III TTL Flash for Fujifilm
6725	it-multimedia -> photo-video	Godox TT350S Mini Thinklite Flash for Sony
6726	it-multimedia -> photo-video	Godox V860II-C TTL Flash for Canon
6727	it-multimedia -> photo-video	Godox MF-R76 Macro Ring Flash
6728	it-multimedia -> photo-video	Godox BD-04 Barn Door Kit
6729	it-multimedia -> photo-video	Godox AD400Pro Elinchrom Adapter
6731	it-multimedia -> photo-video	Godox ML01 Mini LED Light
6732	it-multimedia -> photo-video	Godox Speedlite Reflector Accessory
6733	it-multimedia -> photo-video	Godox AR-R Adapter Ring Kit
6736	it-multimedia -> photo-video	Godox RFT Standard Reflector with Bowens Mount
6737	it-multimedia -> photo-video	Godox Bowens Mount Flash Adapter
6754	it-multimedia -> photo-video	Puluz 5-in-1 Folding Reflector - 110cm Light Diffuser & Bounce Panel
6755	it-multimedia -> photo-video	Puluz Studio Shooting Tent Box Kit - 30x33cm Portable Lightbox
6756	it-multimedia -> photo-video	Puluz PKT3035 26cm Selfie Video Ring Light - Perfect for Vlogs & Beauty
6757	it-multimedia -> photo-video	Puluz 26cm Desk Ring Light - Adjustable Brightness for Streaming & Makeup
6763	it-multimedia -> photo-video	Puluz 360° Electric Turntable with Remote Control - Smooth Rotation Display
6764	it-multimedia -> photo-video	Puluz 360° Electric Turntable - Display Stand for Photography & Products
6765	it-multimedia -> photo-video	Puluz Acrylic Glass Plate - Object Photography Accessories
6766	it-multimedia -> photo-video	Puluz Portable Photo Studio Accessories - Lighting & Background Tools
6767	it-multimedia -> photo-video	Puluz Acrylic Glass Plate - Clear Photography Base for Objects
6768	it-multimedia -> photo-video	Puluz 360° Electric Turntable - Rotating Display Stand
6769	it-multimedia -> photo-video	Puluz Portable Photo Studio Lightbox - Compact Recording Booth
6770	accessories -> photo-video	Puluz GoPro Adhesive Mount - Compatible with Hero 6-11
6856	it-multimedia -> photo-video	Hama Star 55-63 Tripod Camera Plate – Quick-Release Mount
6864	it-multimedia -> photo-video	Godox RFT-05 Foldable Reflector 5-in-1 110cm
7212	it-multimedia -> photo-video	Puluz Green Screen Backdrop – Chroma Key Background Cloth 290cm, 200cm
7213	it-multimedia -> photo-video	Puluz Portable Mini Photo Studio – Collapsible Light Box with LEDs
7214	it-multimedia -> photo-video	Puluz Electric 360° Turntable – Rotating Display Stand for Photography
7215	it-multimedia -> photo-video	Puluz LED Light Box – 50x60cm Photo Studio Tent
7216	it-multimedia -> photo-video	Puluz Light Tent Kit 80cm – Professional Photo Recording Box
7217	it-multimedia -> photo-video	Puluz Foldable Softbox Light Tent – Portable Photo Studio Box
7251	it-multimedia -> photo-video	Ulanzi Universal Handheld Camera Grip with Pistol Handle
7252	it-multimedia -> photo-video	Ulanzi Double Super Clamp Mount for Studio and Rig Setup
7253	it-multimedia -> photo-video	Ulanzi Universal Overhead Stand for Top-Down Recording
7254	it-multimedia -> photo-video	Ulanzi Ombra Metal Travel Tripod with Fluid Video Head
7255	it-multimedia -> photo-video	Ulanzi MT-34 Lightweight Desktop Tripod for Vlogging
7256	it-multimedia -> photo-video	Ulanzi MT-44BK Long Selfie Stick Tripod for Phones and Cameras
7257	it-multimedia -> photo-video	Ulanzi MT-08 Compact Tripod and Selfie Stick for Travel
7258	it-multimedia -> photo-video	Ulanzi VL49 Pro RGB LED Light for Photography and Video
7259	it-multimedia -> photo-video	Ulanzi L2 Waterproof Video Light for Action Cameras and Vlogging
7260	it-multimedia -> photo-video	Ulanzi VIJIM VL-100C LED Video Light for Studio and Content Creation
7261	it-multimedia -> photo-video	Ulanzi U-190 Mini Fluid Tripod Head for Panoramic Shots
7269	it-multimedia -> photo-video	Godox Silicone Cover for AD200PRO – Protective Case for Flash Unit
7270	it-multimedia -> photo-video	Godox BD-08 – Barn Door Set for Studio Lights
7271	it-multimedia -> photo-video	Godox AD-E – Flash Speedlite Head Accessory
7272	it-multimedia -> photo-video	Godox X1R-N – Wireless Flash Receiver for Nikon Cameras
7273	it-multimedia -> photo-video	Godox X-PROII Canon – Wireless Flash Trigger for Canon Cameras
7274	it-multimedia -> photo-video	Godox S2 Flash Adapter – Bowens Mount for Speedlite Flashes
7276	it-multimedia -> photo-video	Godox iM22 – Compact Plug-on Flash for All Camera Types
7277	it-multimedia -> photo-video	Godox V100 Canon – Speedlite Plug-on Flash for Canon Cameras
7278	it-multimedia -> photo-video	Godox V100 Nikon – Powerful Speedlite Flash for Nikon
7279	it-multimedia -> photo-video	Godox V1PRO Sony – Round Head Flash for Sony Cameras
7280	it-multimedia -> photo-video	Godox iM30 iFlash – Compact Plug-on Flash for Cameras
7281	it-multimedia -> photo-video	SmallRig L-Shape Plate with Grip for Sony ZV-E10 II 4778
7282	it-multimedia -> photo-video	SmallRig RailBlock 3 Mounting Clamp
7283	it-multimedia -> photo-video	SmallRig Carbon Fiber Rod for Rig Systems
7284	it-multimedia -> photo-video	SmallRig Leather Neck Strap for Cameras 3485
7285	it-multimedia -> photo-video	SmallRig Lite Top Handle with Cold Shoe Mount
7286	it-multimedia -> photo-video	SmallRig Vibe P96 Pro Compact Video Light
7287	it-multimedia -> photo-video	SmallRig Swivel & Tilt Monitor Mount with ARRI Style Base
7288	it-multimedia -> photo-video	SmallRig Swivel & Tilt Monitor Mount with Cold Shoe
7289	it-multimedia -> photo-video	SmallRig Quick Release Fixing Screw for Cameras
7290	it-multimedia -> photo-video	SmallRig Mini V-Mount Plate with Crab Clamp 2989
7291	it-multimedia -> photo-video	SmallRig 4K Wireless Monitor for Smartphones
7292	it-multimedia -> photo-video	SmallRig Sling Handle for Gimbals
7293	it-multimedia -> photo-video	SmallRig RF 10C LED Video Light
7294	it-multimedia -> photo-video	SmallRig 5-in-1 Filter Kit 67mm with Black Mist
7295	it-multimedia -> photo-video	SmallRig Dual Ball Head Magic Arm
7297	it-multimedia -> photo-video	SmallRig Gimbal Handgrip Handle
7298	it-multimedia -> photo-video	SmallRig RA-D55 55cm Parabolic Softbox
7299	it-multimedia -> photo-video	SmallRig Adjustable Monitor Mount
7300	it-multimedia -> photo-video	SmallRig Cold Shoe Adapter Pack (Set of 2)
7301	it-multimedia -> photo-video	SmallRig Leather Camera Shoulder Strap Black 5208
7302	it-multimedia -> photo-video	SmallRig 35mm NATO Rail with ARRI Screw – BUN2501
7303	it-multimedia -> photo-video	SmallRig 48mm NATO Rail with ARRI Mount – BUN2521B
7304	it-multimedia -> photo-video	SmallRig Tiny ARRI Top Handle 4757
7305	it-multimedia -> photo-video	SmallRig Bottom Quick Mounting Plate
7306	it-multimedia -> photo-video	SmallRig Universal Braided Shoulder Strap
7307	it-multimedia -> photo-video	SmallRig Thumb Grip for DSLR & Mirrorless Cameras
7308	it-multimedia -> photo-video	SmallRig Arca-Type Quick Release Gimbal Plate
7309	it-multimedia -> photo-video	SmallRig Cold Shoe Mount with Safety Release
7310	it-multimedia -> photo-video	SmallRig Braided Shoulder Strap (Universal)
7311	it-multimedia -> photo-video	SmallRig ARRI Lite Top Handle Grip
7312	it-multimedia -> photo-video	SmallRig 4822 Wireless Mic Mount with Cold Shoe
7314	it-multimedia -> photo-video	SmallRig Thumb Grip for Cameras
7315	it-multimedia -> photo-video	SmallRig VK-50 Smartphone Vlog Tripod Kit
7316	it-multimedia -> photo-video	SmallRig Universal Magic Arm for Accessories
7318	it-multimedia -> photo-video	SmallRig Easy Plate Mount 1598
7319	it-multimedia -> photo-video	SmallRig Cold Shoe Mount for Gimbals
7320	it-multimedia -> photo-video	SmallRig Camera Hot Shoe Mount Adapter
7321	it-multimedia -> photo-video	SmallRig Braided Shoulder Strap (Universal)
7322	it-multimedia -> photo-video	SmallRig Braided Wrist Strap 4881 (Universal)
7323	it-multimedia -> photo-video	SmallRig ST20 Pro Smartphone Tripod
7324	it-multimedia -> photo-video	SmallRig Metal Phone Holder with Cold Shoe Mount
7325	it-multimedia -> photo-video	SmallRig Universal Thread Stand Adapter
7326	it-multimedia -> photo-video	SmallRig Vlog Kit VK-20 for Content Creators
7327	it-multimedia -> photo-video	SmallRig Vibe P30 Ring LED Light 67mm 4873
7329	it-multimedia -> photo-video	SmallRig Power Bank Clamp with Cold Shoe 4600
7380	it-multimedia -> photo-video	SmallRig LA-R30120 4200 Softbox for LED Lights
7381	it-multimedia -> photo-video	SmallRig Magnetic Filter Adapter – 52mm
7382	it-multimedia -> photo-video	SmallRig Cage Kit for Sony Alpha 6700
7383	it-multimedia -> photo-video	SmallRig Shotgun Mic Holder for Video Rigs
7384	it-multimedia -> photo-video	SmallRig Magic Arm 2066 – Flexible Tripod Mount
7385	it-multimedia -> photo-video	SmallRig RC 30B COB LED Video Light
7386	it-multimedia -> photo-video	SmallRig Black Mamba Camera Wrist Strap
7387	it-multimedia -> photo-video	SmallRig Mini NATO Side Handle – 4840
7388	it-multimedia -> photo-video	SmallRig Cold Shoe Mount – Model 1241
7389	it-multimedia -> photo-video	SmallRig Mount Plate for Zoom F3 – MD4883
7390	it-multimedia -> photo-video	SmallRig Vibe P96 Mini LED Video Light
7391	it-multimedia -> photo-video	SmallRig H38 Quick Release Plate – Arca-Swiss
7392	it-multimedia -> photo-video	SmallRig Magnetic CPL Filter Kit – 52mm
7393	it-multimedia -> photo-video	SmallRig AirTag Mount Plate – MD4150
7394	it-multimedia -> photo-video	SmallRig Memory Card Case – Compact & Durable
7395	it-multimedia -> photo-video	SmallRig Dual Head Mounting Stud Screws
7396	it-multimedia -> photo-video	SmallRig Thumb Rest for FUJIFILM X-M5
7397	it-multimedia -> photo-video	SmallRig Bowens Mount Adapter for Lighting Accessories
7398	it-multimedia -> photo-video	SmallRig Monitor Mount with NATO Clamp for DJI RS2/RSC2 – 3026
7399	it-multimedia -> photo-video	SmallRig Thumb Grip for FUJIFILM X-M5
7401	it-multimedia -> photo-video	SmallRig Eyecup for Sony A7C II / A7CR Cameras
7761	it-multimedia -> photo-video	SmallRig RM03 LED Video Light
7762	it-multimedia -> photo-video	SmallRig Universal Vintage-Style Wrist Strap 3926
7763	it-multimedia -> photo-video	SmallRig Super Clamp with Magic Arm Kit
7764	it-multimedia -> photo-video	SmallRig Multifunctional Teleprompter 3646
7765	it-multimedia -> photo-video	SmallRig Carbon Fiber Rods for Camera Cages
7766	it-multimedia -> photo-video	SmallRig Camera Cage for Sony Alpha
7767	it-multimedia -> photo-video	SmallRig Swivel & Tilt Monitor Mount with Cold Shoe
7768	it-multimedia -> photo-video	SmallRig Focus Control Dual Handgrip 4327
7769	it-multimedia -> photo-video	SmallRig Dual Handgrip for DJI RS2/RSC2 – 3027
7770	it-multimedia -> photo-video	SmallRig Universal Tripod Dolly 3986
7771	it-multimedia -> photo-video	SmallRig Crab Clamp with Ballhead Magic Arm 3757
7772	it-multimedia -> photo-video	SmallRig RA-D85 Softbox (85cm)
7773	it-multimedia -> photo-video	SmallRig Magic Arm with Crab Clamp Kit 4766
7774	it-multimedia -> photo-video	SmallRig Super Clamp
7775	it-multimedia -> photo-video	SmallRig Camera Suction Cup Car Mount Kit
7776	it-multimedia -> photo-video	SmallRig NATO Side Handle Grip
7777	it-multimedia -> photo-video	SmallRig Cheese Bar Accessory Rail
7778	it-multimedia -> photo-video	SmallRig Screw & Tool Set for Camera Cages
7779	it-multimedia -> photo-video	SmallRig Cold Shoe Mount Adapter
7780	it-multimedia -> photo-video	SmallRig CFexpress Type-A Memory Card Case 4107
7781	it-multimedia -> photo-video	SmallRig Memory Card Storage Case
7782	it-multimedia -> photo-video	SmallRig ARRI Locating Top Handle 2165
7870	it-multimedia -> photo-video	SmallRig Tripod Kit AD 01S
7871	it-multimedia -> photo-video	SmallRig Cage with Grip Sony ZV-E10 3538
7872	it-multimedia -> photo-video	SmallRig Low-profile NATO Rail 50mm
7873	it-multimedia -> photo-video	SmallRig Universal LWS Baseplate with Dual 15mm Rod Clamp
7874	it-multimedia -> photo-video	SmallRig Super Clamp
7875	it-multimedia -> photo-video	SmallRig Super Clamp
7877	it-multimedia -> photo-video	SmallRig Rhinoceros Cage Kit for Sony Alpha 7R V / Alpha 7 IV / Alpha 7S III
7878	it-multimedia -> photo-video	SmallRig Hochleistungs-Fluidkopfstativ AD-01
7879	it-multimedia -> photo-video	SmallRig Side Handle with Two in One Locating Screw
7880	it-multimedia -> photo-video	SmallRig 3668C Cage Kit for Sony Alpha
7881	it-multimedia -> photo-video	SmallRig Halterung iPad
7885	it-multimedia -> photo-video	SmallRig Tabletop Mini Tripod mit Panoramic Ball Head
7886	it-multimedia -> photo-video	SmallRig Multiprurpose U-Base 1674
7888	it-multimedia -> photo-video	SmallRig RM 40C
7890	it-multimedia -> photo-video	SmallRig Clamp Montage mit Schraube
7891	it-multimedia -> photo-video	SmallRig L-Shape Handle for Panasonic Lumix S9
7892	it-multimedia -> photo-video	SmallRig Krabbenklemme mit Magic Arm
7893	it-multimedia -> photo-video	SmallRig Krabbenklemme mit Magic Arm
7894	it-multimedia -> photo-video	SmallRig Cage for DJI Osmo Action 6
7895	it-multimedia -> photo-video	SmallRig Kameragurt 5209
7896	it-multimedia -> photo-video	SmallRig 4236C
7899	it-multimedia -> photo-video	SmallRig Multi-Functional Crab-Shaped Clamp
