50	screens-lcds
51	screens-lcds
52	screens-lcds
53	screens-lcds
54	screens-lcds
55	screens-lcds
56	screens-lcds
57	screens-lcds
58	screens-lcds
59	screens-lcds
60	screens-lcds
61	screens-lcds
62	screens-lcds
63	screens-lcds
64	screens-lcds
65	screens-lcds
66	screens-lcds
67	screens-lcds
68	screens-lcds
69	screens-lcds
70	screens-lcds
71	screens-lcds
72	screens-lcds
73	screens-lcds
74	screens-lcds
75	screens-lcds
76	screens-lcds
77	screens-lcds
78	screens-lcds
79	screens-lcds
80	screens-lcds
81	screens-lcds
82	screens-lcds
83	screens-lcds
84	screens-lcds
85	screens-lcds
86	screens-lcds
87	screens-lcds
88	screens-lcds
89	screens-lcds
330	screens-lcds
331	screens-lcds
332	cameras
333	cameras
334	batteries
335	back-glass-housings
336	back-glass-housings
337	back-glass-housings
338	back-glass-housings
339	back-glass-housings
340	small-parts-flex
341	charging-ports
342	screens-lcds
343	screens-lcds
344	screens-lcds
345	screens-lcds
346	screens-lcds
347	screens-lcds
348	back-glass-housings
349	back-glass-housings
350	back-glass-housings
351	back-glass-housings
352	back-glass-housings
353	small-parts-flex
354	cameras
355	charging-ports
356	batteries
357	screens-lcds
358	screens-lcds
359	screens-lcds
360	screens-lcds
361	screens-lcds
362	screens-lcds
363	back-glass-housings
364	back-glass-housings
365	small-parts-flex
366	cameras
367	charging-ports
368	batteries
369	screens-lcds
290	back-glass-housings
291	back-glass-housings
292	small-parts-flex
293	screens-lcds
294	screens-lcds
295	screens-lcds
296	screens-lcds
297	screens-lcds
298	cameras
299	cameras
300	batteries
301	back-glass-housings
302	back-glass-housings
303	back-glass-housings
304	back-glass-housings
305	back-glass-housings
306	back-glass-housings
307	small-parts-flex
308	charging-ports
309	screens-lcds
310	screens-lcds
311	screens-lcds
312	screens-lcds
313	screens-lcds
314	screens-lcds
315	tools-adhesives
316	back-glass-housings
317	back-glass-housings
318	back-glass-housings
319	back-glass-housings
320	back-glass-housings
321	small-parts-flex
322	cameras
323	cameras
324	charging-ports
325	batteries
326	screens-lcds
327	screens-lcds
328	screens-lcds
329	screens-lcds
90	screens-lcds
91	screens-lcds
92	screens-lcds
93	screens-lcds
94	screens-lcds
95	screens-lcds
96	screens-lcds
97	screens-lcds
98	screens-lcds
99	screens-lcds
100	screens-lcds
101	screens-lcds
102	screens-lcds
103	screens-lcds
104	screens-lcds
105	screens-lcds
106	screens-lcds
107	screens-lcds
108	screens-lcds
109	screens-lcds
110	screens-lcds
111	screens-lcds
112	screens-lcds
113	screens-lcds
114	screens-lcds
115	screens-lcds
116	screens-lcds
117	screens-lcds
118	screens-lcds
119	screens-lcds
120	screens-lcds
121	screens-lcds
122	screens-lcds
123	screens-lcds
124	screens-lcds
125	screens-lcds
126	screens-lcds
127	screens-lcds
128	screens-lcds
129	screens-lcds
170	apple-watch
171	apple-watch
172	apple-watch
173	apple-watch
174	apple-watch
175	apple-watch
176	apple-watch
177	apple-watch
178	apple-watch
179	apple-watch
180	apple-watch
181	apple-watch
182	apple-watch
183	apple-watch
184	apple-watch
185	apple-watch
186	apple-watch
187	apple-watch
188	apple-watch
189	apple-watch
190	apple-watch
191	apple-watch
192	apple-watch
193	apple-watch
194	apple-watch
195	apple-watch
196	apple-watch
197	apple-watch
198	apple-watch
199	apple-watch
200	apple-watch
201	apple-watch
202	apple-watch
203	apple-watch
204	apple-watch
205	apple-watch
206	screens-lcds
207	screens-lcds
208	screens-lcds
209	screens-lcds
250	batteries
251	cameras
252	cameras
253	small-parts-flex
254	screens-lcds
255	screens-lcds
256	screens-lcds
257	screens-lcds
258	small-parts-flex
259	batteries
260	back-glass-housings
261	back-glass-housings
262	small-parts-flex
263	screens-lcds
264	screens-lcds
265	cameras
266	cameras
267	back-glass-housings
268	tools-adhesives
269	back-glass-housings
270	back-glass-housings
271	back-glass-housings
272	back-glass-housings
273	back-glass-housings
274	small-parts-flex
275	batteries
276	back-glass-housings
277	back-glass-housings
278	back-glass-housings
279	back-glass-housings
280	back-glass-housings
281	small-parts-flex
282	cameras
283	batteries
284	cameras
285	tools-adhesives
286	batteries
287	back-glass-housings
288	back-glass-housings
289	back-glass-housings
130	screens-lcds
131	screens-lcds
132	screens-lcds
133	screens-lcds
134	screens-lcds
135	screens-lcds
136	screens-lcds
137	screens-lcds
138	screens-lcds
139	screens-lcds
140	screens-lcds
141	screens-lcds
142	screens-lcds
143	screens-lcds
144	screens-lcds
145	screens-lcds
146	screens-lcds
147	screens-lcds
148	screens-lcds
149	apple-watch
150	apple-watch
151	apple-watch
152	apple-watch
153	apple-watch
154	apple-watch
155	apple-watch
156	apple-watch
157	apple-watch
158	apple-watch
159	apple-watch
160	apple-watch
161	apple-watch
162	apple-watch
163	apple-watch
164	apple-watch
165	apple-watch
166	apple-watch
167	apple-watch
168	apple-watch
169	apple-watch
210	screens-lcds
211	screens-lcds
212	batteries
213	back-glass-housings
214	back-glass-housings
215	back-glass-housings
216	back-glass-housings
217	back-glass-housings
218	small-parts-flex
219	cameras
220	charging-ports
221	back-glass-housings
222	screens-lcds
223	screens-lcds
224	charging-ports
225	cameras
226	cameras
227	cameras
228	cameras
229	cameras
230	batteries
231	back-glass-housings
232	back-glass-housings
233	screens-lcds
234	screens-lcds
235	screens-lcds
236	screens-lcds
237	batteries
238	charging-ports
239	cameras
240	small-parts-flex
241	back-glass-housings
242	back-glass-housings
243	back-glass-housings
244	back-glass-housings
245	back-glass-housings
246	back-glass-housings
247	back-glass-housings
248	back-glass-housings
249	tools-adhesives
410	back-glass-housings
411	back-glass-housings
412	cameras
413	cameras
414	small-parts-flex
415	back-glass-housings
416	batteries
417	back-glass-housings
418	screens-lcds
419	screens-lcds
420	screens-lcds
421	charging-ports
422	back-glass-housings
423	back-glass-housings
424	back-glass-housings
425	back-glass-housings
426	back-glass-housings
427	back-glass-housings
428	back-glass-housings
429	screens-lcds
430	screens-lcds
431	back-glass-housings
432	back-glass-housings
433	back-glass-housings
434	back-glass-housings
435	screens-lcds
436	screens-lcds
437	screens-lcds
438	screens-lcds
439	back-glass-housings
440	back-glass-housings
441	back-glass-housings
442	cameras
443	cameras
444	batteries
445	screens-lcds
446	batteries
447	screens-lcds
448	cameras
449	cameras
370	screens-lcds
371	screens-lcds
372	back-glass-housings
373	back-glass-housings
374	back-glass-housings
375	back-glass-housings
376	small-parts-flex
377	cameras
378	cameras
379	charging-ports
380	batteries
381	screens-lcds
382	screens-lcds
383	batteries
384	back-glass-housings
385	back-glass-housings
386	back-glass-housings
387	cameras
388	small-parts-flex
389	cameras
390	charging-ports
391	screens-lcds
392	charging-ports
393	batteries
394	back-glass-housings
395	back-glass-housings
396	back-glass-housings
397	batteries
398	back-glass-housings
399	small-parts-flex
400	cameras
401	charging-ports
402	batteries
403	back-glass-housings
404	back-glass-housings
405	back-glass-housings
406	small-parts-flex
407	cameras
408	charging-ports
409	tools-adhesives
450	batteries
451	back-glass-housings
452	back-glass-housings
453	back-glass-housings
454	charging-ports
455	batteries
456	back-glass-housings
457	cameras
458	cameras
459	charging-ports
460	cameras
461	back-glass-housings
462	back-glass-housings
463	back-glass-housings
464	cameras
465	cameras
466	screens-lcds
467	small-parts-flex
468	cameras
469	charging-ports
470	screens-lcds
471	screens-lcds
472	cameras
473	cameras
474	charging-ports
475	cameras
476	cameras
477	cameras
478	cameras
479	cameras
480	cameras
481	charging-ports
482	back-glass-housings
483	back-glass-housings
484	back-glass-housings
485	cameras
486	cameras
487	charging-ports
488	batteries
489	screens-lcds
490	screens-lcds
491	back-glass-housings
492	back-glass-housings
493	back-glass-housings
494	cameras
495	cameras
496	batteries
497	screens-lcds
498	back-glass-housings
499	back-glass-housings
500	back-glass-housings
501	back-glass-housings
502	back-glass-housings
503	cameras
504	cameras
505	charging-ports
506	small-parts-flex
507	screens-lcds
508	screens-lcds
509	screens-lcds
510	back-glass-housings
511	back-glass-housings
512	back-glass-housings
513	cameras
514	cameras
515	charging-ports
516	batteries
517	screens-lcds
518	back-glass-housings
519	back-glass-housings
520	back-glass-housings
521	back-glass-housings
522	cameras
523	cameras
524	charging-ports
525	batteries
526	screens-lcds
527	back-glass-housings
528	back-glass-housings
529	back-glass-housings
530	back-glass-housings
531	charging-ports
532	cameras
533	cameras
534	batteries
535	screens-lcds
536	cameras
537	back-glass-housings
538	back-glass-housings
539	back-glass-housings
540	back-glass-housings
541	back-glass-housings
542	back-glass-housings
543	cameras
544	charging-ports
545	batteries
546	screens-lcds
547	screens-lcds
548	screens-lcds
549	charging-ports
550	screens-lcds
551	back-glass-housings
552	back-glass-housings
553	back-glass-housings
554	cameras
555	cameras
556	charging-ports
557	screens-lcds
558	screens-lcds
559	screens-lcds
560	screens-lcds
561	screens-lcds
562	back-glass-housings
563	back-glass-housings
564	batteries
565	charging-ports
566	small-parts-flex
567	small-parts-flex
568	small-parts-flex
569	small-parts-flex
650	screens-lcds
651	screens-lcds
652	small-parts-flex
653	small-parts-flex
654	small-parts-flex
655	small-parts-flex
656	small-parts-flex
657	small-parts-flex
658	small-parts-flex
659	small-parts-flex
660	small-parts-flex
661	small-parts-flex
662	small-parts-flex
663	small-parts-flex
664	small-parts-flex
665	small-parts-flex
666	small-parts-flex
667	small-parts-flex
668	cameras
669	small-parts-flex
670	small-parts-flex
671	small-parts-flex
672	small-parts-flex
673	small-parts-flex
674	charging-ports
675	charging-ports
676	batteries
677	screens-lcds
678	screens-lcds
679	screens-lcds
680	small-parts-flex
681	small-parts-flex
682	small-parts-flex
683	small-parts-flex
684	small-parts-flex
685	small-parts-flex
686	screens-lcds
687	small-parts-flex
688	small-parts-flex
689	small-parts-flex
610	small-parts-flex
611	small-parts-flex
612	small-parts-flex
613	small-parts-flex
614	small-parts-flex
615	small-parts-flex
616	small-parts-flex
617	small-parts-flex
618	small-parts-flex
619	small-parts-flex
620	small-parts-flex
621	small-parts-flex
622	small-parts-flex
623	small-parts-flex
624	small-parts-flex
625	small-parts-flex
626	small-parts-flex
627	cameras
628	cameras
629	small-parts-flex
630	small-parts-flex
631	small-parts-flex
632	charging-ports
633	charging-ports
634	charging-ports
635	batteries
636	screens-lcds
637	screens-lcds
638	screens-lcds
639	tools-adhesives
640	small-parts-flex
641	small-parts-flex
642	small-parts-flex
643	small-parts-flex
644	cameras
645	small-parts-flex
646	cameras
647	small-parts-flex
648	small-parts-flex
649	batteries
570	small-parts-flex
571	small-parts-flex
572	small-parts-flex
573	small-parts-flex
574	small-parts-flex
575	small-parts-flex
576	small-parts-flex
577	small-parts-flex
578	cameras
579	cameras
580	charging-ports
581	charging-ports
582	batteries
583	screens-lcds
584	screens-lcds
585	screens-lcds
586	small-parts-flex
587	tools-adhesives
588	small-parts-flex
589	small-parts-flex
590	small-parts-flex
591	small-parts-flex
592	small-parts-flex
593	charging-ports
594	charging-ports
595	batteries
596	screens-lcds
597	small-parts-flex
598	small-parts-flex
599	small-parts-flex
600	small-parts-flex
601	small-parts-flex
602	small-parts-flex
603	screens-lcds
604	screens-lcds
605	tools-adhesives
606	small-parts-flex
607	small-parts-flex
608	small-parts-flex
609	small-parts-flex
810	screens-lcds
811	screens-lcds
812	screens-lcds
813	tools-adhesives
814	small-parts-flex
815	tools-adhesives
816	tools-adhesives
817	small-parts-flex
818	screens-lcds
819	small-parts-flex
820	small-parts-flex
821	small-parts-flex
822	small-parts-flex
823	small-parts-flex
824	small-parts-flex
825	small-parts-flex
826	small-parts-flex
827	small-parts-flex
828	small-parts-flex
829	small-parts-flex
830	small-parts-flex
831	small-parts-flex
832	cameras
833	cameras
834	cameras
835	cameras
836	cameras
837	small-parts-flex
838	small-parts-flex
839	small-parts-flex
840	small-parts-flex
841	charging-ports
842	charging-ports
843	charging-ports
844	batteries
845	screens-lcds
846	screens-lcds
847	small-parts-flex
848	small-parts-flex
849	small-parts-flex
770	cameras
771	charging-ports
772	screens-lcds
773	cameras
774	small-parts-flex
775	charging-ports
776	small-parts-flex
777	small-parts-flex
778	small-parts-flex
779	cameras
780	small-parts-flex
781	small-parts-flex
782	small-parts-flex
783	small-parts-flex
784	small-parts-flex
785	small-parts-flex
786	small-parts-flex
787	small-parts-flex
788	screens-lcds
789	screens-lcds
790	screens-lcds
791	small-parts-flex
792	small-parts-flex
793	small-parts-flex
794	small-parts-flex
795	small-parts-flex
796	small-parts-flex
797	small-parts-flex
798	small-parts-flex
799	small-parts-flex
800	small-parts-flex
801	charging-ports
802	small-parts-flex
803	charging-ports
804	charging-ports
805	charging-ports
806	small-parts-flex
807	small-parts-flex
808	small-parts-flex
809	small-parts-flex
730	batteries
731	batteries
732	tools-adhesives
733	small-parts-flex
734	small-parts-flex
735	small-parts-flex
736	small-parts-flex
737	small-parts-flex
738	small-parts-flex
739	small-parts-flex
740	small-parts-flex
741	small-parts-flex
742	back-glass-housings
743	back-glass-housings
744	small-parts-flex
745	small-parts-flex
746	small-parts-flex
747	small-parts-flex
748	small-parts-flex
749	small-parts-flex
750	small-parts-flex
751	small-parts-flex
752	cameras
753	cameras
754	charging-ports
755	batteries
756	screens-lcds
757	screens-lcds
758	screens-lcds
759	screens-lcds
760	small-parts-flex
761	small-parts-flex
762	small-parts-flex
763	back-glass-housings
764	back-glass-housings
765	small-parts-flex
766	small-parts-flex
767	small-parts-flex
768	small-parts-flex
769	cameras
690	small-parts-flex
691	small-parts-flex
692	small-parts-flex
693	small-parts-flex
694	small-parts-flex
695	small-parts-flex
696	small-parts-flex
697	small-parts-flex
698	small-parts-flex
699	small-parts-flex
700	small-parts-flex
701	small-parts-flex
702	small-parts-flex
703	small-parts-flex
704	charging-ports
705	charging-ports
706	batteries
707	screens-lcds
708	screens-lcds
709	tools-adhesives
710	small-parts-flex
711	small-parts-flex
712	small-parts-flex
713	small-parts-flex
714	small-parts-flex
715	small-parts-flex
716	cameras
717	small-parts-flex
718	small-parts-flex
719	small-parts-flex
720	small-parts-flex
721	small-parts-flex
722	small-parts-flex
723	charging-ports
724	small-parts-flex
725	small-parts-flex
726	small-parts-flex
727	small-parts-flex
728	small-parts-flex
729	charging-ports
850	small-parts-flex
851	small-parts-flex
852	small-parts-flex
853	small-parts-flex
854	small-parts-flex
855	small-parts-flex
856	small-parts-flex
857	small-parts-flex
858	small-parts-flex
859	small-parts-flex
860	cameras
861	small-parts-flex
862	small-parts-flex
863	batteries
864	charging-ports
865	screens-lcds
866	screens-lcds
867	screens-lcds
868	screens-lcds
869	small-parts-flex
870	small-parts-flex
871	cameras
872	small-parts-flex
873	small-parts-flex
874	small-parts-flex
875	small-parts-flex
876	small-parts-flex
877	small-parts-flex
878	small-parts-flex
879	cameras
880	charging-ports
881	charging-ports
882	screens-lcds
883	small-parts-flex
884	tools-adhesives
885	small-parts-flex
886	small-parts-flex
887	small-parts-flex
888	small-parts-flex
889	small-parts-flex
970	small-parts-flex
971	small-parts-flex
972	small-parts-flex
973	batteries
974	charging-ports
975	charging-ports
976	small-parts-flex
977	small-parts-flex
978	small-parts-flex
979	cameras
980	small-parts-flex
981	small-parts-flex
982	small-parts-flex
983	small-parts-flex
984	small-parts-flex
985	small-parts-flex
986	small-parts-flex
987	small-parts-flex
988	small-parts-flex
989	small-parts-flex
990	small-parts-flex
991	small-parts-flex
992	small-parts-flex
993	charging-ports
994	charging-ports
995	small-parts-flex
996	small-parts-flex
997	cameras
998	small-parts-flex
999	small-parts-flex
1000	charging-ports
1001	charging-ports
1002	charging-ports
1003	charging-ports
1004	small-parts-flex
1005	small-parts-flex
1006	small-parts-flex
1007	small-parts-flex
1008	small-parts-flex
1009	cameras
890	small-parts-flex
891	cameras
892	small-parts-flex
893	small-parts-flex
894	small-parts-flex
895	small-parts-flex
896	small-parts-flex
897	small-parts-flex
898	small-parts-flex
899	small-parts-flex
900	small-parts-flex
901	small-parts-flex
902	small-parts-flex
903	charging-ports
904	charging-ports
905	batteries
906	screens-lcds
907	screens-lcds
908	small-parts-flex
909	small-parts-flex
910	small-parts-flex
911	cameras
912	cameras
913	cameras
914	cameras
915	small-parts-flex
916	small-parts-flex
917	small-parts-flex
918	small-parts-flex
919	small-parts-flex
920	charging-ports
921	charging-ports
922	charging-ports
923	charging-ports
924	batteries
925	screens-lcds
926	screens-lcds
927	screens-lcds
928	small-parts-flex
929	small-parts-flex
1010	small-parts-flex
1011	small-parts-flex
1012	small-parts-flex
1013	small-parts-flex
1014	small-parts-flex
1015	charging-ports
1016	charging-ports
1017	charging-ports
1018	charging-ports
1019	charging-ports
1020	charging-ports
1021	small-parts-flex
1022	small-parts-flex
1023	small-parts-flex
1024	small-parts-flex
1025	small-parts-flex
1026	cameras
1027	cameras
1028	small-parts-flex
1029	small-parts-flex
1030	small-parts-flex
1031	small-parts-flex
1032	small-parts-flex
1033	small-parts-flex
1034	small-parts-flex
1035	cameras
1036	cameras
1037	cameras
1038	cameras
1039	cameras
1040	small-parts-flex
1041	small-parts-flex
1042	small-parts-flex
1043	small-parts-flex
1044	small-parts-flex
1045	small-parts-flex
1046	small-parts-flex
1047	small-parts-flex
1048	tools-adhesives
1049	batteries
1090	small-parts-flex
1091	small-parts-flex
1092	small-parts-flex
1093	small-parts-flex
1094	cameras
1095	small-parts-flex
1096	small-parts-flex
1097	small-parts-flex
1098	small-parts-flex
1099	small-parts-flex
1100	small-parts-flex
1101	small-parts-flex
1102	small-parts-flex
1103	small-parts-flex
1104	small-parts-flex
1105	tools-adhesives
1106	charging-ports
1107	charging-ports
1108	charging-ports
1109	charging-ports
1110	charging-ports
1111	charging-ports
1112	cameras
1113	cameras
1114	small-parts-flex
1115	small-parts-flex
1116	small-parts-flex
1117	small-parts-flex
1118	small-parts-flex
1119	small-parts-flex
1120	small-parts-flex
1121	small-parts-flex
1122	cameras
1123	small-parts-flex
1124	small-parts-flex
1125	small-parts-flex
1126	small-parts-flex
1127	small-parts-flex
1128	small-parts-flex
1129	small-parts-flex
1050	charging-ports
1051	charging-ports
1052	charging-ports
1053	charging-ports
1054	charging-ports
1055	charging-ports
1056	small-parts-flex
1057	cameras
1058	small-parts-flex
1059	small-parts-flex
1060	small-parts-flex
1061	small-parts-flex
1062	cameras
1063	cameras
1064	cameras
1065	cameras
1066	cameras
1067	cameras
1068	small-parts-flex
1069	small-parts-flex
1070	small-parts-flex
1071	small-parts-flex
1072	small-parts-flex
1073	small-parts-flex
1074	small-parts-flex
1075	charging-ports
1076	charging-ports
1077	charging-ports
1078	charging-ports
1079	charging-ports
1080	charging-ports
1081	small-parts-flex
1082	small-parts-flex
1083	small-parts-flex
1084	small-parts-flex
1085	cameras
1086	small-parts-flex
1087	small-parts-flex
1088	small-parts-flex
1089	small-parts-flex
1130	small-parts-flex
1131	small-parts-flex
1132	small-parts-flex
1133	small-parts-flex
1134	small-parts-flex
1135	tools-adhesives
1136	charging-ports
1137	charging-ports
1138	charging-ports
1139	charging-ports
1140	charging-ports
1141	charging-ports
1142	small-parts-flex
1143	small-parts-flex
1144	cameras
1145	small-parts-flex
1146	small-parts-flex
1147	small-parts-flex
1148	cameras
1149	cameras
1150	cameras
1151	small-parts-flex
1152	small-parts-flex
1153	tools-adhesives
1154	small-parts-flex
1155	small-parts-flex
1156	small-parts-flex
1157	small-parts-flex
1158	small-parts-flex
1159	small-parts-flex
1160	small-parts-flex
1161	small-parts-flex
1162	small-parts-flex
1163	tools-adhesives
1164	charging-ports
1165	charging-ports
1166	charging-ports
1167	charging-ports
1168	charging-ports
1169	charging-ports
1170	small-parts-flex
1171	small-parts-flex
1172	cameras
1173	small-parts-flex
1174	small-parts-flex
1175	small-parts-flex
1176	small-parts-flex
1177	small-parts-flex
1178	small-parts-flex
1179	small-parts-flex
1180	small-parts-flex
1181	cameras
1182	cameras
1183	cameras
1184	small-parts-flex
1185	small-parts-flex
1186	small-parts-flex
1187	small-parts-flex
1188	small-parts-flex
1189	small-parts-flex
1190	small-parts-flex
1191	small-parts-flex
1192	small-parts-flex
1193	small-parts-flex
1194	small-parts-flex
1195	small-parts-flex
1196	small-parts-flex
1197	small-parts-flex
1198	small-parts-flex
1199	small-parts-flex
1200	small-parts-flex
1201	small-parts-flex
1202	cameras
1203	cameras
1204	cameras
1205	cameras
1206	back-glass-housings
1207	back-glass-housings
1208	back-glass-housings
1209	back-glass-housings
930	small-parts-flex
931	small-parts-flex
932	small-parts-flex
933	batteries
934	screens-lcds
935	screens-lcds
936	screens-lcds
937	screens-lcds
938	screens-lcds
939	batteries
940	charging-ports
941	charging-ports
942	small-parts-flex
943	small-parts-flex
944	cameras
945	cameras
946	small-parts-flex
947	small-parts-flex
948	small-parts-flex
949	small-parts-flex
950	small-parts-flex
951	small-parts-flex
952	small-parts-flex
953	small-parts-flex
954	small-parts-flex
955	small-parts-flex
956	tools-adhesives
957	batteries
958	charging-ports
959	cameras
960	cameras
961	small-parts-flex
962	small-parts-flex
963	small-parts-flex
964	small-parts-flex
965	small-parts-flex
966	small-parts-flex
967	small-parts-flex
968	small-parts-flex
969	small-parts-flex
1210	back-glass-housings
1211	back-glass-housings
1212	back-glass-housings
1213	small-parts-flex
1214	small-parts-flex
1215	small-parts-flex
1216	small-parts-flex
1217	small-parts-flex
1218	small-parts-flex
1219	small-parts-flex
1220	small-parts-flex
1221	charging-ports
1222	charging-ports
1223	charging-ports
1224	charging-ports
1225	charging-ports
1226	charging-ports
1227	small-parts-flex
1228	cameras
1229	small-parts-flex
1230	small-parts-flex
1231	small-parts-flex
1232	small-parts-flex
1233	small-parts-flex
1234	cameras
1235	cameras
1236	cameras
1237	cameras
1238	back-glass-housings
1239	back-glass-housings
1240	back-glass-housings
1241	back-glass-housings
1242	back-glass-housings
1243	back-glass-housings
1244	small-parts-flex
1245	small-parts-flex
1246	back-glass-housings
1247	small-parts-flex
1248	small-parts-flex
1249	small-parts-flex
1250	small-parts-flex
1251	small-parts-flex
1252	small-parts-flex
1253	tools-adhesives
1254	tools-adhesives
1255	tools-adhesives
1256	small-parts-flex
1257	charging-ports
1258	charging-ports
1259	cameras
1260	cameras
1261	small-parts-flex
1262	small-parts-flex
1263	small-parts-flex
1264	small-parts-flex
1265	small-parts-flex
1266	small-parts-flex
1267	cameras
1268	cameras
1269	cameras
1270	cameras
1271	cameras
1272	back-glass-housings
1273	back-glass-housings
1274	back-glass-housings
1275	back-glass-housings
1276	small-parts-flex
1277	small-parts-flex
1278	small-parts-flex
1279	small-parts-flex
1280	small-parts-flex
1281	small-parts-flex
1282	small-parts-flex
1283	small-parts-flex
1284	small-parts-flex
1285	small-parts-flex
1286	tools-adhesives
1287	tools-adhesives
1288	small-parts-flex
1289	charging-ports
1290	charging-ports
1291	charging-ports
1292	charging-ports
1293	charging-ports
1294	charging-ports
1295	charging-ports
1296	charging-ports
1297	charging-ports
1298	charging-ports
1299	charging-ports
1300	charging-ports
1301	cameras
1302	cameras
1303	cameras
1304	small-parts-flex
1305	small-parts-flex
1306	small-parts-flex
1307	small-parts-flex
1308	small-parts-flex
1309	cameras
1310	cameras
1311	cameras
1312	cameras
1313	cameras
1314	cameras
1315	cameras
1316	cameras
1317	back-glass-housings
1318	back-glass-housings
1319	back-glass-housings
1320	back-glass-housings
1321	back-glass-housings
1322	back-glass-housings
1323	back-glass-housings
1324	back-glass-housings
1325	back-glass-housings
1326	back-glass-housings
1327	back-glass-housings
1328	back-glass-housings
1329	small-parts-flex
1410	small-parts-flex
1411	small-parts-flex
1412	small-parts-flex
1413	small-parts-flex
1414	small-parts-flex
1415	small-parts-flex
1416	small-parts-flex
1417	small-parts-flex
1418	small-parts-flex
1419	small-parts-flex
1420	small-parts-flex
1421	charging-ports
1422	charging-ports
1423	charging-ports
1424	charging-ports
1425	charging-ports
1426	charging-ports
1427	small-parts-flex
1428	cameras
1429	cameras
1430	small-parts-flex
1431	small-parts-flex
1432	small-parts-flex
1433	small-parts-flex
1434	small-parts-flex
1435	cameras
1436	cameras
1437	cameras
1438	cameras
1439	cameras
1440	cameras
1441	back-glass-housings
1442	back-glass-housings
1443	back-glass-housings
1444	back-glass-housings
1445	back-glass-housings
1446	back-glass-housings
1447	small-parts-flex
1448	small-parts-flex
1449	small-parts-flex
1370	back-glass-housings
1371	back-glass-housings
1372	back-glass-housings
1373	small-parts-flex
1374	small-parts-flex
1375	small-parts-flex
1376	small-parts-flex
1377	small-parts-flex
1378	back-glass-housings
1379	small-parts-flex
1380	small-parts-flex
1381	small-parts-flex
1382	small-parts-flex
1383	small-parts-flex
1384	small-parts-flex
1385	small-parts-flex
1386	small-parts-flex
1387	small-parts-flex
1388	tools-adhesives
1389	charging-ports
1390	charging-ports
1391	charging-ports
1392	charging-ports
1393	charging-ports
1394	charging-ports
1395	cameras
1396	cameras
1397	small-parts-flex
1398	small-parts-flex
1399	small-parts-flex
1400	back-glass-housings
1401	back-glass-housings
1402	back-glass-housings
1403	back-glass-housings
1404	back-glass-housings
1405	small-parts-flex
1406	back-glass-housings
1407	small-parts-flex
1408	small-parts-flex
1409	small-parts-flex
1530	small-parts-flex
1531	small-parts-flex
1532	small-parts-flex
1533	small-parts-flex
1534	small-parts-flex
1535	small-parts-flex
1536	small-parts-flex
1537	small-parts-flex
1538	small-parts-flex
1539	small-parts-flex
1540	small-parts-flex
1541	small-parts-flex
1542	small-parts-flex
1543	small-parts-flex
1544	screens-lcds
1545	small-parts-flex
1546	small-parts-flex
1547	small-parts-flex
1548	small-parts-flex
1549	small-parts-flex
1550	small-parts-flex
1551	small-parts-flex
1552	charging-ports
1553	charging-ports
1554	charging-ports
1555	charging-ports
1556	cameras
1557	small-parts-flex
1558	small-parts-flex
1559	small-parts-flex
1560	small-parts-flex
1561	small-parts-flex
1562	small-parts-flex
1563	cameras
1564	cameras
1565	cameras
1566	cameras
1567	cameras
1568	cameras
1569	small-parts-flex
1450	small-parts-flex
1451	small-parts-flex
1452	small-parts-flex
1453	small-parts-flex
1454	small-parts-flex
1455	small-parts-flex
1456	small-parts-flex
1457	small-parts-flex
1458	small-parts-flex
1459	small-parts-flex
1460	small-parts-flex
1461	small-parts-flex
1462	small-parts-flex
1463	small-parts-flex
1464	small-parts-flex
1465	small-parts-flex
1466	tools-adhesives
1467	charging-ports
1468	charging-ports
1469	charging-ports
1470	charging-ports
1471	cameras
1472	cameras
1473	small-parts-flex
1474	small-parts-flex
1475	small-parts-flex
1476	small-parts-flex
1477	small-parts-flex
1478	cameras
1479	cameras
1480	cameras
1481	cameras
1482	cameras
1483	cameras
1484	back-glass-housings
1485	back-glass-housings
1486	back-glass-housings
1487	back-glass-housings
1488	small-parts-flex
1489	small-parts-flex
1330	small-parts-flex
1331	small-parts-flex
1332	small-parts-flex
1333	small-parts-flex
1334	small-parts-flex
1335	small-parts-flex
1336	back-glass-housings
1337	small-parts-flex
1338	small-parts-flex
1339	small-parts-flex
1340	small-parts-flex
1341	small-parts-flex
1342	small-parts-flex
1343	small-parts-flex
1344	small-parts-flex
1345	small-parts-flex
1346	small-parts-flex
1347	small-parts-flex
1348	small-parts-flex
1349	tools-adhesives
1350	cameras
1351	charging-ports
1352	charging-ports
1353	charging-ports
1354	charging-ports
1355	charging-ports
1356	charging-ports
1357	cameras
1358	cameras
1359	small-parts-flex
1360	small-parts-flex
1361	small-parts-flex
1362	small-parts-flex
1363	small-parts-flex
1364	cameras
1365	cameras
1366	cameras
1367	cameras
1368	back-glass-housings
1369	back-glass-housings
1570	small-parts-flex
1571	small-parts-flex
1572	small-parts-flex
1573	small-parts-flex
1574	small-parts-flex
1575	small-parts-flex
1576	small-parts-flex
1577	charging-ports
1578	cameras
1579	small-parts-flex
1580	cameras
1581	cameras
1582	cameras
1583	cameras
1584	cameras
1585	small-parts-flex
1586	small-parts-flex
1587	small-parts-flex
1588	small-parts-flex
1589	small-parts-flex
1590	small-parts-flex
1591	small-parts-flex
1592	small-parts-flex
1593	charging-ports
1594	charging-ports
1595	charging-ports
1596	charging-ports
1597	cameras
1598	small-parts-flex
1599	small-parts-flex
1600	small-parts-flex
1601	small-parts-flex
1602	small-parts-flex
1603	small-parts-flex
1604	cameras
1605	cameras
1606	cameras
1607	cameras
1608	cameras
1609	cameras
1490	small-parts-flex
1491	small-parts-flex
1492	small-parts-flex
1493	small-parts-flex
1494	small-parts-flex
1495	small-parts-flex
1496	small-parts-flex
1497	small-parts-flex
1498	small-parts-flex
1499	small-parts-flex
1500	small-parts-flex
1501	small-parts-flex
1502	small-parts-flex
1503	small-parts-flex
1504	small-parts-flex
1505	charging-ports
1506	charging-ports
1507	charging-ports
1508	charging-ports
1509	small-parts-flex
1510	cameras
1511	small-parts-flex
1512	small-parts-flex
1513	small-parts-flex
1514	small-parts-flex
1515	back-glass-housings
1516	back-glass-housings
1517	back-glass-housings
1518	back-glass-housings
1519	small-parts-flex
1520	small-parts-flex
1521	small-parts-flex
1522	small-parts-flex
1523	small-parts-flex
1524	charging-ports
1525	charging-ports
1526	charging-ports
1527	charging-ports
1528	cameras
1529	cameras
1610	back-glass-housings
1611	back-glass-housings
1612	back-glass-housings
1613	back-glass-housings
1614	small-parts-flex
1615	small-parts-flex
1616	small-parts-flex
1617	small-parts-flex
1618	back-glass-housings
1619	back-glass-housings
1620	back-glass-housings
1621	back-glass-housings
1622	back-glass-housings
1623	back-glass-housings
1624	back-glass-housings
1625	back-glass-housings
1626	back-glass-housings
1627	back-glass-housings
1628	back-glass-housings
1629	back-glass-housings
1630	back-glass-housings
1631	back-glass-housings
1632	back-glass-housings
1633	back-glass-housings
1634	back-glass-housings
1635	back-glass-housings
1636	back-glass-housings
1637	back-glass-housings
1638	back-glass-housings
1639	back-glass-housings
1640	back-glass-housings
1641	back-glass-housings
1642	back-glass-housings
1643	back-glass-housings
1644	back-glass-housings
1645	back-glass-housings
1646	back-glass-housings
1647	back-glass-housings
1648	back-glass-housings
1649	back-glass-housings
1730	screens-lcds
1731	screens-lcds
1732	screens-lcds
1733	screens-lcds
1734	screens-lcds
1735	screens-lcds
1736	screens-lcds
1737	screens-lcds
1738	screens-lcds
1739	screens-lcds
1740	screens-lcds
1741	screens-lcds
1742	screens-lcds
1743	screens-lcds
1744	screens-lcds
1745	screens-lcds
1746	screens-lcds
1747	screens-lcds
1748	screens-lcds
1749	screens-lcds
1750	screens-lcds
1751	screens-lcds
1752	screens-lcds
1753	screens-lcds
1754	screens-lcds
1755	screens-lcds
1756	screens-lcds
1757	screens-lcds
1758	screens-lcds
1759	screens-lcds
1760	screens-lcds
1761	screens-lcds
1762	screens-lcds
1763	screens-lcds
1764	screens-lcds
1765	screens-lcds
1766	screens-lcds
1767	screens-lcds
1768	screens-lcds
1769	screens-lcds
1650	back-glass-housings
1651	back-glass-housings
1652	back-glass-housings
1653	back-glass-housings
1654	back-glass-housings
1655	back-glass-housings
1656	back-glass-housings
1657	back-glass-housings
1658	back-glass-housings
1659	back-glass-housings
1660	back-glass-housings
1661	back-glass-housings
1662	back-glass-housings
1663	back-glass-housings
1664	back-glass-housings
1665	back-glass-housings
1666	back-glass-housings
1667	back-glass-housings
1668	back-glass-housings
1669	back-glass-housings
1670	screens-lcds
1671	screens-lcds
1672	back-glass-housings
1673	back-glass-housings
1674	batteries
1675	screens-lcds
1676	back-glass-housings
1677	back-glass-housings
1678	back-glass-housings
1679	back-glass-housings
1680	back-glass-housings
1681	back-glass-housings
1682	batteries
1683	cameras
1684	cameras
1685	cameras
1686	cameras
1687	charging-ports
1688	screens-lcds
1689	screens-lcds
1690	screens-lcds
1691	screens-lcds
1692	back-glass-housings
1693	back-glass-housings
1694	back-glass-housings
1695	back-glass-housings
1696	back-glass-housings
1697	batteries
1698	cameras
1699	charging-ports
1700	screens-lcds
1701	screens-lcds
1702	screens-lcds
1703	screens-lcds
1704	screens-lcds
1705	screens-lcds
1706	back-glass-housings
1707	back-glass-housings
1708	back-glass-housings
1709	back-glass-housings
1710	batteries
1711	cameras
1712	cameras
1713	cameras
1714	charging-ports
1715	screens-lcds
1716	screens-lcds
1717	screens-lcds
1718	screens-lcds
1719	screens-lcds
1720	screens-lcds
1721	screens-lcds
1722	screens-lcds
1723	cameras
1724	cameras
1725	back-glass-housings
1726	back-glass-housings
1727	back-glass-housings
1728	screens-lcds
1729	screens-lcds
1770	screens-lcds
1771	screens-lcds
1772	screens-lcds
1773	screens-lcds
1774	screens-lcds
1775	screens-lcds
1776	screens-lcds
1777	screens-lcds
1778	screens-lcds
1779	screens-lcds
1780	screens-lcds
1781	screens-lcds
1782	screens-lcds
1783	screens-lcds
1784	screens-lcds
1785	screens-lcds
1786	screens-lcds
1787	screens-lcds
1788	screens-lcds
1789	screens-lcds
1790	screens-lcds
1791	screens-lcds
1792	screens-lcds
1793	screens-lcds
1794	screens-lcds
1795	screens-lcds
1796	screens-lcds
1797	screens-lcds
1798	screens-lcds
1799	screens-lcds
1800	screens-lcds
1801	screens-lcds
1802	screens-lcds
1803	screens-lcds
1804	screens-lcds
1805	screens-lcds
1806	screens-lcds
1807	back-glass-housings
1808	small-parts-flex
1809	cameras
1810	cameras
1811	charging-ports
1812	batteries
1813	screens-lcds
1814	small-parts-flex
1815	small-parts-flex
1816	small-parts-flex
1817	small-parts-flex
1818	small-parts-flex
1819	small-parts-flex
1820	small-parts-flex
1821	small-parts-flex
1822	small-parts-flex
1823	small-parts-flex
1824	screens-lcds
1825	screens-lcds
1826	screens-lcds
1827	screens-lcds
1828	screens-lcds
1829	screens-lcds
1830	screens-lcds
1831	screens-lcds
1832	screens-lcds
1833	screens-lcds
1834	screens-lcds
1835	screens-lcds
1836	screens-lcds
1837	screens-lcds
1838	screens-lcds
1839	screens-lcds
1840	screens-lcds
1841	screens-lcds
1842	screens-lcds
1843	screens-lcds
1844	screens-lcds
1845	screens-lcds
1846	screens-lcds
1847	screens-lcds
1848	screens-lcds
1849	screens-lcds
1850	screens-lcds
1851	batteries
1852	batteries
1853	batteries
1854	batteries
1855	batteries
1856	batteries
1857	batteries
1858	batteries
1859	batteries
1860	batteries
1861	batteries
1862	batteries
1863	batteries
1864	batteries
1865	batteries
1866	batteries
1867	batteries
1868	batteries
1869	batteries
1870	batteries
1871	batteries
1872	batteries
1873	batteries
1874	batteries
1875	batteries
1876	batteries
1877	batteries
1878	batteries
1879	cables-adapters
1880	cables-adapters
1881	cables-adapters
1882	cables-adapters
1883	chargers-power
1884	chargers-power
1885	cables-adapters
1886	it-multimedia
1887	cables-adapters
1888	cables-adapters
1889	chargers-power
1930	cables-adapters
1931	cables-adapters
1932	audio
1933	audio
1934	audio
1935	audio
1936	audio
1937	audio
1938	cables-adapters
1939	cables-adapters
1940	cables-adapters
1941	cables-adapters
1942	cables-adapters
1943	cables-adapters
1944	cables-adapters
1945	chargers-power
1946	chargers-power
1947	chargers-power
1948	chargers-power
1949	chargers-power
1950	audio
1951	audio
1952	cables-adapters
1953	chargers-power
1954	cables-adapters
1955	cables-adapters
1956	cables-adapters
1957	cables-adapters
1958	chargers-power
1959	chargers-power
1960	chargers-power
1961	chargers-power
1962	back-glass-housings
1963	back-glass-housings
1964	back-glass-housings
1965	back-glass-housings
1966	back-glass-housings
1967	back-glass-housings
1968	back-glass-housings
1969	back-glass-housings
1890	cables-adapters
1891	cables-adapters
1892	chargers-power
1893	chargers-power
1894	chargers-power
1895	chargers-power
1896	chargers-power
1897	cables-adapters
1898	cables-adapters
1899	chargers-power
1900	chargers-power
1901	chargers-power
1902	cables-adapters
1903	cables-adapters
1904	cables-adapters
1905	cables-adapters
1906	chargers-power
1907	chargers-power
1908	cables-adapters
1909	cables-adapters
1910	cables-adapters
1911	chargers-power
1912	chargers-power
1913	chargers-power
1914	chargers-power
1915	cables-adapters
1916	cables-adapters
1917	cables-adapters
1918	cables-adapters
1919	cables-adapters
1920	cables-adapters
1921	cables-adapters
1922	cables-adapters
1923	cables-adapters
1924	cables-adapters
1925	cables-adapters
1926	cables-adapters
1927	cables-adapters
1928	cables-adapters
1929	cables-adapters
2090	screens-lcds
2091	screens-lcds
2092	charging-ports
2093	charging-ports
2094	screens-lcds
2095	screens-lcds
2096	screens-lcds
2097	screens-lcds
2098	batteries
2099	batteries
2100	batteries
2101	batteries
2102	batteries
2103	batteries
2104	batteries
2105	batteries
2106	batteries
2107	batteries
2108	batteries
2109	batteries
2110	batteries
2111	batteries
2112	batteries
2113	batteries
2114	batteries
2115	batteries
2116	batteries
2117	batteries
2118	batteries
2119	screens-lcds
2120	screens-lcds
2121	screens-lcds
2122	screens-lcds
2123	back-glass-housings
2124	back-glass-housings
2125	back-glass-housings
2126	back-glass-housings
2127	cameras
2128	cameras
2129	batteries
2010	back-glass-housings
2011	tools-adhesives
2012	small-parts-flex
2013	small-parts-flex
2014	small-parts-flex
2015	small-parts-flex
2016	cameras
2017	cameras
2018	cameras
2019	cameras
2020	small-parts-flex
2021	small-parts-flex
2022	small-parts-flex
2023	cameras
2024	cameras
2025	charging-ports
2026	charging-ports
2027	charging-ports
2028	charging-ports
2029	screens-lcds
2030	screens-lcds
2031	back-glass-housings
2032	back-glass-housings
2033	back-glass-housings
2034	back-glass-housings
2035	back-glass-housings
2036	back-glass-housings
2037	back-glass-housings
2038	back-glass-housings
2039	small-parts-flex
2040	small-parts-flex
2041	small-parts-flex
2042	small-parts-flex
2043	cameras
2044	cameras
2045	cameras
2046	cameras
2047	small-parts-flex
2048	small-parts-flex
2049	small-parts-flex
2130	charging-ports
2131	screens-lcds
2132	back-glass-housings
2133	back-glass-housings
2134	back-glass-housings
2135	back-glass-housings
2136	cameras
2137	charging-ports
2138	screens-lcds
2139	screens-lcds
2140	screens-lcds
2141	screens-lcds
2142	batteries
2143	charging-ports
2144	cameras
2145	cameras
2146	back-glass-housings
2147	cameras
2148	cameras
2149	cameras
2150	cameras
2151	charging-ports
2152	charging-ports
2153	charging-ports
2154	batteries
2155	batteries
2156	batteries
2157	screens-lcds
2158	screens-lcds
2159	screens-lcds
2160	screens-lcds
2161	screens-lcds
2162	screens-lcds
2163	screens-lcds
2164	screens-lcds
2165	screens-lcds
2166	screens-lcds
2167	screens-lcds
2168	back-glass-housings
2169	back-glass-housings
1970	back-glass-housings
1971	back-glass-housings
1972	tools-adhesives
1973	small-parts-flex
1974	small-parts-flex
1975	small-parts-flex
1976	small-parts-flex
1977	small-parts-flex
1978	small-parts-flex
1979	small-parts-flex
1980	cameras
1981	cameras
1982	cameras
1983	cameras
1984	cameras
1985	small-parts-flex
1986	small-parts-flex
1987	small-parts-flex
1988	cameras
1989	cameras
1990	charging-ports
1991	charging-ports
1992	charging-ports
1993	charging-ports
1994	charging-ports
1995	batteries
1996	batteries
1997	screens-lcds
1998	screens-lcds
1999	back-glass-housings
2000	back-glass-housings
2001	back-glass-housings
2002	back-glass-housings
2003	small-parts-flex
2004	batteries
2005	batteries
2006	batteries
2007	back-glass-housings
2008	back-glass-housings
2009	back-glass-housings
2170	back-glass-housings
2171	back-glass-housings
2172	back-glass-housings
2173	back-glass-housings
2174	screens-lcds
2175	screens-lcds
2176	screens-lcds
2177	screens-lcds
2178	screens-lcds
2179	screens-lcds
2180	screens-lcds
2181	back-glass-housings
2182	back-glass-housings
2183	back-glass-housings
2184	back-glass-housings
2185	back-glass-housings
2186	back-glass-housings
2187	screens-lcds
2188	screens-lcds
2189	screens-lcds
2190	screens-lcds
2191	screens-lcds
2192	screens-lcds
2193	back-glass-housings
2194	back-glass-housings
2195	back-glass-housings
2196	back-glass-housings
2197	back-glass-housings
2198	screens-lcds
2199	screens-lcds
2200	screens-lcds
2201	screens-lcds
2202	screens-lcds
2203	back-glass-housings
2204	back-glass-housings
2205	back-glass-housings
2206	back-glass-housings
2207	cameras
2208	cameras
2209	charging-ports
2210	batteries
2211	screens-lcds
2212	screens-lcds
2213	screens-lcds
2214	screens-lcds
2215	screens-lcds
2216	screens-lcds
2217	screens-lcds
2218	screens-lcds
2219	screens-lcds
2220	screens-lcds
2221	screens-lcds
2222	charging-ports
2223	back-glass-housings
2224	back-glass-housings
2225	back-glass-housings
2226	back-glass-housings
2227	cameras
2228	charging-ports
2229	batteries
2230	back-glass-housings
2231	apple-watch
2232	apple-watch
2233	batteries
2234	screens-lcds
2235	screens-lcds
2236	screens-lcds
2237	back-glass-housings
2238	cameras
2239	cameras
2240	charging-ports
2241	batteries
2242	screens-lcds
2243	back-glass-housings
2244	cameras
2245	cameras
2246	charging-ports
2247	screens-lcds
2248	back-glass-housings
2249	back-glass-housings
2250	back-glass-housings
2251	back-glass-housings
2252	cameras
2253	cameras
2254	charging-ports
2255	screens-lcds
2256	screens-lcds
2257	screens-lcds
2258	screens-lcds
2259	tempered-glass-protection
2260	tempered-glass-protection
2261	tempered-glass-protection
2262	tempered-glass-protection
2263	tempered-glass-protection
2264	tempered-glass-protection
2265	tempered-glass-protection
2266	tempered-glass-protection
2267	tempered-glass-protection
2268	tempered-glass-protection
2269	tempered-glass-protection
2270	tempered-glass-protection
2271	tempered-glass-protection
2272	tempered-glass-protection
2273	tempered-glass-protection
2274	tempered-glass-protection
2275	tempered-glass-protection
2276	tempered-glass-protection
2277	tempered-glass-protection
2278	tempered-glass-protection
2279	tempered-glass-protection
2280	tempered-glass-protection
2281	tempered-glass-protection
2282	tempered-glass-protection
2283	tempered-glass-protection
2284	tempered-glass-protection
2285	tempered-glass-protection
2286	tempered-glass-protection
2287	tempered-glass-protection
2288	cases-covers
2289	cases-covers
2290	cases-covers
2291	cases-covers
2292	cases-covers
2293	cases-covers
2294	cases-covers
2295	cases-covers
2296	cases-covers
2297	cases-covers
2298	cases-covers
2299	cases-covers
2300	cases-covers
2301	cases-covers
2302	cases-covers
2303	cases-covers
2304	cases-covers
2305	cases-covers
2306	cases-covers
2307	cases-covers
2308	cases-covers
2309	cases-covers
2310	cases-covers
2311	cases-covers
2312	cases-covers
2313	cases-covers
2314	cases-covers
2315	cases-covers
2316	cases-covers
2317	cases-covers
2318	cases-covers
2319	cases-covers
2320	cases-covers
2321	cases-covers
2322	cases-covers
2323	cases-covers
2324	cases-covers
2325	cases-covers
2326	cases-covers
2327	cases-covers
2328	cases-covers
2329	cases-covers
2330	cases-covers
2331	cases-covers
2332	cases-covers
2333	cases-covers
2334	cases-covers
2335	cases-covers
2336	cases-covers
2337	cases-covers
2338	cases-covers
2339	cases-covers
2340	cases-covers
2341	cases-covers
2342	cases-covers
2343	cases-covers
2344	cases-covers
2345	cases-covers
2346	cases-covers
2347	cases-covers
2348	cases-covers
2349	cases-covers
2350	cases-covers
2351	cases-covers
2352	cases-covers
2353	cases-covers
2354	cases-covers
2355	cases-covers
2356	cases-covers
2357	cases-covers
2358	cases-covers
2359	cases-covers
2360	cases-covers
2361	cases-covers
2362	cases-covers
2363	cases-covers
2364	cases-covers
2365	cases-covers
2366	cases-covers
2367	cases-covers
2368	cases-covers
2369	cases-covers
2370	cases-covers
2371	cases-covers
2372	cases-covers
2373	cases-covers
2374	cases-covers
2375	cases-covers
2376	cases-covers
2377	cases-covers
2378	cases-covers
2379	cases-covers
2380	cases-covers
2381	cases-covers
2382	cases-covers
2383	cases-covers
2384	cases-covers
2385	cases-covers
2386	cases-covers
2387	cases-covers
2388	cases-covers
2389	cases-covers
2390	cases-covers
2391	cases-covers
2392	cases-covers
2393	cases-covers
2394	cases-covers
2395	cases-covers
2396	cases-covers
2397	cases-covers
2398	cases-covers
2399	cases-covers
2400	cases-covers
2401	cases-covers
2402	cases-covers
2403	cases-covers
2404	cases-covers
2405	cases-covers
2406	cases-covers
2407	cases-covers
2408	cases-covers
2409	cases-covers
2410	cases-covers
2411	cases-covers
2412	cases-covers
2413	cases-covers
2414	cases-covers
2415	cases-covers
2416	cases-covers
2417	cases-covers
2418	cases-covers
2419	cases-covers
2420	cases-covers
2421	cases-covers
2422	cases-covers
2423	cases-covers
2424	cases-covers
2425	cases-covers
2426	cases-covers
2427	cases-covers
2428	cases-covers
2429	cases-covers
2430	cases-covers
2431	cases-covers
2432	cases-covers
2433	cases-covers
2434	cases-covers
2435	cases-covers
2436	cases-covers
2437	cases-covers
2438	cases-covers
2439	cases-covers
2440	cases-covers
2441	cases-covers
2442	cases-covers
2443	cases-covers
2444	cases-covers
2445	cases-covers
2446	cases-covers
2447	cases-covers
2448	cases-covers
2449	cases-covers
2450	tempered-glass-protection
2451	tempered-glass-protection
2452	tempered-glass-protection
2453	tempered-glass-protection
2454	tempered-glass-protection
2455	tempered-glass-protection
2456	tempered-glass-protection
2457	cases-covers
2458	cases-covers
2459	cases-covers
2460	cases-covers
2461	cases-covers
2462	cases-covers
2463	cases-covers
2464	cases-covers
2465	cases-covers
2466	cases-covers
2467	cases-covers
2468	cases-covers
2469	cases-covers
2470	cases-covers
2471	cases-covers
2472	cases-covers
2473	cases-covers
2474	cases-covers
2475	cases-covers
2476	cases-covers
2477	cases-covers
2478	cases-covers
2479	cases-covers
2480	cases-covers
2481	cases-covers
2482	cases-covers
2483	cases-covers
2484	cases-covers
2485	tempered-glass-protection
2486	tempered-glass-protection
2487	tempered-glass-protection
2488	tempered-glass-protection
2489	tempered-glass-protection
2490	tempered-glass-protection
2491	tempered-glass-protection
2492	tempered-glass-protection
2493	cases-covers
2494	cases-covers
2495	cases-covers
2496	cases-covers
2497	cases-covers
2498	cases-covers
2499	cases-covers
2500	cases-covers
2501	cases-covers
2502	cases-covers
2503	cases-covers
2504	cases-covers
2505	cases-covers
2506	cases-covers
2507	cases-covers
2508	cases-covers
2509	cases-covers
2510	cases-covers
2511	cases-covers
2512	cases-covers
2513	cases-covers
2514	cases-covers
2515	cases-covers
2516	cases-covers
2517	cases-covers
2518	cases-covers
2519	cases-covers
2520	cases-covers
2521	cases-covers
2522	cases-covers
2523	cases-covers
2524	cases-covers
2525	cases-covers
2526	cases-covers
2527	cases-covers
2528	cases-covers
2529	cases-covers
2050	small-parts-flex
2051	small-parts-flex
2052	cameras
2053	charging-ports
2054	charging-ports
2055	charging-ports
2056	charging-ports
2057	batteries
2058	batteries
2059	batteries
2060	screens-lcds
2061	screens-lcds
2062	back-glass-housings
2063	back-glass-housings
2064	back-glass-housings
2065	back-glass-housings
2066	back-glass-housings
2067	back-glass-housings
2068	back-glass-housings
2069	back-glass-housings
2070	back-glass-housings
2071	back-glass-housings
2072	small-parts-flex
2073	small-parts-flex
2074	small-parts-flex
2075	small-parts-flex
2076	small-parts-flex
2077	small-parts-flex
2078	small-parts-flex
2079	small-parts-flex
2080	cameras
2081	charging-ports
2082	charging-ports
2083	charging-ports
2084	charging-ports
2085	charging-ports
2086	batteries
2087	batteries
2088	batteries
2089	screens-lcds
2610	screens-lcds
2611	screens-lcds
2612	screens-lcds
2613	screens-lcds
2614	screens-lcds
2615	screens-lcds
2616	screens-lcds
2617	screens-lcds
2618	screens-lcds
2619	screens-lcds
2620	screens-lcds
2621	screens-lcds
2622	screens-lcds
2623	screens-lcds
2624	screens-lcds
2625	screens-lcds
2626	screens-lcds
2627	screens-lcds
2628	screens-lcds
2629	screens-lcds
2630	screens-lcds
2631	screens-lcds
2632	screens-lcds
2633	screens-lcds
2634	screens-lcds
2635	screens-lcds
2636	screens-lcds
2637	screens-lcds
2638	screens-lcds
2639	screens-lcds
2640	screens-lcds
2641	screens-lcds
2642	screens-lcds
2643	screens-lcds
2644	screens-lcds
2645	screens-lcds
2646	screens-lcds
2647	screens-lcds
2648	screens-lcds
2649	screens-lcds
2570	tempered-glass-protection
2571	screens-lcds
2572	screens-lcds
2573	screens-lcds
2574	screens-lcds
2575	screens-lcds
2576	screens-lcds
2577	screens-lcds
2578	screens-lcds
2579	screens-lcds
2580	screens-lcds
2581	screens-lcds
2582	screens-lcds
2583	screens-lcds
2584	screens-lcds
2585	screens-lcds
2586	screens-lcds
2587	screens-lcds
2588	screens-lcds
2589	screens-lcds
2590	screens-lcds
2591	screens-lcds
2592	screens-lcds
2593	screens-lcds
2594	screens-lcds
2595	screens-lcds
2596	screens-lcds
2597	screens-lcds
2598	screens-lcds
2599	screens-lcds
2600	screens-lcds
2601	screens-lcds
2602	screens-lcds
2603	screens-lcds
2604	screens-lcds
2605	screens-lcds
2606	screens-lcds
2607	screens-lcds
2608	screens-lcds
2609	screens-lcds
2530	screens-lcds
2531	screens-lcds
2532	screens-lcds
2533	screens-lcds
2534	screens-lcds
2535	tools-adhesives
2536	tools-adhesives
2537	tools-adhesives
2538	tools-adhesives
2539	tools-adhesives
2540	tools-adhesives
2541	tools-adhesives
2542	tools-adhesives
2543	tools-adhesives
2544	tools-adhesives
2545	tools-adhesives
2546	tools-adhesives
2547	chargers-power
2548	cables-adapters
2549	cables-adapters
2550	cables-adapters
2551	cables-adapters
2552	chargers-power
2553	cases-covers
2554	cases-covers
2555	cases-covers
2556	cases-covers
2557	cases-covers
2558	cases-covers
2559	cases-covers
2560	cases-covers
2561	cases-covers
2562	cases-covers
2563	back-glass-housings
2564	back-glass-housings
2565	back-glass-housings
2566	cameras
2567	cameras
2568	charging-ports
2569	batteries
2650	screens-lcds
2651	screens-lcds
2652	screens-lcds
2653	screens-lcds
2654	screens-lcds
2655	screens-lcds
2656	screens-lcds
2657	screens-lcds
2658	screens-lcds
2659	screens-lcds
2660	screens-lcds
2661	back-glass-housings
2662	back-glass-housings
2663	back-glass-housings
2664	back-glass-housings
2665	back-glass-housings
2666	back-glass-housings
2667	back-glass-housings
2668	back-glass-housings
2669	screens-lcds
2670	screens-lcds
2671	screens-lcds
2672	screens-lcds
2673	screens-lcds
2674	screens-lcds
2675	screens-lcds
2676	screens-lcds
2677	screens-lcds
2678	chargers-power
2679	tools-adhesives
2680	tempered-glass-protection
2681	tempered-glass-protection
2682	tempered-glass-protection
2683	screens-lcds
2684	screens-lcds
2685	screens-lcds
2686	screens-lcds
2687	screens-lcds
2688	chargers-power
2689	chargers-power
2690	chargers-power
2691	batteries
2692	batteries
2693	batteries
2694	batteries
2695	batteries
2696	cameras
2697	cameras
2698	cameras
2699	cameras
2700	cameras
2701	cameras
2702	cameras
2703	screens-lcds
2704	screens-lcds
2705	tempered-glass-protection
2706	tempered-glass-protection
2707	tempered-glass-protection
2708	tempered-glass-protection
2709	tempered-glass-protection
2710	tempered-glass-protection
2711	tempered-glass-protection
2712	tempered-glass-protection
2713	cases-covers
2714	cases-covers
2715	cases-covers
2716	cases-covers
2717	cases-covers
2718	cases-covers
2719	cases-covers
2720	cases-covers
2721	cases-covers
2722	cases-covers
2723	cases-covers
2724	cases-covers
2725	cases-covers
2726	cases-covers
2727	cases-covers
2728	cases-covers
2729	cases-covers
2730	cases-covers
2731	cases-covers
2732	cases-covers
2733	cases-covers
2734	cases-covers
2735	cases-covers
2736	cases-covers
2737	cases-covers
2738	cases-covers
2739	cases-covers
2740	cases-covers
2741	cases-covers
2742	cases-covers
2743	cases-covers
2744	cases-covers
2745	cases-covers
2746	cases-covers
2747	cases-covers
2748	cases-covers
2749	cases-covers
2750	cases-covers
2751	cases-covers
2752	cases-covers
2753	cases-covers
2754	cases-covers
2755	cases-covers
2756	cases-covers
2757	cases-covers
2758	cases-covers
2759	cases-covers
2760	cases-covers
2761	cases-covers
2762	cases-covers
2763	cases-covers
2764	cases-covers
2765	cases-covers
2766	cases-covers
2767	cases-covers
2768	cases-covers
2769	screens-lcds
2770	screens-lcds
2771	screens-lcds
2772	accessories
2773	tools-adhesives
2774	cases-covers
2775	cases-covers
2776	cases-covers
2777	cases-covers
2778	cases-covers
2779	cases-covers
2780	cases-covers
2781	cases-covers
2782	cases-covers
2783	cases-covers
2784	cases-covers
2785	cases-covers
2786	cases-covers
2787	cases-covers
2788	cases-covers
2789	cases-covers
2790	cases-covers
2791	cases-covers
2792	cases-covers
2793	cases-covers
2794	cases-covers
2795	cases-covers
2796	cases-covers
2797	cases-covers
2798	cases-covers
2799	cases-covers
2800	cases-covers
2801	cases-covers
2802	cases-covers
2803	cases-covers
2804	cases-covers
2805	cases-covers
2806	cases-covers
2807	cases-covers
2808	cases-covers
2809	cases-covers
2850	cases-covers
2851	cases-covers
2852	cases-covers
2853	cases-covers
2854	cases-covers
2855	cases-covers
2856	cases-covers
2857	cases-covers
2858	cases-covers
2859	cases-covers
2860	cases-covers
2861	cases-covers
2862	cases-covers
2863	cases-covers
2864	cases-covers
2865	cases-covers
2866	cases-covers
2867	cases-covers
2868	cases-covers
2869	cases-covers
2870	cases-covers
2871	cases-covers
2872	cases-covers
2873	cases-covers
2874	cases-covers
2875	cases-covers
2876	cases-covers
2877	cases-covers
2878	cases-covers
2879	cases-covers
2880	cases-covers
2881	cases-covers
2882	cases-covers
2883	cases-covers
2884	cases-covers
2885	cases-covers
2886	cases-covers
2887	cases-covers
2888	cases-covers
2889	cases-covers
2810	cases-covers
2811	cases-covers
2812	cases-covers
2813	cases-covers
2814	cases-covers
2815	cases-covers
2816	cases-covers
2817	cases-covers
2818	cases-covers
2819	cases-covers
2820	cases-covers
2821	cases-covers
2822	tempered-glass-protection
2823	tempered-glass-protection
2824	tempered-glass-protection
2825	tempered-glass-protection
2826	tempered-glass-protection
2827	tempered-glass-protection
2828	tempered-glass-protection
2829	accessories
2830	accessories
2831	accessories
2832	accessories
2833	accessories
2834	accessories
2835	cases-covers
2836	cases-covers
2837	cases-covers
2838	cases-covers
2839	cases-covers
2840	cases-covers
2841	cases-covers
2842	cases-covers
2843	cases-covers
2844	cases-covers
2845	cases-covers
2846	cases-covers
2847	cases-covers
2848	cases-covers
2849	cases-covers
2930	charging-ports
2931	screens-lcds
2932	back-glass-housings
2933	back-glass-housings
2934	back-glass-housings
2935	small-parts-flex
2936	small-parts-flex
2937	small-parts-flex
2938	small-parts-flex
2939	small-parts-flex
2940	small-parts-flex
2941	small-parts-flex
2942	small-parts-flex
2943	small-parts-flex
2944	small-parts-flex
2945	small-parts-flex
2946	small-parts-flex
2947	small-parts-flex
2948	small-parts-flex
2949	small-parts-flex
2950	small-parts-flex
2951	small-parts-flex
2952	small-parts-flex
2953	small-parts-flex
2954	small-parts-flex
2955	small-parts-flex
2956	small-parts-flex
2957	small-parts-flex
2958	small-parts-flex
2959	small-parts-flex
2960	small-parts-flex
2961	small-parts-flex
2962	small-parts-flex
2963	small-parts-flex
2964	small-parts-flex
2965	small-parts-flex
2966	small-parts-flex
2967	small-parts-flex
2968	small-parts-flex
2969	small-parts-flex
2890	cases-covers
2891	cases-covers
2892	cases-covers
2893	cases-covers
2894	cases-covers
2895	cases-covers
2896	cases-covers
2897	cases-covers
2898	cases-covers
2899	cases-covers
2900	cases-covers
2901	cases-covers
2902	cases-covers
2903	cases-covers
2904	cases-covers
2905	cases-covers
2906	cases-covers
2907	cameras
2908	small-parts-flex
2909	small-parts-flex
2910	cameras
2911	cameras
2912	cameras
2913	cameras
2914	cameras
2915	cameras
2916	cameras
2917	cameras
2918	cameras
2919	small-parts-flex
2920	small-parts-flex
2921	small-parts-flex
2922	small-parts-flex
2923	charging-ports
2924	charging-ports
2925	cameras
2926	small-parts-flex
2927	small-parts-flex
2928	small-parts-flex
2929	charging-ports
3010	small-parts-flex
3011	small-parts-flex
3012	small-parts-flex
3013	small-parts-flex
3014	small-parts-flex
3015	small-parts-flex
3016	small-parts-flex
3017	small-parts-flex
3018	small-parts-flex
3019	small-parts-flex
3020	small-parts-flex
3021	cameras
3022	cameras
3023	small-parts-flex
3024	small-parts-flex
3025	small-parts-flex
3026	small-parts-flex
3027	small-parts-flex
3028	small-parts-flex
3029	small-parts-flex
3030	small-parts-flex
3031	cameras
3032	cameras
3033	charging-ports
3034	charging-ports
3035	screens-lcds
3036	screens-lcds
3037	screens-lcds
3038	screens-lcds
3039	screens-lcds
3040	screens-lcds
3041	screens-lcds
3042	screens-lcds
3043	screens-lcds
3044	screens-lcds
3045	screens-lcds
3046	screens-lcds
3047	screens-lcds
3048	screens-lcds
3049	screens-lcds
2970	small-parts-flex
2971	small-parts-flex
2972	small-parts-flex
2973	small-parts-flex
2974	small-parts-flex
2975	small-parts-flex
2976	small-parts-flex
2977	small-parts-flex
2978	small-parts-flex
2979	small-parts-flex
2980	small-parts-flex
2981	small-parts-flex
2982	small-parts-flex
2983	small-parts-flex
2984	small-parts-flex
2985	small-parts-flex
2986	small-parts-flex
2987	small-parts-flex
2988	small-parts-flex
2989	small-parts-flex
2990	small-parts-flex
2991	small-parts-flex
2992	small-parts-flex
2993	small-parts-flex
2994	cameras
2995	cameras
2996	cameras
2997	cameras
2998	cameras
2999	small-parts-flex
3000	small-parts-flex
3001	small-parts-flex
3002	small-parts-flex
3003	cameras
3004	cameras
3005	small-parts-flex
3006	charging-ports
3007	charging-ports
3008	charging-ports
3009	small-parts-flex
3090	back-glass-housings
3091	back-glass-housings
3092	back-glass-housings
3093	back-glass-housings
3094	back-glass-housings
3095	back-glass-housings
3096	back-glass-housings
3097	back-glass-housings
3098	back-glass-housings
3099	back-glass-housings
3100	back-glass-housings
3101	back-glass-housings
3102	back-glass-housings
3103	back-glass-housings
3104	back-glass-housings
3105	back-glass-housings
3106	back-glass-housings
3107	back-glass-housings
3108	back-glass-housings
3109	back-glass-housings
3110	back-glass-housings
3111	back-glass-housings
3112	back-glass-housings
3113	back-glass-housings
3114	back-glass-housings
3115	screens-lcds
3116	batteries
3117	batteries
3118	batteries
3119	cameras
3120	tempered-glass-protection
3121	tempered-glass-protection
3122	tempered-glass-protection
3123	tempered-glass-protection
3124	tempered-glass-protection
3125	tempered-glass-protection
3126	tempered-glass-protection
3127	tempered-glass-protection
3128	tempered-glass-protection
3129	tempered-glass-protection
3050	screens-lcds
3051	screens-lcds
3052	screens-lcds
3053	screens-lcds
3054	back-glass-housings
3055	back-glass-housings
3056	screens-lcds
3057	screens-lcds
3058	screens-lcds
3059	screens-lcds
3060	screens-lcds
3061	screens-lcds
3062	screens-lcds
3063	screens-lcds
3064	screens-lcds
3065	screens-lcds
3066	screens-lcds
3067	screens-lcds
3068	screens-lcds
3069	screens-lcds
3070	screens-lcds
3071	screens-lcds
3072	screens-lcds
3073	screens-lcds
3074	screens-lcds
3075	screens-lcds
3076	screens-lcds
3077	screens-lcds
3078	screens-lcds
3079	back-glass-housings
3080	back-glass-housings
3081	back-glass-housings
3082	back-glass-housings
3083	back-glass-housings
3084	back-glass-housings
3085	back-glass-housings
3086	back-glass-housings
3087	back-glass-housings
3088	back-glass-housings
3089	back-glass-housings
3210	tempered-glass-protection
3211	tempered-glass-protection
3212	tempered-glass-protection
3213	tempered-glass-protection
3214	tempered-glass-protection
3215	tempered-glass-protection
3216	tempered-glass-protection
3217	tempered-glass-protection
3218	tempered-glass-protection
3219	tempered-glass-protection
3220	tempered-glass-protection
3221	tempered-glass-protection
3222	tempered-glass-protection
3223	tempered-glass-protection
3224	tempered-glass-protection
3225	tempered-glass-protection
3226	tempered-glass-protection
3227	tempered-glass-protection
3228	tempered-glass-protection
3229	tempered-glass-protection
3230	tempered-glass-protection
3231	tempered-glass-protection
3232	tempered-glass-protection
3233	tempered-glass-protection
3234	tempered-glass-protection
3235	tempered-glass-protection
3236	tempered-glass-protection
3237	tempered-glass-protection
3238	tempered-glass-protection
3239	tempered-glass-protection
3240	tempered-glass-protection
3241	tempered-glass-protection
3242	tempered-glass-protection
3243	tempered-glass-protection
3244	tempered-glass-protection
3245	tempered-glass-protection
3246	tempered-glass-protection
3247	tempered-glass-protection
3248	tempered-glass-protection
3249	tempered-glass-protection
3170	tempered-glass-protection
3171	tempered-glass-protection
3172	tempered-glass-protection
3173	tempered-glass-protection
3174	tempered-glass-protection
3175	tempered-glass-protection
3176	tempered-glass-protection
3177	tempered-glass-protection
3178	tempered-glass-protection
3179	tempered-glass-protection
3180	tempered-glass-protection
3181	tempered-glass-protection
3182	tempered-glass-protection
3183	tempered-glass-protection
3184	tempered-glass-protection
3185	tempered-glass-protection
3186	tempered-glass-protection
3187	tempered-glass-protection
3188	tempered-glass-protection
3189	tempered-glass-protection
3190	tempered-glass-protection
3191	tempered-glass-protection
3192	tempered-glass-protection
3193	tempered-glass-protection
3194	tempered-glass-protection
3195	tempered-glass-protection
3196	tempered-glass-protection
3197	tempered-glass-protection
3198	tempered-glass-protection
3199	tempered-glass-protection
3200	tempered-glass-protection
3201	tempered-glass-protection
3202	tempered-glass-protection
3203	tempered-glass-protection
3204	tempered-glass-protection
3205	tempered-glass-protection
3206	tempered-glass-protection
3207	tempered-glass-protection
3208	tempered-glass-protection
3209	tempered-glass-protection
3130	tempered-glass-protection
3131	tempered-glass-protection
3132	tempered-glass-protection
3133	tempered-glass-protection
3134	tempered-glass-protection
3135	tempered-glass-protection
3136	tempered-glass-protection
3137	tempered-glass-protection
3138	tempered-glass-protection
3139	tempered-glass-protection
3140	tempered-glass-protection
3141	tempered-glass-protection
3142	tempered-glass-protection
3143	tempered-glass-protection
3144	tempered-glass-protection
3145	tempered-glass-protection
3146	tempered-glass-protection
3147	tempered-glass-protection
3148	tempered-glass-protection
3149	tempered-glass-protection
3150	tempered-glass-protection
3151	tempered-glass-protection
3152	tempered-glass-protection
3153	tempered-glass-protection
3154	tempered-glass-protection
3155	tempered-glass-protection
3156	tempered-glass-protection
3157	tempered-glass-protection
3158	tempered-glass-protection
3159	tempered-glass-protection
3160	tempered-glass-protection
3161	tempered-glass-protection
3162	tempered-glass-protection
3163	tempered-glass-protection
3164	tempered-glass-protection
3165	tempered-glass-protection
3166	tempered-glass-protection
3167	tempered-glass-protection
3168	tempered-glass-protection
3169	tempered-glass-protection
3250	tempered-glass-protection
3251	tempered-glass-protection
3252	tempered-glass-protection
3253	tempered-glass-protection
3254	tempered-glass-protection
3255	tempered-glass-protection
3256	tempered-glass-protection
3257	tempered-glass-protection
3258	tempered-glass-protection
3259	tempered-glass-protection
3260	tempered-glass-protection
3261	tempered-glass-protection
3262	tempered-glass-protection
3263	tempered-glass-protection
3264	tempered-glass-protection
3265	tempered-glass-protection
3266	tempered-glass-protection
3267	tempered-glass-protection
3268	tempered-glass-protection
3269	tempered-glass-protection
3270	tempered-glass-protection
3271	tempered-glass-protection
3272	tempered-glass-protection
3273	tempered-glass-protection
3274	tempered-glass-protection
3275	tempered-glass-protection
3276	tempered-glass-protection
3277	tempered-glass-protection
3278	tempered-glass-protection
3279	tempered-glass-protection
3280	tempered-glass-protection
3281	tempered-glass-protection
3282	tempered-glass-protection
3283	tempered-glass-protection
3284	tempered-glass-protection
3285	tempered-glass-protection
3286	tempered-glass-protection
3287	tempered-glass-protection
3288	tempered-glass-protection
3289	tempered-glass-protection
3410	cases-covers
3411	cases-covers
3412	cases-covers
3413	cases-covers
3414	cases-covers
3415	cases-covers
3416	cases-covers
3417	cases-covers
3418	cases-covers
3419	cases-covers
3420	cases-covers
3421	cases-covers
3422	cases-covers
3423	cases-covers
3424	cases-covers
3425	cases-covers
3426	cases-covers
3427	cases-covers
3428	cases-covers
3429	cases-covers
3430	cases-covers
3431	cases-covers
3432	cases-covers
3433	cases-covers
3434	cases-covers
3435	cases-covers
3436	cases-covers
3437	cases-covers
3438	cases-covers
3439	cases-covers
3440	cases-covers
3441	cases-covers
3442	cases-covers
3443	cases-covers
3444	cases-covers
3445	cases-covers
3446	cases-covers
3447	cases-covers
3448	cases-covers
3449	cases-covers
3290	tempered-glass-protection
3291	tempered-glass-protection
3292	tempered-glass-protection
3293	tempered-glass-protection
3294	tempered-glass-protection
3295	tempered-glass-protection
3296	tempered-glass-protection
3297	tempered-glass-protection
3298	tempered-glass-protection
3299	tempered-glass-protection
3300	tempered-glass-protection
3301	tempered-glass-protection
3302	tempered-glass-protection
3303	tempered-glass-protection
3304	tempered-glass-protection
3305	tempered-glass-protection
3306	tempered-glass-protection
3307	tempered-glass-protection
3308	tempered-glass-protection
3309	tempered-glass-protection
3310	tempered-glass-protection
3311	tempered-glass-protection
3312	tempered-glass-protection
3313	tempered-glass-protection
3314	tempered-glass-protection
3315	tempered-glass-protection
3316	tempered-glass-protection
3317	tempered-glass-protection
3318	tempered-glass-protection
3319	tempered-glass-protection
3320	tempered-glass-protection
3321	tempered-glass-protection
3322	tempered-glass-protection
3323	tempered-glass-protection
3324	tempered-glass-protection
3325	tempered-glass-protection
3326	tempered-glass-protection
3327	tempered-glass-protection
3328	tempered-glass-protection
3329	tempered-glass-protection
3370	cases-covers
3371	cases-covers
3372	cases-covers
3373	cases-covers
3374	cases-covers
3375	cases-covers
3376	cases-covers
3377	cases-covers
3378	cases-covers
3379	cases-covers
3380	cases-covers
3381	cases-covers
3382	cases-covers
3383	cases-covers
3384	cases-covers
3385	cases-covers
3386	cases-covers
3387	cases-covers
3388	cases-covers
3389	cases-covers
3390	cases-covers
3391	cases-covers
3392	cases-covers
3393	cases-covers
3394	cases-covers
3395	cases-covers
3396	screens-lcds
3397	tempered-glass-protection
3398	cases-covers
3399	cases-covers
3400	cases-covers
3401	cases-covers
3402	cases-covers
3403	chargers-power
3404	chargers-power
3405	cases-covers
3406	cases-covers
3407	cases-covers
3408	cases-covers
3409	cases-covers
3450	cases-covers
3451	cases-covers
3452	cases-covers
3453	cases-covers
3454	cases-covers
3455	cases-covers
3456	cases-covers
3457	cases-covers
3458	cases-covers
3459	cases-covers
3460	cases-covers
3461	cases-covers
3462	cases-covers
3463	cases-covers
3464	cases-covers
3465	cases-covers
3466	cases-covers
3467	cases-covers
3468	cases-covers
3469	cases-covers
3470	cases-covers
3471	cases-covers
3472	cases-covers
3473	cases-covers
3474	cases-covers
3475	cases-covers
3476	cases-covers
3477	cases-covers
3478	cases-covers
3479	cases-covers
3480	cases-covers
3481	cases-covers
3482	cases-covers
3483	cases-covers
3484	cases-covers
3485	cases-covers
3486	cases-covers
3487	cases-covers
3488	chargers-power
3489	tools-adhesives
3330	tempered-glass-protection
3331	tempered-glass-protection
3332	tempered-glass-protection
3333	tempered-glass-protection
3334	tempered-glass-protection
3335	tempered-glass-protection
3336	tempered-glass-protection
3337	screens-lcds
3338	screens-lcds
3339	screens-lcds
3340	batteries
3341	batteries
3342	cases-covers
3343	cases-covers
3344	cases-covers
3345	cases-covers
3346	cases-covers
3347	cases-covers
3348	cases-covers
3349	cases-covers
3350	cases-covers
3351	cases-covers
3352	cases-covers
3353	cases-covers
3354	cases-covers
3355	cases-covers
3356	cases-covers
3357	cases-covers
3358	cases-covers
3359	cases-covers
3360	cases-covers
3361	cases-covers
3362	cases-covers
3363	cases-covers
3364	cases-covers
3365	cases-covers
3366	cases-covers
3367	cases-covers
3368	cases-covers
3369	cases-covers
3570	cases-covers
3571	cases-covers
3572	cases-covers
3573	cases-covers
3574	cases-covers
3575	cases-covers
3576	cases-covers
3577	cases-covers
3578	cases-covers
3579	cases-covers
3580	cases-covers
3581	cases-covers
3582	cases-covers
3583	cases-covers
3584	cases-covers
3585	cases-covers
3586	cases-covers
3587	cases-covers
3588	cases-covers
3589	cases-covers
3590	cases-covers
3591	cases-covers
3592	cases-covers
3593	cases-covers
3594	cases-covers
3595	cases-covers
3596	cases-covers
3597	cases-covers
3598	cases-covers
3599	cases-covers
3600	cases-covers
3601	cases-covers
3602	cases-covers
3603	cases-covers
3604	cases-covers
3605	cases-covers
3606	cases-covers
3607	cases-covers
3608	cases-covers
3609	cases-covers
3530	cases-covers
3531	cases-covers
3532	cases-covers
3533	cases-covers
3534	cases-covers
3535	cases-covers
3536	cases-covers
3537	cases-covers
3538	cases-covers
3539	cases-covers
3540	cases-covers
3541	cases-covers
3542	cases-covers
3543	cases-covers
3544	cases-covers
3545	cases-covers
3546	cases-covers
3547	cases-covers
3548	cases-covers
3549	cases-covers
3550	cases-covers
3551	cases-covers
3552	cases-covers
3553	cases-covers
3554	cases-covers
3555	cases-covers
3556	cases-covers
3557	cases-covers
3558	cases-covers
3559	cases-covers
3560	cases-covers
3561	cases-covers
3562	cases-covers
3563	cases-covers
3564	cases-covers
3565	cases-covers
3566	cases-covers
3567	cases-covers
3568	cases-covers
3569	cases-covers
3490	batteries
3491	batteries
3492	batteries
3493	batteries
3494	batteries
3495	batteries
3496	batteries
3497	batteries
3498	tools-adhesives
3499	screens-lcds
3500	screens-lcds
3501	screens-lcds
3502	cables-adapters
3503	cables-adapters
3504	cases-covers
3505	cases-covers
3506	cases-covers
3507	cases-covers
3508	cases-covers
3509	cases-covers
3510	cases-covers
3511	cases-covers
3512	cases-covers
3513	cases-covers
3514	cases-covers
3515	cases-covers
3516	cases-covers
3517	cases-covers
3518	cases-covers
3519	cases-covers
3520	cases-covers
3521	cases-covers
3522	cases-covers
3523	cases-covers
3524	cases-covers
3525	cases-covers
3526	cases-covers
3527	cases-covers
3528	cases-covers
3529	cases-covers
3610	cases-covers
3611	cases-covers
3612	cases-covers
3613	cases-covers
3614	cases-covers
3615	cases-covers
3616	cases-covers
3617	cases-covers
3618	cases-covers
3619	cases-covers
3620	cases-covers
3621	cases-covers
3622	cases-covers
3623	cases-covers
3624	cases-covers
3625	cases-covers
3626	cases-covers
3627	cases-covers
3628	cases-covers
3629	cases-covers
3630	cases-covers
3631	cases-covers
3632	cases-covers
3633	cases-covers
3634	cases-covers
3635	cases-covers
3636	cases-covers
3637	cases-covers
3638	cases-covers
3639	cases-covers
3640	cases-covers
3641	cases-covers
3642	cases-covers
3643	cases-covers
3644	cases-covers
3645	cases-covers
3646	cases-covers
3647	cases-covers
3648	cases-covers
3649	cases-covers
3650	cases-covers
3651	cases-covers
3652	cases-covers
3653	cases-covers
3654	cases-covers
3655	cases-covers
3656	cases-covers
3657	cases-covers
3658	cases-covers
3659	cases-covers
3660	cases-covers
3661	cases-covers
3662	cases-covers
3663	cases-covers
3664	cases-covers
3665	cases-covers
3666	cases-covers
3667	cases-covers
3668	cases-covers
3669	cases-covers
3670	cases-covers
3671	cases-covers
3672	cases-covers
3673	cases-covers
3674	cases-covers
3675	cases-covers
3676	cases-covers
3677	cases-covers
3678	cases-covers
3679	cases-covers
3680	cases-covers
3681	cases-covers
3682	cases-covers
3683	cases-covers
3684	cases-covers
3685	cases-covers
3686	cases-covers
3687	cases-covers
3688	cases-covers
3689	cases-covers
3730	cases-covers
3731	cases-covers
3732	cases-covers
3733	cases-covers
3734	cases-covers
3735	cases-covers
3736	cases-covers
3737	cases-covers
3738	cases-covers
3739	cases-covers
3740	cases-covers
3741	cases-covers
3742	cases-covers
3743	cases-covers
3744	cases-covers
3745	cases-covers
3746	cases-covers
3747	cases-covers
3748	cases-covers
3749	cases-covers
3750	cases-covers
3751	cases-covers
3752	cases-covers
3753	cases-covers
3754	cases-covers
3755	cases-covers
3756	cases-covers
3757	cases-covers
3758	cases-covers
3759	cases-covers
3760	cases-covers
3761	cases-covers
3762	cases-covers
3763	cases-covers
3764	cases-covers
3765	cases-covers
3766	cases-covers
3767	cases-covers
3768	cases-covers
3769	cases-covers
3690	cases-covers
3691	cases-covers
3692	cases-covers
3693	cases-covers
3694	cases-covers
3695	cases-covers
3696	cases-covers
3697	cases-covers
3698	cases-covers
3699	cases-covers
3700	cases-covers
3701	cases-covers
3702	cases-covers
3703	cases-covers
3704	cases-covers
3705	cases-covers
3706	cases-covers
3707	cases-covers
3708	cases-covers
3709	cases-covers
3710	cases-covers
3711	cases-covers
3712	cases-covers
3713	cases-covers
3714	cases-covers
3715	cases-covers
3716	cases-covers
3717	cases-covers
3718	cases-covers
3719	cases-covers
3720	cases-covers
3721	cases-covers
3722	cases-covers
3723	cases-covers
3724	cases-covers
3725	cases-covers
3726	cases-covers
3727	cases-covers
3728	cases-covers
3729	cases-covers
3850	cases-covers
3851	cases-covers
3852	cases-covers
3853	cases-covers
3854	cases-covers
3855	cases-covers
3856	cases-covers
3857	cases-covers
3858	cases-covers
3859	cases-covers
3860	cases-covers
3861	cases-covers
3862	cases-covers
3863	cases-covers
3864	cases-covers
3865	cases-covers
3866	cases-covers
3867	cases-covers
3868	cases-covers
3869	cases-covers
3870	cases-covers
3871	cases-covers
3872	cases-covers
3873	cases-covers
3874	cases-covers
3875	accessories
3876	tools-adhesives
3877	back-glass-housings
3878	back-glass-housings
3879	back-glass-housings
3880	back-glass-housings
3881	cameras
3882	charging-ports
3883	batteries
3884	screens-lcds
3885	screens-lcds
3886	screens-lcds
3887	screens-lcds
3888	back-glass-housings
3889	back-glass-housings
3770	cases-covers
3771	cases-covers
3772	cases-covers
3773	cases-covers
3774	charging-ports
3775	charging-ports
3776	charging-ports
3777	charging-ports
3778	charging-ports
3779	charging-ports
3780	charging-ports
3781	charging-ports
3782	charging-ports
3783	tools-adhesives
3784	chargers-power
3785	chargers-power
3786	chargers-power
3787	chargers-power
3788	chargers-power
3789	chargers-power
3790	chargers-power
3791	chargers-power
3792	chargers-power
3793	chargers-power
3794	chargers-power
3795	chargers-power
3796	apple-watch
3797	chargers-power
3798	chargers-power
3799	apple-watch
3800	chargers-power
3801	chargers-power
3802	chargers-power
3803	chargers-power
3804	chargers-power
3805	chargers-power
3806	cables-adapters
3807	it-multimedia
3808	it-multimedia
3809	it-multimedia
3810	tempered-glass-protection
3811	tempered-glass-protection
3812	tempered-glass-protection
3813	tempered-glass-protection
3814	tempered-glass-protection
3815	tempered-glass-protection
3816	tempered-glass-protection
3817	tempered-glass-protection
3818	tempered-glass-protection
3819	tempered-glass-protection
3820	tempered-glass-protection
3821	tempered-glass-protection
3822	tempered-glass-protection
3823	tempered-glass-protection
3824	tempered-glass-protection
3825	tempered-glass-protection
3826	tempered-glass-protection
3827	tempered-glass-protection
3828	tempered-glass-protection
3829	tempered-glass-protection
3830	tempered-glass-protection
3831	tempered-glass-protection
3832	it-multimedia
3833	cameras
3834	cameras
3835	small-parts-flex
3836	small-parts-flex
3837	small-parts-flex
3838	small-parts-flex
3839	cases-covers
3840	cases-covers
3841	cases-covers
3842	cases-covers
3843	cases-covers
3844	cases-covers
3845	cases-covers
3846	cases-covers
3847	cases-covers
3848	cases-covers
3849	cases-covers
3890	back-glass-housings
3891	back-glass-housings
3892	charging-ports
3893	batteries
3894	screens-lcds
3895	screens-lcds
3896	screens-lcds
3897	screens-lcds
3898	back-glass-housings
3899	back-glass-housings
3900	back-glass-housings
3901	back-glass-housings
3902	cameras
3903	cameras
3904	charging-ports
3905	batteries
3906	screens-lcds
3907	screens-lcds
3908	screens-lcds
3909	screens-lcds
3910	screens-lcds
3911	screens-lcds
3912	screens-lcds
3913	back-glass-housings
3914	back-glass-housings
3915	back-glass-housings
3916	cases-covers
3917	cases-covers
3918	cases-covers
3919	cases-covers
3920	cases-covers
3921	cases-covers
3922	cases-covers
3923	cases-covers
3924	cases-covers
3925	cases-covers
3926	cases-covers
3927	cases-covers
3928	cases-covers
3929	cases-covers
3970	screens-lcds
3971	screens-lcds
3972	screens-lcds
3973	batteries
3974	screens-lcds
3975	screens-lcds
3976	charging-ports
3977	screens-lcds
3978	cases-covers
3979	cases-covers
3980	cases-covers
3981	cases-covers
3982	cases-covers
3983	cases-covers
3984	cases-covers
3985	cases-covers
3986	cases-covers
3987	cases-covers
3988	cases-covers
3989	cases-covers
3990	cases-covers
3991	cases-covers
3992	cases-covers
3993	cases-covers
3994	cases-covers
3995	screens-lcds
3996	accessories
3997	accessories
3998	cables-adapters
3999	cases-covers
4000	chargers-power
4001	chargers-power
4002	chargers-power
4003	chargers-power
4004	cables-adapters
4005	chargers-power
4006	chargers-power
4007	chargers-power
4008	chargers-power
4009	chargers-power
3930	cases-covers
3931	cases-covers
3932	chargers-power
3933	tempered-glass-protection
3934	tempered-glass-protection
3935	tempered-glass-protection
3936	tempered-glass-protection
3937	tempered-glass-protection
3938	tempered-glass-protection
3939	cases-covers
3940	it-multimedia
3941	it-multimedia
3942	it-multimedia
3943	it-multimedia
3944	it-multimedia
3945	it-multimedia
3946	it-multimedia
3947	cases-covers
3948	cables-adapters
3949	accessories
3950	accessories
3951	apple-watch
3952	apple-watch
3953	apple-watch
3954	apple-watch
3955	back-glass-housings
3956	back-glass-housings
3957	back-glass-housings
3958	back-glass-housings
3959	cameras
3960	cameras
3961	charging-ports
3962	batteries
3963	screens-lcds
3964	screens-lcds
3965	screens-lcds
3966	screens-lcds
3967	charging-ports
3968	batteries
3969	screens-lcds
4010	chargers-power
4011	accessories
4012	accessories
4013	accessories
4014	chargers-power
4015	accessories
4016	accessories
4017	accessories
4018	accessories
4019	accessories
4020	chargers-power
4021	chargers-power
4022	cables-adapters
4023	cables-adapters
4024	cables-adapters
4025	cables-adapters
4026	cables-adapters
4027	cables-adapters
4028	cables-adapters
4029	cables-adapters
4030	cables-adapters
4031	cables-adapters
4032	cables-adapters
4033	cables-adapters
4034	cables-adapters
4035	cables-adapters
4036	cables-adapters
4037	chargers-power
4038	chargers-power
4039	chargers-power
4040	chargers-power
4041	chargers-power
4042	cables-adapters
4043	cables-adapters
4044	cables-adapters
4045	chargers-power
4046	chargers-power
4047	chargers-power
4048	chargers-power
4049	cables-adapters
4050	cables-adapters
4051	cables-adapters
4052	cables-adapters
4053	cables-adapters
4054	cables-adapters
4055	cables-adapters
4056	cables-adapters
4057	cables-adapters
4058	cases-covers
4059	cases-covers
4060	cases-covers
4061	cases-covers
4062	chargers-power
4063	apple-watch
4064	apple-watch
4065	apple-watch
4066	apple-watch
4067	apple-watch
4068	apple-watch
4069	accessories
4070	back-glass-housings
4071	back-glass-housings
4072	back-glass-housings
4073	back-glass-housings
4074	back-glass-housings
4075	back-glass-housings
4076	back-glass-housings
4077	back-glass-housings
4078	back-glass-housings
4079	back-glass-housings
4080	accessories
4081	chargers-power
4082	cables-adapters
4083	cables-adapters
4084	cables-adapters
4085	audio
4086	chargers-power
4087	it-multimedia
4088	chargers-power
4089	accessories
4090	cables-adapters
4091	chargers-power
4092	screens-lcds
4093	screens-lcds
4094	screens-lcds
4095	screens-lcds
4096	screens-lcds
4097	screens-lcds
4098	screens-lcds
4099	screens-lcds
4100	screens-lcds
4101	screens-lcds
4102	screens-lcds
4103	screens-lcds
4104	screens-lcds
4105	screens-lcds
4106	screens-lcds
4107	screens-lcds
4108	screens-lcds
4109	screens-lcds
4110	screens-lcds
4111	screens-lcds
4112	screens-lcds
4113	screens-lcds
4114	screens-lcds
4115	it-multimedia
4116	it-multimedia
4117	batteries
4118	batteries
4119	batteries
4120	it-multimedia
4121	it-multimedia
4122	cables-adapters
4123	it-multimedia
4124	it-multimedia
4125	cables-adapters
4126	cases-covers
4127	accessories
4128	accessories
4129	accessories
4170	audio
4171	cases-covers
4172	cases-covers
4173	cases-covers
4174	cases-covers
4175	cases-covers
4176	cases-covers
4177	cases-covers
4178	cases-covers
4179	cases-covers
4180	cases-covers
4181	cases-covers
4182	cases-covers
4183	cases-covers
4184	cases-covers
4185	cases-covers
4186	cases-covers
4187	cases-covers
4188	cases-covers
4189	cases-covers
4190	cases-covers
4191	cases-covers
4192	cases-covers
4193	cases-covers
4194	cases-covers
4195	cases-covers
4196	cases-covers
4197	cases-covers
4198	chargers-power
4199	accessories
4200	it-multimedia
4201	accessories
4202	chargers-power
4203	cables-adapters
4204	cables-adapters
4205	cables-adapters
4206	cables-adapters
4207	cases-covers
4208	cases-covers
4209	cases-covers
4130	accessories
4131	chargers-power
4132	chargers-power
4133	cables-adapters
4134	accessories
4135	accessories
4136	accessories
4137	accessories
4138	it-multimedia
4139	it-multimedia
4140	it-multimedia
4141	it-multimedia
4142	audio
4143	cables-adapters
4144	cables-adapters
4145	cables-adapters
4146	cables-adapters
4147	cables-adapters
4148	it-multimedia
4149	it-multimedia
4150	audio
4151	accessories
4152	accessories
4153	accessories
4154	cases-covers
4155	it-multimedia
4156	tools-adhesives
4157	cables-adapters
4158	cables-adapters
4159	cables-adapters
4160	cases-covers
4161	chargers-power
4162	chargers-power
4163	chargers-power
4164	cables-adapters
4165	cables-adapters
4166	cables-adapters
4167	accessories
4168	it-multimedia
4169	it-multimedia
4210	cases-covers
4211	cases-covers
4212	tools-adhesives
4213	accessories
4214	cables-adapters
4215	cables-adapters
4216	cables-adapters
4217	cables-adapters
4218	cables-adapters
4219	cables-adapters
4220	cables-adapters
4221	cables-adapters
4222	cables-adapters
4223	cables-adapters
4224	cables-adapters
4225	cables-adapters
4226	cables-adapters
4227	accessories
4228	cables-adapters
4229	accessories
4230	accessories
4231	cables-adapters
4232	cables-adapters
4233	accessories
4234	accessories
4235	chargers-power
4236	accessories
4237	accessories
4238	cables-adapters
4239	accessories
4240	cables-adapters
4241	cables-adapters
4242	accessories
4243	accessories
4244	cables-adapters
4245	cables-adapters
4246	chargers-power
4247	cables-adapters
4248	cables-adapters
4249	cables-adapters
4250	cables-adapters
4251	cables-adapters
4252	accessories
4253	cables-adapters
4254	accessories
4255	accessories
4256	cables-adapters
4257	cables-adapters
4258	cables-adapters
4259	cables-adapters
4260	cables-adapters
4261	cables-adapters
4262	accessories
4263	cables-adapters
4264	cables-adapters
4265	accessories
4266	it-multimedia
4267	accessories
4268	it-multimedia
4269	chargers-power
4270	it-multimedia
4271	cables-adapters
4272	cables-adapters
4273	cables-adapters
4274	tools-adhesives
4275	chargers-power
4276	it-multimedia
4277	cables-adapters
4278	cables-adapters
4279	cables-adapters
4280	chargers-power
4281	cables-adapters
4282	accessories
4283	cables-adapters
4284	tools-adhesives
4285	cables-adapters
4286	chargers-power
4287	cables-adapters
4288	cables-adapters
4289	chargers-power
4290	cables-adapters
4291	accessories
4292	accessories
4293	accessories
4294	cables-adapters
4295	accessories
4296	cables-adapters
4297	accessories
4298	cables-adapters
4299	cables-adapters
4300	tools-adhesives
4301	cables-adapters
4302	cables-adapters
4303	accessories
4304	accessories
4305	cables-adapters
4306	accessories
4307	accessories
4308	chargers-power
4309	it-multimedia
4310	cables-adapters
4311	it-multimedia
4312	cables-adapters
4313	accessories
4314	accessories
4315	cables-adapters
4316	cables-adapters
4317	accessories
4318	cables-adapters
4319	it-multimedia
4320	accessories
4321	cables-adapters
4322	cables-adapters
4323	cables-adapters
4324	cables-adapters
4325	tools-adhesives
4326	accessories
4327	cables-adapters
4328	cables-adapters
4329	cables-adapters
4330	tools-adhesives
4331	accessories
4332	accessories
4333	accessories
4334	accessories
4335	accessories
4336	tools-adhesives
4337	cables-adapters
4338	cables-adapters
4339	accessories
4340	accessories
4341	audio
4342	cables-adapters
4343	cables-adapters
4344	cables-adapters
4345	cables-adapters
4346	cables-adapters
4347	cables-adapters
4348	cables-adapters
4349	cables-adapters
4350	accessories
4351	accessories
4352	accessories
4353	chargers-power
4354	batteries
4355	batteries
4356	batteries
4357	batteries
4358	cases-covers
4359	cases-covers
4360	cases-covers
4361	cases-covers
4362	cases-covers
4363	cases-covers
4364	cases-covers
4365	cases-covers
4366	cases-covers
4367	cases-covers
4368	cases-covers
4369	cases-covers
4410	tempered-glass-protection
4411	tempered-glass-protection
4412	tempered-glass-protection
4413	tempered-glass-protection
4414	tempered-glass-protection
4415	tempered-glass-protection
4416	cases-covers
4417	cases-covers
4418	cases-covers
4419	cases-covers
4420	cases-covers
4421	cases-covers
4422	cases-covers
4423	cases-covers
4424	cases-covers
4425	cases-covers
4426	cases-covers
4427	cases-covers
4428	cases-covers
4429	cases-covers
4430	cases-covers
4431	cases-covers
4432	cases-covers
4433	cases-covers
4434	cases-covers
4435	cases-covers
4436	cases-covers
4437	cases-covers
4438	cases-covers
4439	cases-covers
4440	cases-covers
4441	cases-covers
4442	cases-covers
4443	cases-covers
4444	cases-covers
4445	cases-covers
4446	cases-covers
4447	cases-covers
4448	cases-covers
4449	cases-covers
4370	cases-covers
4371	cases-covers
4372	cases-covers
4373	cases-covers
4374	cases-covers
4375	cases-covers
4376	cases-covers
4377	cases-covers
4378	cases-covers
4379	cases-covers
4380	cases-covers
4381	cases-covers
4382	cases-covers
4383	cases-covers
4384	cases-covers
4385	cases-covers
4386	accessories
4387	accessories
4388	accessories
4389	audio
4390	accessories
4391	accessories
4392	accessories
4393	accessories
4394	it-multimedia
4395	it-multimedia
4396	accessories
4397	it-multimedia
4398	tools-adhesives
4399	accessories
4400	tempered-glass-protection
4401	tempered-glass-protection
4402	cases-covers
4403	cases-covers
4404	cases-covers
4405	cases-covers
4406	tempered-glass-protection
4407	tempered-glass-protection
4408	tempered-glass-protection
4409	tempered-glass-protection
4450	cases-covers
4451	cases-covers
4452	cases-covers
4453	cases-covers
4454	cases-covers
4455	cases-covers
4456	tools-adhesives
4457	accessories
4458	accessories
4459	tempered-glass-protection
4460	tempered-glass-protection
4461	tempered-glass-protection
4462	tempered-glass-protection
4463	tempered-glass-protection
4464	tempered-glass-protection
4465	tempered-glass-protection
4466	cases-covers
4467	tempered-glass-protection
4468	tempered-glass-protection
4469	tempered-glass-protection
4470	tempered-glass-protection
4471	tempered-glass-protection
4472	tempered-glass-protection
4473	tempered-glass-protection
4474	tempered-glass-protection
4475	tempered-glass-protection
4476	tempered-glass-protection
4477	tempered-glass-protection
4478	tempered-glass-protection
4479	tempered-glass-protection
4480	tempered-glass-protection
4481	tempered-glass-protection
4482	tempered-glass-protection
4483	tempered-glass-protection
4484	tempered-glass-protection
4485	tempered-glass-protection
4486	tempered-glass-protection
4487	tempered-glass-protection
4488	tempered-glass-protection
4489	tempered-glass-protection
4490	tempered-glass-protection
4491	tempered-glass-protection
4492	tempered-glass-protection
4493	tempered-glass-protection
4494	tempered-glass-protection
4495	tempered-glass-protection
4496	tempered-glass-protection
4497	tempered-glass-protection
4498	tempered-glass-protection
4499	tempered-glass-protection
4500	tempered-glass-protection
4501	tempered-glass-protection
4502	tempered-glass-protection
4503	tempered-glass-protection
4504	tempered-glass-protection
4505	tempered-glass-protection
4506	tempered-glass-protection
4507	tempered-glass-protection
4508	tempered-glass-protection
4509	tempered-glass-protection
4510	tempered-glass-protection
4511	tempered-glass-protection
4512	tempered-glass-protection
4513	tempered-glass-protection
4514	tempered-glass-protection
4515	tempered-glass-protection
4516	tempered-glass-protection
4517	tempered-glass-protection
4518	tempered-glass-protection
4519	tempered-glass-protection
4520	tempered-glass-protection
4521	tempered-glass-protection
4522	tempered-glass-protection
4523	tempered-glass-protection
4524	tempered-glass-protection
4525	tempered-glass-protection
4526	tempered-glass-protection
4527	tempered-glass-protection
4528	tempered-glass-protection
4529	tempered-glass-protection
4530	tempered-glass-protection
4531	tempered-glass-protection
4532	tempered-glass-protection
4533	tempered-glass-protection
4534	tempered-glass-protection
4535	tempered-glass-protection
4536	tempered-glass-protection
4537	tempered-glass-protection
4538	tempered-glass-protection
4539	cables-adapters
4540	cables-adapters
4541	cables-adapters
4542	cables-adapters
4543	cables-adapters
4544	accessories
4545	accessories
4546	accessories
4547	accessories
4548	accessories
4549	accessories
4550	tempered-glass-protection
4551	cables-adapters
4552	accessories
4553	chargers-power
4554	chargers-power
4555	chargers-power
4556	chargers-power
4557	cases-covers
4558	cases-covers
4559	tempered-glass-protection
4560	cases-covers
4561	cases-covers
4562	cases-covers
4563	cases-covers
4564	cases-covers
4565	cases-covers
4566	cases-covers
4567	cases-covers
4568	cases-covers
4569	cases-covers
4570	cases-covers
4571	cases-covers
4572	cases-covers
4573	cases-covers
4574	cases-covers
4575	cases-covers
4576	cases-covers
4577	tempered-glass-protection
4578	tempered-glass-protection
4579	tempered-glass-protection
4580	cases-covers
4581	chargers-power
4582	cables-adapters
4583	chargers-power
4584	chargers-power
4585	chargers-power
4586	accessories
4587	accessories
4588	accessories
4589	accessories
4590	cables-adapters
4591	cables-adapters
4592	accessories
4593	accessories
4594	cases-covers
4595	cases-covers
4596	cases-covers
4597	cases-covers
4598	cases-covers
4599	batteries
4600	chargers-power
4601	chargers-power
4602	chargers-power
4603	cables-adapters
4604	chargers-power
4605	cables-adapters
4606	accessories
4607	chargers-power
4608	chargers-power
4609	cables-adapters
4690	back-glass-housings
4691	back-glass-housings
4692	back-glass-housings
4693	back-glass-housings
4694	back-glass-housings
4695	back-glass-housings
4696	back-glass-housings
4697	back-glass-housings
4698	back-glass-housings
4699	back-glass-housings
4700	back-glass-housings
4701	small-parts-flex
4702	small-parts-flex
4703	small-parts-flex
4704	small-parts-flex
4705	small-parts-flex
4706	small-parts-flex
4707	small-parts-flex
4708	small-parts-flex
4709	small-parts-flex
4710	small-parts-flex
4711	small-parts-flex
4712	small-parts-flex
4713	cameras
4714	cameras
4715	charging-ports
4716	charging-ports
4717	charging-ports
4718	charging-ports
4719	screens-lcds
4720	screens-lcds
4721	screens-lcds
4722	screens-lcds
4723	screens-lcds
4724	small-parts-flex
4725	back-glass-housings
4726	back-glass-housings
4727	back-glass-housings
4728	back-glass-housings
4729	back-glass-housings
4650	cameras
4651	cameras
4652	back-glass-housings
4653	back-glass-housings
4654	back-glass-housings
4655	back-glass-housings
4656	back-glass-housings
4657	back-glass-housings
4658	back-glass-housings
4659	back-glass-housings
4660	back-glass-housings
4661	back-glass-housings
4662	back-glass-housings
4663	back-glass-housings
4664	small-parts-flex
4665	tools-adhesives
4666	small-parts-flex
4667	small-parts-flex
4668	small-parts-flex
4669	small-parts-flex
4670	small-parts-flex
4671	small-parts-flex
4672	cameras
4673	cameras
4674	charging-ports
4675	charging-ports
4676	charging-ports
4677	charging-ports
4678	screens-lcds
4679	screens-lcds
4680	screens-lcds
4681	screens-lcds
4682	screens-lcds
4683	small-parts-flex
4684	cameras
4685	cameras
4686	cameras
4687	cameras
4688	cameras
4689	back-glass-housings
4610	cables-adapters
4611	accessories
4612	chargers-power
4613	chargers-power
4614	cables-adapters
4615	it-multimedia
4616	cables-adapters
4617	cables-adapters
4618	cables-adapters
4619	cases-covers
4620	batteries
4621	batteries
4622	back-glass-housings
4623	cases-covers
4624	cases-covers
4625	cases-covers
4626	cases-covers
4627	cases-covers
4628	cases-covers
4629	cases-covers
4630	cases-covers
4631	cases-covers
4632	cases-covers
4633	cases-covers
4634	cases-covers
4635	cases-covers
4636	cases-covers
4637	cases-covers
4638	cases-covers
4639	batteries
4640	batteries
4641	batteries
4642	batteries
4643	cases-covers
4644	cases-covers
4645	cases-covers
4646	small-parts-flex
4647	cameras
4648	cameras
4649	cameras
4810	batteries
4811	batteries
4812	batteries
4813	batteries
4814	batteries
4815	batteries
4816	batteries
4817	batteries
4818	screens-lcds
4819	screens-lcds
4820	screens-lcds
4821	screens-lcds
4822	screens-lcds
4823	screens-lcds
4824	screens-lcds
4825	screens-lcds
4826	screens-lcds
4827	screens-lcds
4828	screens-lcds
4829	screens-lcds
4830	screens-lcds
4831	screens-lcds
4832	cameras
4833	accessories
4834	cases-covers
4835	accessories
4836	accessories
4837	accessories
4838	accessories
4839	cases-covers
4840	cases-covers
4841	cases-covers
4842	cases-covers
4843	cases-covers
4844	cases-covers
4845	cases-covers
4846	cases-covers
4847	cases-covers
4848	cases-covers
4849	cases-covers
4770	back-glass-housings
4771	back-glass-housings
4772	back-glass-housings
4773	back-glass-housings
4774	back-glass-housings
4775	back-glass-housings
4776	back-glass-housings
4777	back-glass-housings
4778	back-glass-housings
4779	back-glass-housings
4780	back-glass-housings
4781	back-glass-housings
4782	back-glass-housings
4783	back-glass-housings
4784	small-parts-flex
4785	small-parts-flex
4786	small-parts-flex
4787	small-parts-flex
4788	small-parts-flex
4789	small-parts-flex
4790	small-parts-flex
4791	small-parts-flex
4792	small-parts-flex
4793	small-parts-flex
4794	small-parts-flex
4795	small-parts-flex
4796	small-parts-flex
4797	small-parts-flex
4798	cameras
4799	small-parts-flex
4800	charging-ports
4801	charging-ports
4802	charging-ports
4803	charging-ports
4804	charging-ports
4805	screens-lcds
4806	screens-lcds
4807	screens-lcds
4808	screens-lcds
4809	screens-lcds
4730	back-glass-housings
4731	back-glass-housings
4732	back-glass-housings
4733	back-glass-housings
4734	back-glass-housings
4735	back-glass-housings
4736	back-glass-housings
4737	back-glass-housings
4738	back-glass-housings
4739	back-glass-housings
4740	small-parts-flex
4741	small-parts-flex
4742	small-parts-flex
4743	small-parts-flex
4744	small-parts-flex
4745	small-parts-flex
4746	small-parts-flex
4747	small-parts-flex
4748	small-parts-flex
4749	cameras
4750	cameras
4751	small-parts-flex
4752	charging-ports
4753	charging-ports
4754	charging-ports
4755	charging-ports
4756	charging-ports
4757	screens-lcds
4758	screens-lcds
4759	screens-lcds
4760	screens-lcds
4761	screens-lcds
4762	small-parts-flex
4763	cameras
4764	cameras
4765	cameras
4766	cameras
4767	cameras
4768	cameras
4769	back-glass-housings
4850	cases-covers
4851	cases-covers
4852	cases-covers
4853	cases-covers
4854	cases-covers
4855	cases-covers
4856	cases-covers
4857	cases-covers
4858	cases-covers
4859	cases-covers
4860	cases-covers
4861	cases-covers
4862	cases-covers
4863	cases-covers
4864	cases-covers
4865	cases-covers
4866	cases-covers
4867	cases-covers
4868	cases-covers
4869	cases-covers
4870	cases-covers
4871	cases-covers
4872	cases-covers
4873	cases-covers
4874	cases-covers
4875	cases-covers
4876	cases-covers
4877	cases-covers
4878	cases-covers
4879	cases-covers
4880	cases-covers
4881	cases-covers
4882	cases-covers
4883	cases-covers
4884	cases-covers
4885	cases-covers
4886	cases-covers
4887	cases-covers
4888	cases-covers
4889	cases-covers
4890	cases-covers
4891	cases-covers
4892	cases-covers
4893	cases-covers
4894	cases-covers
4895	cases-covers
4896	cases-covers
4897	cases-covers
4898	cases-covers
4899	cases-covers
4900	cases-covers
4901	cases-covers
4902	cases-covers
4903	cases-covers
4904	cases-covers
4905	cases-covers
4906	cases-covers
4907	cases-covers
4908	cases-covers
4909	cases-covers
4910	cases-covers
4911	cases-covers
4912	cases-covers
4913	cases-covers
4914	cases-covers
4915	cases-covers
4916	cases-covers
4917	cases-covers
4918	cases-covers
4919	cases-covers
4920	cases-covers
4921	cases-covers
4922	cases-covers
4923	cases-covers
4924	cases-covers
4925	cases-covers
4926	cases-covers
4927	cases-covers
4928	cases-covers
4929	cases-covers
4930	cases-covers
4931	cases-covers
4932	cases-covers
4933	cases-covers
4934	cases-covers
4935	cases-covers
4936	cases-covers
4937	cases-covers
4938	cases-covers
4939	cases-covers
4940	cases-covers
4941	cases-covers
4942	cases-covers
4943	cases-covers
4944	cases-covers
4945	cases-covers
4946	cases-covers
4947	cases-covers
4948	cases-covers
4949	cases-covers
4950	cases-covers
4951	cases-covers
4952	cases-covers
4953	cases-covers
4954	cases-covers
4955	cases-covers
4956	cases-covers
4957	cases-covers
4958	cases-covers
4959	cases-covers
4960	cases-covers
4961	cases-covers
4962	cases-covers
4963	cases-covers
4964	cases-covers
4965	cases-covers
4966	cases-covers
4967	cases-covers
4968	cases-covers
4969	cases-covers
4970	cases-covers
4971	cases-covers
4972	cases-covers
4973	cases-covers
4974	cases-covers
4975	cases-covers
4976	cases-covers
4977	cases-covers
4978	cases-covers
4979	cases-covers
4980	cases-covers
4981	cases-covers
4982	cases-covers
4983	cases-covers
4984	cases-covers
4985	cases-covers
4986	cases-covers
4987	cases-covers
4988	cases-covers
4989	cases-covers
4990	cases-covers
4991	cases-covers
4992	cases-covers
4993	cases-covers
4994	cases-covers
4995	cases-covers
4996	cases-covers
4997	cases-covers
4998	cases-covers
4999	cases-covers
5000	cases-covers
5001	cases-covers
5002	cases-covers
5003	cases-covers
5004	cases-covers
5005	cases-covers
5006	cases-covers
5007	cases-covers
5008	cases-covers
5009	cases-covers
5010	cases-covers
5011	cases-covers
5012	cases-covers
5013	cases-covers
5014	cases-covers
5015	cases-covers
5016	cases-covers
5017	cases-covers
5018	cases-covers
5019	cases-covers
5020	cases-covers
5021	cases-covers
5022	cases-covers
5023	cases-covers
5024	cases-covers
5025	cases-covers
5026	cases-covers
5027	cases-covers
5028	cases-covers
5029	cases-covers
5030	cases-covers
5031	cases-covers
5032	cases-covers
5033	cases-covers
5034	cases-covers
5035	cases-covers
5036	cases-covers
5037	cases-covers
5038	cases-covers
5039	cases-covers
5040	cases-covers
5041	cases-covers
5042	cases-covers
5043	cases-covers
5044	cases-covers
5045	cases-covers
5046	cases-covers
5047	cases-covers
5048	cases-covers
5049	cases-covers
5050	cases-covers
5051	cases-covers
5052	cases-covers
5053	cases-covers
5054	cases-covers
5055	cases-covers
5056	cases-covers
5057	screens-lcds
5058	cases-covers
5059	cases-covers
5060	cases-covers
5061	accessories
5062	accessories
5063	accessories
5064	accessories
5065	accessories
5066	batteries
5067	batteries
5068	batteries
5069	batteries
5070	batteries
5071	batteries
5072	batteries
5073	batteries
5074	batteries
5075	batteries
5076	batteries
5077	batteries
5078	batteries
5079	batteries
5080	batteries
5081	batteries
5082	batteries
5083	batteries
5084	batteries
5085	batteries
5086	batteries
5087	batteries
5088	chargers-power
5089	batteries
5170	tools-adhesives
5171	accessories
5172	accessories
5173	accessories
5174	accessories
5175	accessories
5176	accessories
5177	accessories
5178	accessories
5179	accessories
5180	cases-covers
5181	cases-covers
5182	cases-covers
5183	cases-covers
5184	cases-covers
5185	cases-covers
5186	cases-covers
5187	cases-covers
5188	cases-covers
5189	cases-covers
5190	cases-covers
5191	cases-covers
5192	cases-covers
5193	cases-covers
5194	cases-covers
5195	cases-covers
5196	cases-covers
5197	cases-covers
5198	cases-covers
5199	cases-covers
5200	cases-covers
5201	cases-covers
5202	cases-covers
5203	cases-covers
5204	cases-covers
5205	cases-covers
5206	cases-covers
5207	cases-covers
5208	cases-covers
5209	cases-covers
5090	batteries
5091	batteries
5092	batteries
5093	batteries
5094	batteries
5095	cables-adapters
5096	cables-adapters
5097	cables-adapters
5098	cables-adapters
5099	cables-adapters
5100	cables-adapters
5101	cables-adapters
5102	it-multimedia
5103	it-multimedia
5104	cables-adapters
5105	it-multimedia
5106	it-multimedia
5107	cables-adapters
5108	accessories
5109	cases-covers
5110	chargers-power
5111	chargers-power
5112	cables-adapters
5113	cables-adapters
5114	batteries
5115	batteries
5116	batteries
5117	cases-covers
5118	cases-covers
5119	cases-covers
5120	cases-covers
5121	cases-covers
5122	batteries
5123	batteries
5124	batteries
5125	batteries
5126	batteries
5127	batteries
5128	batteries
5129	batteries
5130	batteries
5131	batteries
5132	batteries
5133	batteries
5134	batteries
5135	batteries
5136	cases-covers
5137	cases-covers
5138	cases-covers
5139	cases-covers
5140	cases-covers
5141	cases-covers
5142	cases-covers
5143	cases-covers
5144	cases-covers
5145	cases-covers
5146	cases-covers
5147	cases-covers
5148	tempered-glass-protection
5149	tempered-glass-protection
5150	cables-adapters
5151	cables-adapters
5152	cables-adapters
5153	cables-adapters
5154	cables-adapters
5155	cables-adapters
5156	cables-adapters
5157	cables-adapters
5158	it-multimedia
5159	accessories
5160	accessories
5161	it-multimedia
5162	cases-covers
5163	it-multimedia
5164	accessories
5165	accessories
5166	accessories
5167	cables-adapters
5168	cables-adapters
5169	cables-adapters
5210	cases-covers
5211	cases-covers
5212	cases-covers
5213	cases-covers
5214	cases-covers
5215	cases-covers
5216	cases-covers
5217	cases-covers
5218	cases-covers
5219	cases-covers
5220	cases-covers
5221	cases-covers
5222	cases-covers
5223	cases-covers
5224	cases-covers
5225	cases-covers
5226	cases-covers
5227	cases-covers
5228	cases-covers
5229	cases-covers
5230	cases-covers
5231	cases-covers
5232	cases-covers
5233	cases-covers
5234	cases-covers
5235	cases-covers
5236	cases-covers
5237	cases-covers
5238	cases-covers
5239	cases-covers
5240	cases-covers
5241	cases-covers
5242	cases-covers
5243	cases-covers
5244	cases-covers
5245	cases-covers
5246	cases-covers
5247	cases-covers
5248	cases-covers
5249	cases-covers
5290	accessories
5291	cases-covers
5292	cases-covers
5293	cables-adapters
5294	cables-adapters
5295	cables-adapters
5296	cables-adapters
5297	cables-adapters
5298	cables-adapters
5299	cables-adapters
5300	cables-adapters
5301	cables-adapters
5302	audio
5303	cables-adapters
5304	cables-adapters
5305	audio
5306	small-parts-flex
5307	small-parts-flex
5308	small-parts-flex
5309	small-parts-flex
5310	accessories
5311	small-parts-flex
5312	small-parts-flex
5313	small-parts-flex
5314	back-glass-housings
5315	back-glass-housings
5316	back-glass-housings
5317	back-glass-housings
5318	back-glass-housings
5319	back-glass-housings
5320	back-glass-housings
5321	back-glass-housings
5322	back-glass-housings
5323	back-glass-housings
5324	small-parts-flex
5325	small-parts-flex
5326	small-parts-flex
5327	cameras
5328	charging-ports
5329	screens-lcds
5250	cases-covers
5251	cases-covers
5252	screens-lcds
5253	accessories
5254	accessories
5255	accessories
5256	accessories
5257	accessories
5258	accessories
5259	accessories
5260	accessories
5261	accessories
5262	accessories
5263	accessories
5264	accessories
5265	accessories
5266	accessories
5267	cables-adapters
5268	cables-adapters
5269	chargers-power
5270	cables-adapters
5271	cables-adapters
5272	it-multimedia
5273	cables-adapters
5274	cables-adapters
5275	cables-adapters
5276	cables-adapters
5277	cables-adapters
5278	cables-adapters
5279	cables-adapters
5280	cables-adapters
5281	cables-adapters
5282	chargers-power
5283	cases-covers
5284	cases-covers
5285	cases-covers
5286	cases-covers
5287	cases-covers
5288	cases-covers
5289	cases-covers
5330	small-parts-flex
5331	small-parts-flex
5332	small-parts-flex
5333	small-parts-flex
5334	small-parts-flex
5335	cameras
5336	cameras
5337	small-parts-flex
5338	small-parts-flex
5339	back-glass-housings
5340	back-glass-housings
5341	back-glass-housings
5342	back-glass-housings
5343	back-glass-housings
5344	back-glass-housings
5345	back-glass-housings
5346	back-glass-housings
5347	back-glass-housings
5348	back-glass-housings
5349	back-glass-housings
5350	charging-ports
5351	screens-lcds
5352	screens-lcds
5353	screens-lcds
5354	screens-lcds
5355	screens-lcds
5356	screens-lcds
5357	small-parts-flex
5358	small-parts-flex
5359	back-glass-housings
5360	back-glass-housings
5361	back-glass-housings
5362	back-glass-housings
5363	back-glass-housings
5364	back-glass-housings
5365	back-glass-housings
5366	back-glass-housings
5367	back-glass-housings
5368	back-glass-housings
5369	back-glass-housings
5370	back-glass-housings
5371	back-glass-housings
5372	back-glass-housings
5373	small-parts-flex
5374	small-parts-flex
5375	charging-ports
5376	screens-lcds
5377	screens-lcds
5378	screens-lcds
5379	screens-lcds
5380	screens-lcds
5381	screens-lcds
5382	screens-lcds
5383	small-parts-flex
5384	small-parts-flex
5385	small-parts-flex
5386	cameras
5387	cameras
5388	small-parts-flex
5389	small-parts-flex
5390	small-parts-flex
5391	small-parts-flex
5392	small-parts-flex
5393	small-parts-flex
5394	small-parts-flex
5395	small-parts-flex
5396	small-parts-flex
5397	back-glass-housings
5398	back-glass-housings
5399	back-glass-housings
5400	back-glass-housings
5401	back-glass-housings
5402	back-glass-housings
5403	small-parts-flex
5404	small-parts-flex
5405	cameras
5406	cameras
5407	charging-ports
5408	screens-lcds
5409	screens-lcds
5450	small-parts-flex
5451	small-parts-flex
5452	small-parts-flex
5453	small-parts-flex
5454	cameras
5455	small-parts-flex
5456	small-parts-flex
5457	small-parts-flex
5458	small-parts-flex
5459	small-parts-flex
5460	small-parts-flex
5461	small-parts-flex
5462	small-parts-flex
5463	cameras
5464	small-parts-flex
5465	small-parts-flex
5466	small-parts-flex
5467	charging-ports
5468	small-parts-flex
5469	back-glass-housings
5470	back-glass-housings
5471	back-glass-housings
5472	cameras
5473	cameras
5474	charging-ports
5475	small-parts-flex
5476	cameras
5477	cameras
5478	small-parts-flex
5479	small-parts-flex
5480	small-parts-flex
5481	small-parts-flex
5482	small-parts-flex
5483	cameras
5484	charging-ports
5485	small-parts-flex
5486	small-parts-flex
5487	small-parts-flex
5488	small-parts-flex
5489	small-parts-flex
5410	small-parts-flex
5411	small-parts-flex
5412	small-parts-flex
5413	cameras
5414	small-parts-flex
5415	cameras
5416	small-parts-flex
5417	small-parts-flex
5418	small-parts-flex
5419	cameras
5420	small-parts-flex
5421	small-parts-flex
5422	small-parts-flex
5423	small-parts-flex
5424	small-parts-flex
5425	small-parts-flex
5426	small-parts-flex
5427	small-parts-flex
5428	small-parts-flex
5429	small-parts-flex
5430	cameras
5431	small-parts-flex
5432	small-parts-flex
5433	small-parts-flex
5434	small-parts-flex
5435	small-parts-flex
5436	small-parts-flex
5437	small-parts-flex
5438	small-parts-flex
5439	small-parts-flex
5440	cameras
5441	small-parts-flex
5442	small-parts-flex
5443	small-parts-flex
5444	small-parts-flex
5445	small-parts-flex
5446	cameras
5447	cameras
5448	cameras
5449	small-parts-flex
5490	small-parts-flex
5491	charging-ports
5492	batteries
5493	batteries
5494	batteries
5495	back-glass-housings
5496	batteries
5497	batteries
5498	cameras
5499	cameras
5500	cameras
5501	small-parts-flex
5502	back-glass-housings
5503	back-glass-housings
5504	back-glass-housings
5505	back-glass-housings
5506	back-glass-housings
5507	small-parts-flex
5508	cameras
5509	cameras
5510	charging-ports
5511	batteries
5512	batteries
5513	small-parts-flex
5514	tools-adhesives
5515	back-glass-housings
5516	back-glass-housings
5517	back-glass-housings
5518	back-glass-housings
5519	small-parts-flex
5520	charging-ports
5521	batteries
5522	batteries
5523	small-parts-flex
5524	small-parts-flex
5525	back-glass-housings
5526	back-glass-housings
5527	back-glass-housings
5528	small-parts-flex
5529	small-parts-flex
5570	back-glass-housings
5571	back-glass-housings
5572	back-glass-housings
5573	cameras
5574	small-parts-flex
5575	charging-ports
5576	batteries
5577	batteries
5578	back-glass-housings
5579	back-glass-housings
5580	back-glass-housings
5581	charging-ports
5582	small-parts-flex
5583	cameras
5584	charging-ports
5585	batteries
5586	small-parts-flex
5587	charging-ports
5588	back-glass-housings
5589	back-glass-housings
5590	small-parts-flex
5591	cameras
5592	charging-ports
5593	cameras
5594	cameras
5595	charging-ports
5596	small-parts-flex
5597	small-parts-flex
5598	cameras
5599	small-parts-flex
5600	cameras
5601	cameras
5602	batteries
5603	small-parts-flex
5604	small-parts-flex
5605	small-parts-flex
5606	cameras
5607	small-parts-flex
5608	charging-ports
5609	small-parts-flex
5530	batteries
5531	batteries
5532	small-parts-flex
5533	small-parts-flex
5534	small-parts-flex
5535	small-parts-flex
5536	batteries
5537	back-glass-housings
5538	back-glass-housings
5539	back-glass-housings
5540	back-glass-housings
5541	back-glass-housings
5542	back-glass-housings
5543	small-parts-flex
5544	small-parts-flex
5545	cameras
5546	charging-ports
5547	batteries
5548	batteries
5549	screens-lcds
5550	screens-lcds
5551	screens-lcds
5552	screens-lcds
5553	small-parts-flex
5554	back-glass-housings
5555	back-glass-housings
5556	back-glass-housings
5557	back-glass-housings
5558	back-glass-housings
5559	small-parts-flex
5560	small-parts-flex
5561	cameras
5562	cameras
5563	cameras
5564	charging-ports
5565	batteries
5566	batteries
5567	small-parts-flex
5568	small-parts-flex
5569	small-parts-flex
5610	small-parts-flex
5611	back-glass-housings
5612	back-glass-housings
5613	back-glass-housings
5614	back-glass-housings
5615	small-parts-flex
5616	charging-ports
5617	small-parts-flex
5618	small-parts-flex
5619	small-parts-flex
5620	small-parts-flex
5621	back-glass-housings
5622	small-parts-flex
5623	cameras
5624	charging-ports
5625	batteries
5626	small-parts-flex
5627	small-parts-flex
5628	small-parts-flex
5629	small-parts-flex
5630	small-parts-flex
5631	small-parts-flex
5632	back-glass-housings
5633	back-glass-housings
5634	back-glass-housings
5635	back-glass-housings
5636	cameras
5637	small-parts-flex
5638	small-parts-flex
5639	small-parts-flex
5640	cameras
5641	small-parts-flex
5642	small-parts-flex
5643	cameras
5644	small-parts-flex
5645	small-parts-flex
5646	small-parts-flex
5647	small-parts-flex
5648	small-parts-flex
5649	small-parts-flex
5650	small-parts-flex
5651	small-parts-flex
5652	small-parts-flex
5653	cameras
5654	small-parts-flex
5655	small-parts-flex
5656	small-parts-flex
5657	small-parts-flex
5658	back-glass-housings
5659	back-glass-housings
5660	small-parts-flex
5661	batteries
5662	small-parts-flex
5663	small-parts-flex
5664	small-parts-flex
5665	small-parts-flex
5666	cameras
5667	cameras
5668	charging-ports
5669	small-parts-flex
5670	cameras
5671	cameras
5672	charging-ports
5673	small-parts-flex
5674	cameras
5675	batteries
5676	small-parts-flex
5677	small-parts-flex
5678	back-glass-housings
5679	back-glass-housings
5680	back-glass-housings
5681	back-glass-housings
5682	charging-ports
5683	cameras
5684	cameras
5685	charging-ports
5686	back-glass-housings
5687	back-glass-housings
5688	back-glass-housings
5689	back-glass-housings
5690	cameras
5691	cameras
5692	small-parts-flex
5693	charging-ports
5694	small-parts-flex
5695	small-parts-flex
5696	small-parts-flex
5697	back-glass-housings
5698	back-glass-housings
5699	back-glass-housings
5700	cameras
5701	cameras
5702	cameras
5703	charging-ports
5704	charging-ports
5705	small-parts-flex
5706	small-parts-flex
5707	small-parts-flex
5708	cameras
5709	cameras
5710	batteries
5711	small-parts-flex
5712	cameras
5713	charging-ports
5714	back-glass-housings
5715	charging-ports
5716	batteries
5717	back-glass-housings
5718	back-glass-housings
5719	back-glass-housings
5720	back-glass-housings
5721	charging-ports
5722	batteries
5723	back-glass-housings
5724	back-glass-housings
5725	back-glass-housings
5726	cameras
5727	charging-ports
5728	back-glass-housings
5729	back-glass-housings
5730	back-glass-housings
5731	back-glass-housings
5732	screens-lcds
5733	screens-lcds
5734	screens-lcds
5735	screens-lcds
5736	screens-lcds
5737	screens-lcds
5738	screens-lcds
5739	screens-lcds
5740	screens-lcds
5741	screens-lcds
5742	screens-lcds
5743	screens-lcds
5744	screens-lcds
5745	screens-lcds
5746	small-parts-flex
5747	small-parts-flex
5748	cameras
5749	cameras
5750	batteries
5751	charging-ports
5752	screens-lcds
5753	small-parts-flex
5754	small-parts-flex
5755	cameras
5756	cameras
5757	charging-ports
5758	batteries
5759	screens-lcds
5760	back-glass-housings
5761	back-glass-housings
5762	back-glass-housings
5763	back-glass-housings
5764	back-glass-housings
5765	back-glass-housings
5766	back-glass-housings
5767	back-glass-housings
5768	small-parts-flex
5769	small-parts-flex
5770	small-parts-flex
5771	charging-ports
5772	cameras
5773	cameras
5774	screens-lcds
5775	back-glass-housings
5776	back-glass-housings
5777	back-glass-housings
5778	back-glass-housings
5779	back-glass-housings
5780	back-glass-housings
5781	small-parts-flex
5782	small-parts-flex
5783	small-parts-flex
5784	charging-ports
5785	cameras
5786	batteries
5787	screens-lcds
5788	small-parts-flex
5789	small-parts-flex
5790	cameras
5791	charging-ports
5792	cameras
5793	back-glass-housings
5794	back-glass-housings
5795	back-glass-housings
5796	back-glass-housings
5797	back-glass-housings
5798	batteries
5799	batteries
5800	cameras
5801	cameras
5802	cameras
5803	back-glass-housings
5804	back-glass-housings
5805	back-glass-housings
5806	back-glass-housings
5807	small-parts-flex
5808	batteries
5809	back-glass-housings
5810	back-glass-housings
5811	small-parts-flex
5812	back-glass-housings
5813	back-glass-housings
5814	back-glass-housings
5815	back-glass-housings
5816	small-parts-flex
5817	cameras
5818	cameras
5819	charging-ports
5820	batteries
5821	charging-ports
5822	small-parts-flex
5823	small-parts-flex
5824	cameras
5825	small-parts-flex
5826	back-glass-housings
5827	cameras
5828	back-glass-housings
5829	back-glass-housings
5830	back-glass-housings
5831	cameras
5832	batteries
5833	small-parts-flex
5834	small-parts-flex
5835	small-parts-flex
5836	small-parts-flex
5837	cameras
5838	cameras
5839	small-parts-flex
5840	back-glass-housings
5841	back-glass-housings
5842	small-parts-flex
5843	cameras
5844	batteries
5845	cameras
5846	small-parts-flex
5847	batteries
5848	batteries
5849	batteries
5850	screens-lcds
5851	cameras
5852	small-parts-flex
5853	cameras
5854	cameras
5855	cameras
5856	charging-ports
5857	back-glass-housings
5858	back-glass-housings
5859	cameras
5860	cameras
5861	charging-ports
5862	small-parts-flex
5863	small-parts-flex
5864	small-parts-flex
5865	small-parts-flex
5866	charging-ports
5867	charging-ports
5868	back-glass-housings
5869	back-glass-housings
5870	back-glass-housings
5871	back-glass-housings
5872	charging-ports
5873	charging-ports
5874	screens-lcds
5875	screens-lcds
5876	screens-lcds
5877	screens-lcds
5878	screens-lcds
5879	screens-lcds
5880	screens-lcds
5881	screens-lcds
5882	screens-lcds
5883	cases-covers
5884	cases-covers
5885	cases-covers
5886	cases-covers
5887	cases-covers
5888	cases-covers
5889	cases-covers
5930	cables-adapters
5931	cables-adapters
5932	cables-adapters
5933	cables-adapters
5934	cables-adapters
5935	cables-adapters
5936	cables-adapters
5937	cables-adapters
5938	cables-adapters
5939	cables-adapters
5940	cables-adapters
5941	cables-adapters
5942	cables-adapters
5943	cables-adapters
5944	cables-adapters
5945	cables-adapters
5946	cables-adapters
5947	tempered-glass-protection
5948	cases-covers
5949	cases-covers
5950	cases-covers
5951	cases-covers
5952	cases-covers
5953	cases-covers
5954	cases-covers
5955	cases-covers
5956	cases-covers
5957	tempered-glass-protection
5958	tempered-glass-protection
5959	cases-covers
5960	cases-covers
5961	cases-covers
5962	cases-covers
5963	cases-covers
5964	cases-covers
5965	cases-covers
5966	cases-covers
5967	cases-covers
5968	cases-covers
5969	batteries
5890	cases-covers
5891	cases-covers
5892	cases-covers
5893	cases-covers
5894	cases-covers
5895	cases-covers
5896	tempered-glass-protection
5897	tempered-glass-protection
5898	tempered-glass-protection
5899	tempered-glass-protection
5900	tempered-glass-protection
5901	cases-covers
5902	tempered-glass-protection
5903	tempered-glass-protection
5904	accessories
5905	accessories
5906	accessories
5907	it-multimedia
5908	it-multimedia
5909	it-multimedia
5910	chargers-power
5911	chargers-power
5912	chargers-power
5913	chargers-power
5914	chargers-power
5915	chargers-power
5916	chargers-power
5917	chargers-power
5918	chargers-power
5919	chargers-power
5920	chargers-power
5921	chargers-power
5922	chargers-power
5923	cables-adapters
5924	cables-adapters
5925	cables-adapters
5926	cables-adapters
5927	cables-adapters
5928	cables-adapters
5929	cables-adapters
5970	batteries
5971	batteries
5972	batteries
5973	batteries
5974	batteries
5975	chargers-power
5976	chargers-power
5977	cables-adapters
5978	cables-adapters
5979	cables-adapters
5980	cables-adapters
5981	cables-adapters
5982	chargers-power
5983	chargers-power
5984	cables-adapters
5985	cables-adapters
5986	cables-adapters
5987	cables-adapters
5988	cables-adapters
5989	cables-adapters
5990	cables-adapters
5991	cables-adapters
5992	cables-adapters
5993	cables-adapters
5994	batteries
5995	batteries
5996	batteries
5997	it-multimedia
5998	chargers-power
5999	chargers-power
6000	cables-adapters
6001	chargers-power
6002	chargers-power
6003	chargers-power
6004	photo-video
6005	photo-video
6006	photo-video
6007	photo-video
6008	photo-video
6009	photo-video
6010	photo-video
6011	photo-video
6012	photo-video
6013	photo-video
6014	photo-video
6015	photo-video
6016	photo-video
6017	photo-video
6018	photo-video
6019	photo-video
6020	photo-video
6021	photo-video
6022	photo-video
6023	photo-video
6024	photo-video
6025	photo-video
6026	photo-video
6027	photo-video
6028	photo-video
6029	photo-video
6030	audio
6031	photo-video
6032	it-multimedia
6033	it-multimedia
6034	it-multimedia
6035	it-multimedia
6036	chargers-power
6037	chargers-power
6038	chargers-power
6039	cases-covers
6040	tempered-glass-protection
6041	tempered-glass-protection
6042	tempered-glass-protection
6043	tempered-glass-protection
6044	tempered-glass-protection
6045	tempered-glass-protection
6046	tempered-glass-protection
6047	tempered-glass-protection
6048	tempered-glass-protection
6049	tempered-glass-protection
6050	photo-video
6051	photo-video
6052	photo-video
6053	photo-video
6054	photo-video
6055	photo-video
6056	photo-video
6057	photo-video
6058	photo-video
6059	tempered-glass-protection
6060	tempered-glass-protection
6061	tempered-glass-protection
6062	tempered-glass-protection
6063	tempered-glass-protection
6064	tempered-glass-protection
6065	tempered-glass-protection
6066	tempered-glass-protection
6067	tempered-glass-protection
6068	tempered-glass-protection
6069	tempered-glass-protection
6070	tempered-glass-protection
6071	tempered-glass-protection
6072	tempered-glass-protection
6073	tempered-glass-protection
6074	tempered-glass-protection
6075	tempered-glass-protection
6076	tempered-glass-protection
6077	tempered-glass-protection
6078	tempered-glass-protection
6079	tempered-glass-protection
6080	tempered-glass-protection
6081	cables-adapters
6082	cases-covers
6083	cases-covers
6084	cases-covers
6085	tempered-glass-protection
6086	tempered-glass-protection
6087	tempered-glass-protection
6088	tempered-glass-protection
6089	tempered-glass-protection
6090	tempered-glass-protection
6091	tempered-glass-protection
6092	tempered-glass-protection
6093	tempered-glass-protection
6094	tempered-glass-protection
6095	tempered-glass-protection
6096	tempered-glass-protection
6097	tempered-glass-protection
6098	tempered-glass-protection
6099	tempered-glass-protection
6100	tempered-glass-protection
6101	tempered-glass-protection
6102	tempered-glass-protection
6103	tempered-glass-protection
6104	screens-lcds
6105	screens-lcds
6106	screens-lcds
6107	screens-lcds
6108	screens-lcds
6109	screens-lcds
6110	screens-lcds
6111	screens-lcds
6112	screens-lcds
6113	screens-lcds
6114	screens-lcds
6115	screens-lcds
6116	screens-lcds
6117	screens-lcds
6118	screens-lcds
6119	chargers-power
6120	tempered-glass-protection
6121	tempered-glass-protection
6122	cases-covers
6123	it-multimedia
6124	tempered-glass-protection
6125	tempered-glass-protection
6126	tempered-glass-protection
6127	tempered-glass-protection
6128	tempered-glass-protection
6129	tempered-glass-protection
6170	cases-covers
6171	cases-covers
6172	cases-covers
6173	cases-covers
6174	cases-covers
6175	cases-covers
6176	cases-covers
6177	cases-covers
6178	cases-covers
6179	cases-covers
6180	cases-covers
6181	cases-covers
6182	cases-covers
6183	cases-covers
6184	cases-covers
6185	cases-covers
6186	cases-covers
6187	cases-covers
6188	cases-covers
6189	cases-covers
6190	cases-covers
6191	cases-covers
6192	cases-covers
6193	cases-covers
6194	cases-covers
6195	cases-covers
6196	cases-covers
6197	cases-covers
6198	cases-covers
6199	cases-covers
6200	cases-covers
6201	cases-covers
6202	cases-covers
6203	cases-covers
6204	cases-covers
6205	cases-covers
6206	cases-covers
6207	cases-covers
6208	cases-covers
6209	cases-covers
6130	tempered-glass-protection
6131	tempered-glass-protection
6132	tempered-glass-protection
6133	tempered-glass-protection
6134	tempered-glass-protection
6135	tempered-glass-protection
6136	tempered-glass-protection
6137	tempered-glass-protection
6138	tempered-glass-protection
6139	cases-covers
6140	cases-covers
6141	cases-covers
6142	cases-covers
6143	cases-covers
6144	cases-covers
6145	cases-covers
6146	cases-covers
6147	cases-covers
6148	cases-covers
6149	cases-covers
6150	cases-covers
6151	cases-covers
6152	cases-covers
6153	cases-covers
6154	cases-covers
6155	cases-covers
6156	cases-covers
6157	cases-covers
6158	cases-covers
6159	cases-covers
6160	cases-covers
6161	cases-covers
6162	cases-covers
6163	cases-covers
6164	cases-covers
6165	cases-covers
6166	cases-covers
6167	cases-covers
6168	cases-covers
6169	cases-covers
6210	cases-covers
6211	screens-lcds
6212	screens-lcds
6213	screens-lcds
6214	screens-lcds
6215	screens-lcds
6216	screens-lcds
6217	screens-lcds
6218	screens-lcds
6219	screens-lcds
6220	screens-lcds
6221	screens-lcds
6222	screens-lcds
6223	tempered-glass-protection
6224	tempered-glass-protection
6225	tempered-glass-protection
6226	tempered-glass-protection
6227	tempered-glass-protection
6228	tempered-glass-protection
6229	tempered-glass-protection
6230	cases-covers
6231	cases-covers
6232	cases-covers
6233	cases-covers
6234	cases-covers
6235	screens-lcds
6236	screens-lcds
6237	screens-lcds
6238	screens-lcds
6239	screens-lcds
6240	screens-lcds
6241	screens-lcds
6242	screens-lcds
6243	screens-lcds
6244	screens-lcds
6245	screens-lcds
6246	screens-lcds
6247	batteries
6248	batteries
6249	batteries
6290	cables-adapters
6291	chargers-power
6292	tools-adhesives
6293	chargers-power
6294	cables-adapters
6295	chargers-power
6296	cables-adapters
6297	tools-adhesives
6298	accessories
6299	tools-adhesives
6300	accessories
6301	cables-adapters
6302	accessories
6303	cases-covers
6304	cases-covers
6305	cases-covers
6306	cases-covers
6307	cases-covers
6308	cases-covers
6309	cases-covers
6310	cases-covers
6311	screens-lcds
6312	screens-lcds
6313	screens-lcds
6314	screens-lcds
6315	screens-lcds
6316	screens-lcds
6317	screens-lcds
6318	screens-lcds
6319	screens-lcds
6320	screens-lcds
6321	screens-lcds
6322	screens-lcds
6323	screens-lcds
6324	screens-lcds
6325	screens-lcds
6326	batteries
6327	batteries
6328	batteries
6329	batteries
6250	batteries
6251	batteries
6252	batteries
6253	batteries
6254	batteries
6255	batteries
6256	batteries
6257	batteries
6258	batteries
6259	batteries
6260	batteries
6261	batteries
6262	batteries
6263	batteries
6264	batteries
6265	batteries
6266	batteries
6267	batteries
6268	batteries
6269	batteries
6270	batteries
6271	batteries
6272	batteries
6273	chargers-power
6274	cables-adapters
6275	chargers-power
6276	tempered-glass-protection
6277	tempered-glass-protection
6278	screens-lcds
6279	cables-adapters
6280	accessories
6281	chargers-power
6282	cables-adapters
6283	cables-adapters
6284	cables-adapters
6285	cables-adapters
6286	cables-adapters
6287	cables-adapters
6288	cables-adapters
6289	cables-adapters
6330	small-parts-flex
6331	back-glass-housings
6332	back-glass-housings
6333	back-glass-housings
6334	back-glass-housings
6335	back-glass-housings
6336	back-glass-housings
6337	back-glass-housings
6338	back-glass-housings
6339	small-parts-flex
6340	small-parts-flex
6341	small-parts-flex
6342	small-parts-flex
6343	small-parts-flex
6344	small-parts-flex
6345	small-parts-flex
6346	small-parts-flex
6347	small-parts-flex
6348	cameras
6349	cameras
6350	charging-ports
6351	charging-ports
6352	charging-ports
6353	charging-ports
6354	batteries
6355	batteries
6356	batteries
6357	screens-lcds
6358	screens-lcds
6359	screens-lcds
6360	screens-lcds
6361	screens-lcds
6362	screens-lcds
6363	screens-lcds
6364	screens-lcds
6365	back-glass-housings
6366	back-glass-housings
6367	back-glass-housings
6368	back-glass-housings
6369	back-glass-housings
6410	small-parts-flex
6411	small-parts-flex
6412	small-parts-flex
6413	cameras
6414	cameras
6415	charging-ports
6416	charging-ports
6417	batteries
6418	batteries
6419	batteries
6420	screens-lcds
6421	screens-lcds
6422	screens-lcds
6423	screens-lcds
6424	screens-lcds
6425	screens-lcds
6426	screens-lcds
6427	screens-lcds
6428	screens-lcds
6429	small-parts-flex
6430	small-parts-flex
6431	small-parts-flex
6432	back-glass-housings
6433	back-glass-housings
6434	back-glass-housings
6435	back-glass-housings
6436	back-glass-housings
6437	back-glass-housings
6438	back-glass-housings
6439	back-glass-housings
6440	back-glass-housings
6441	back-glass-housings
6442	small-parts-flex
6443	small-parts-flex
6444	small-parts-flex
6445	small-parts-flex
6446	small-parts-flex
6447	cameras
6448	cameras
6449	small-parts-flex
6370	back-glass-housings
6371	back-glass-housings
6372	back-glass-housings
6373	small-parts-flex
6374	small-parts-flex
6375	small-parts-flex
6376	small-parts-flex
6377	small-parts-flex
6378	small-parts-flex
6379	small-parts-flex
6380	small-parts-flex
6381	cameras
6382	cameras
6383	small-parts-flex
6384	charging-ports
6385	charging-ports
6386	charging-ports
6387	charging-ports
6388	batteries
6389	batteries
6390	batteries
6391	screens-lcds
6392	screens-lcds
6393	screens-lcds
6394	screens-lcds
6395	screens-lcds
6396	screens-lcds
6397	screens-lcds
6398	screens-lcds
6399	small-parts-flex
6400	back-glass-housings
6401	back-glass-housings
6402	back-glass-housings
6403	back-glass-housings
6404	back-glass-housings
6405	back-glass-housings
6406	back-glass-housings
6407	back-glass-housings
6408	back-glass-housings
6409	back-glass-housings
6450	charging-ports
6451	charging-ports
6452	batteries
6453	batteries
6454	batteries
6455	screens-lcds
6456	screens-lcds
6457	screens-lcds
6458	screens-lcds
6459	screens-lcds
6460	screens-lcds
6461	screens-lcds
6462	screens-lcds
6463	cables-adapters
6464	chargers-power
6465	tempered-glass-protection
6466	cases-covers
6467	cases-covers
6468	cases-covers
6469	cases-covers
6470	cases-covers
6471	cases-covers
6472	cases-covers
6473	cases-covers
6474	cases-covers
6475	cases-covers
6476	cases-covers
6477	cases-covers
6478	tempered-glass-protection
6479	screens-lcds
6480	screens-lcds
6481	screens-lcds
6482	batteries
6483	screens-lcds
6484	screens-lcds
6485	charging-ports
6486	charging-ports
6487	batteries
6488	screens-lcds
6489	screens-lcds
6490	charging-ports
6491	charging-ports
6492	charging-ports
6493	batteries
6494	charging-ports
6495	charging-ports
6496	screens-lcds
6497	batteries
6498	charging-ports
6499	charging-ports
6500	screens-lcds
6501	back-glass-housings
6502	back-glass-housings
6503	back-glass-housings
6504	back-glass-housings
6505	back-glass-housings
6506	back-glass-housings
6507	back-glass-housings
6508	back-glass-housings
6509	small-parts-flex
6510	cameras
6511	cameras
6512	charging-ports
6513	batteries
6514	screens-lcds
6515	screens-lcds
6516	screens-lcds
6517	screens-lcds
6518	screens-lcds
6519	small-parts-flex
6520	back-glass-housings
6521	back-glass-housings
6522	back-glass-housings
6523	small-parts-flex
6524	small-parts-flex
6525	small-parts-flex
6526	cameras
6527	cameras
6528	charging-ports
6529	batteries
6530	screens-lcds
6531	screens-lcds
6532	screens-lcds
6533	small-parts-flex
6534	back-glass-housings
6535	back-glass-housings
6536	back-glass-housings
6537	small-parts-flex
6538	small-parts-flex
6539	cameras
6540	charging-ports
6541	batteries
6542	batteries
6543	screens-lcds
6544	screens-lcds
6545	screens-lcds
6546	screens-lcds
6547	screens-lcds
6548	back-glass-housings
6549	back-glass-housings
6550	back-glass-housings
6551	back-glass-housings
6552	small-parts-flex
6553	small-parts-flex
6554	cameras
6555	cameras
6556	cameras
6557	charging-ports
6558	batteries
6559	batteries
6560	screens-lcds
6561	screens-lcds
6562	screens-lcds
6563	screens-lcds
6564	screens-lcds
6565	screens-lcds
6566	screens-lcds
6567	screens-lcds
6568	screens-lcds
6569	back-glass-housings
6570	back-glass-housings
6571	back-glass-housings
6572	back-glass-housings
6573	back-glass-housings
6574	back-glass-housings
6575	back-glass-housings
6576	back-glass-housings
6577	small-parts-flex
6578	charging-ports
6579	batteries
6580	screens-lcds
6581	back-glass-housings
6582	back-glass-housings
6583	cables-adapters
6584	cables-adapters
6585	accessories
6586	accessories
6587	accessories
6588	accessories
6589	cables-adapters
6590	accessories
6591	accessories
6592	accessories
6593	cables-adapters
6594	cables-adapters
6595	cables-adapters
6596	cables-adapters
6597	cables-adapters
6598	chargers-power
6599	chargers-power
6600	chargers-power
6601	chargers-power
6602	cases-covers
6603	cases-covers
6604	cases-covers
6605	cases-covers
6606	cases-covers
6607	cases-covers
6608	cases-covers
6609	cases-covers
6650	cables-adapters
6651	cables-adapters
6652	cables-adapters
6653	cables-adapters
6654	tools-adhesives
6655	cables-adapters
6656	cables-adapters
6657	cables-adapters
6658	cables-adapters
6659	cables-adapters
6660	cables-adapters
6661	cables-adapters
6662	cables-adapters
6663	accessories
6664	accessories
6665	cables-adapters
6666	accessories
6667	cables-adapters
6668	cables-adapters
6669	cables-adapters
6670	cables-adapters
6671	cables-adapters
6672	cables-adapters
6673	accessories
6674	accessories
6675	accessories
6676	accessories
6677	cables-adapters
6678	cables-adapters
6679	cables-adapters
6680	cables-adapters
6681	cables-adapters
6682	cables-adapters
6683	cables-adapters
6684	cables-adapters
6685	cables-adapters
6686	cables-adapters
6687	accessories
6688	cables-adapters
6689	chargers-power
6610	cases-covers
6611	cases-covers
6612	cases-covers
6613	cases-covers
6614	cases-covers
6615	cases-covers
6616	chargers-power
6617	tools-adhesives
6618	cables-adapters
6619	cables-adapters
6620	tools-adhesives
6621	cables-adapters
6622	cables-adapters
6623	cables-adapters
6624	chargers-power
6625	cables-adapters
6626	cables-adapters
6627	chargers-power
6628	cables-adapters
6629	tools-adhesives
6630	cables-adapters
6631	cables-adapters
6632	cables-adapters
6633	cables-adapters
6634	cables-adapters
6635	accessories
6636	cables-adapters
6637	cables-adapters
6638	cables-adapters
6639	cables-adapters
6640	cables-adapters
6641	cables-adapters
6642	cables-adapters
6643	cables-adapters
6644	cables-adapters
6645	cables-adapters
6646	tools-adhesives
6647	cables-adapters
6648	cables-adapters
6649	cables-adapters
6690	cables-adapters
6691	cables-adapters
6692	accessories
6693	it-multimedia
6694	accessories
6695	chargers-power
6696	screens-lcds
6697	screens-lcds
6698	it-multimedia
6699	photo-video
6700	photo-video
6701	photo-video
6702	photo-video
6703	chargers-power
6704	photo-video
6705	photo-video
6706	photo-video
6707	photo-video
6708	photo-video
6709	photo-video
6710	photo-video
6711	photo-video
6712	photo-video
6713	photo-video
6714	photo-video
6715	photo-video
6716	photo-video
6717	photo-video
6718	photo-video
6719	photo-video
6720	cables-adapters
6721	batteries
6722	photo-video
6723	photo-video
6724	photo-video
6725	photo-video
6726	photo-video
6727	photo-video
6728	photo-video
6729	photo-video
6730	chargers-power
6731	photo-video
6732	photo-video
6733	photo-video
6734	batteries
6735	chargers-power
6736	photo-video
6737	photo-video
6738	small-parts-flex
6739	batteries
6740	batteries
6741	chargers-power
6742	batteries
6743	batteries
6744	batteries
6745	batteries
6746	batteries
6747	batteries
6748	batteries
6749	batteries
6750	audio
6751	audio
6752	audio
6753	audio
6754	photo-video
6755	photo-video
6756	photo-video
6757	photo-video
6758	audio
6759	audio
6760	audio
6761	audio
6762	audio
6763	photo-video
6764	photo-video
6765	photo-video
6766	photo-video
6767	photo-video
6768	photo-video
6769	photo-video
6810	back-glass-housings
6811	back-glass-housings
6812	batteries
6813	screens-lcds
6814	screens-lcds
6815	screens-lcds
6816	screens-lcds
6817	screens-lcds
6818	chargers-power
6819	cables-adapters
6820	accessories
6821	chargers-power
6822	cables-adapters
6823	accessories
6824	accessories
6825	accessories
6826	accessories
6827	chargers-power
6828	accessories
6829	accessories
6830	cases-covers
6831	accessories
6832	tempered-glass-protection
6833	cases-covers
6834	cables-adapters
6835	cables-adapters
6836	cables-adapters
6837	cables-adapters
6838	cables-adapters
6839	cables-adapters
6840	cables-adapters
6841	cables-adapters
6842	cables-adapters
6843	cables-adapters
6844	cables-adapters
6845	cables-adapters
6846	cables-adapters
6847	it-multimedia
6848	it-multimedia
6849	it-multimedia
6890	batteries
6891	batteries
6892	batteries
6893	batteries
6894	batteries
6895	batteries
6896	batteries
6897	batteries
6898	batteries
6899	batteries
6900	batteries
6901	batteries
6902	batteries
6903	batteries
6904	batteries
6905	batteries
6906	batteries
6907	batteries
6908	batteries
6909	batteries
6910	batteries
6911	batteries
6912	batteries
6913	batteries
6914	batteries
6915	batteries
6916	batteries
6917	batteries
6918	batteries
6919	batteries
6920	batteries
6921	batteries
6922	batteries
6923	batteries
6924	batteries
6925	batteries
6926	batteries
6927	batteries
6928	batteries
6929	batteries
6930	batteries
6931	batteries
6932	batteries
6933	batteries
6934	batteries
6935	batteries
6936	batteries
6937	batteries
6938	batteries
6939	batteries
6940	batteries
6941	batteries
6942	batteries
6943	batteries
6944	batteries
6945	batteries
6946	batteries
6947	batteries
6948	batteries
6949	batteries
6950	batteries
6951	batteries
6952	batteries
6953	batteries
6954	batteries
6955	batteries
6956	batteries
6957	batteries
6958	batteries
6959	batteries
6960	batteries
6961	batteries
6962	batteries
6963	batteries
6964	batteries
6965	batteries
6966	batteries
6967	batteries
6968	batteries
6969	batteries
6970	batteries
6971	batteries
6972	batteries
6973	batteries
6974	batteries
6975	batteries
6976	batteries
6977	batteries
6978	batteries
6979	batteries
6980	batteries
6981	batteries
6982	batteries
6983	batteries
6984	batteries
6985	accessories
6986	accessories
6987	accessories
6988	accessories
6989	batteries
6990	batteries
6991	batteries
6992	batteries
6993	batteries
6994	batteries
6995	batteries
6996	batteries
6997	batteries
6998	batteries
6999	batteries
7000	batteries
7001	batteries
7002	batteries
7003	batteries
7004	batteries
7005	batteries
7006	batteries
7007	batteries
7008	batteries
7009	batteries
7010	batteries
7011	batteries
7012	batteries
7013	batteries
7014	batteries
7015	batteries
7016	batteries
7017	batteries
7018	batteries
7019	batteries
7020	batteries
7021	batteries
7022	batteries
7023	batteries
7024	batteries
7025	batteries
7026	batteries
7027	batteries
7028	batteries
7029	batteries
7030	batteries
7031	batteries
7032	batteries
7033	batteries
7034	batteries
7035	batteries
7036	batteries
7037	batteries
7038	batteries
7039	batteries
7040	batteries
7041	batteries
7042	batteries
7043	batteries
7044	batteries
7045	batteries
7046	batteries
7047	batteries
7048	batteries
7049	batteries
7050	batteries
7051	batteries
7052	batteries
7053	batteries
7054	batteries
7055	batteries
7056	batteries
7057	batteries
7058	batteries
7059	batteries
7060	batteries
7061	batteries
7062	batteries
7063	batteries
7064	batteries
7065	batteries
7066	batteries
7067	batteries
7068	batteries
7069	batteries
7070	batteries
7071	batteries
7072	batteries
7073	batteries
7074	batteries
7075	batteries
7076	batteries
7077	batteries
7078	batteries
7079	batteries
7080	batteries
7081	batteries
7082	batteries
7083	batteries
7084	batteries
7085	batteries
7086	batteries
7087	batteries
7088	batteries
7089	batteries
6770	photo-video
6771	cables-adapters
6772	cables-adapters
6773	cables-adapters
6774	accessories
6775	cables-adapters
6776	it-multimedia
6777	cables-adapters
6778	tempered-glass-protection
6779	tempered-glass-protection
6780	back-glass-housings
6781	back-glass-housings
6782	back-glass-housings
6783	back-glass-housings
6784	back-glass-housings
6785	back-glass-housings
6786	back-glass-housings
6787	batteries
6788	screens-lcds
6789	screens-lcds
6790	screens-lcds
6791	screens-lcds
6792	back-glass-housings
6793	back-glass-housings
6794	back-glass-housings
6795	back-glass-housings
6796	back-glass-housings
6797	back-glass-housings
6798	back-glass-housings
6799	batteries
6800	screens-lcds
6801	screens-lcds
6802	screens-lcds
6803	screens-lcds
6804	screens-lcds
6805	screens-lcds
6806	back-glass-housings
6807	back-glass-housings
6808	back-glass-housings
6809	back-glass-housings
6850	it-multimedia
6851	accessories
6852	accessories
6853	accessories
6854	accessories
6855	it-multimedia
6856	photo-video
6857	it-multimedia
6858	small-parts-flex
6859	small-parts-flex
6860	small-parts-flex
6861	small-parts-flex
6862	small-parts-flex
6863	small-parts-flex
6864	photo-video
6865	tempered-glass-protection
6866	tempered-glass-protection
6867	tempered-glass-protection
6868	tempered-glass-protection
6869	back-glass-housings
6870	back-glass-housings
6871	charging-ports
6872	batteries
6873	batteries
6874	batteries
6875	screens-lcds
6876	screens-lcds
6877	screens-lcds
6878	screens-lcds
6879	screens-lcds
6880	screens-lcds
6881	screens-lcds
6882	tools-adhesives
6883	accessories
6884	accessories
6885	accessories
6886	accessories
6887	accessories
6888	accessories
6889	accessories
7130	tempered-glass-protection
7131	tempered-glass-protection
7132	tempered-glass-protection
7133	tempered-glass-protection
7134	tempered-glass-protection
7135	tempered-glass-protection
7136	it-multimedia
7137	it-multimedia
7138	it-multimedia
7139	accessories
7140	accessories
7141	accessories
7142	accessories
7143	accessories
7144	screens-lcds
7145	accessories
7146	accessories
7147	accessories
7148	accessories
7149	accessories
7150	accessories
7151	accessories
7152	accessories
7153	accessories
7154	accessories
7155	accessories
7156	accessories
7157	accessories
7158	accessories
7159	accessories
7160	accessories
7161	accessories
7162	accessories
7163	accessories
7164	accessories
7165	accessories
7166	accessories
7167	accessories
7168	it-multimedia
7169	it-multimedia
7090	batteries
7091	batteries
7092	batteries
7093	accessories
7094	accessories
7095	batteries
7096	batteries
7097	batteries
7098	batteries
7099	batteries
7100	batteries
7101	batteries
7102	batteries
7103	cases-covers
7104	tempered-glass-protection
7105	cases-covers
7106	tempered-glass-protection
7107	tempered-glass-protection
7108	tempered-glass-protection
7109	tempered-glass-protection
7110	tempered-glass-protection
7111	tempered-glass-protection
7112	tempered-glass-protection
7113	tempered-glass-protection
7114	tempered-glass-protection
7115	tempered-glass-protection
7116	tempered-glass-protection
7117	tempered-glass-protection
7118	tempered-glass-protection
7119	tempered-glass-protection
7120	tempered-glass-protection
7121	tempered-glass-protection
7122	tempered-glass-protection
7123	tempered-glass-protection
7124	tempered-glass-protection
7125	tempered-glass-protection
7126	tempered-glass-protection
7127	tempered-glass-protection
7128	tempered-glass-protection
7129	tempered-glass-protection
7170	it-multimedia
7171	cables-adapters
7172	cables-adapters
7173	cables-adapters
7174	cables-adapters
7175	cables-adapters
7176	cables-adapters
7177	cables-adapters
7178	cables-adapters
7179	cables-adapters
7180	cables-adapters
7181	cables-adapters
7182	cables-adapters
7183	cables-adapters
7184	cables-adapters
7185	cables-adapters
7186	cables-adapters
7187	chargers-power
7188	chargers-power
7189	chargers-power
7190	chargers-power
7191	chargers-power
7192	chargers-power
7193	chargers-power
7194	accessories
7195	accessories
7196	accessories
7197	accessories
7198	accessories
7199	accessories
7200	accessories
7201	accessories
7202	accessories
7203	screens-lcds
7204	screens-lcds
7205	screens-lcds
7206	screens-lcds
7207	screens-lcds
7208	screens-lcds
7209	accessories
7210	accessories
7211	accessories
7212	photo-video
7213	photo-video
7214	photo-video
7215	photo-video
7216	photo-video
7217	photo-video
7218	accessories
7219	accessories
7220	tools-adhesives
7221	tools-adhesives
7222	tools-adhesives
7223	tools-adhesives
7224	accessories
7225	tools-adhesives
7226	accessories
7227	tools-adhesives
7228	tools-adhesives
7229	tools-adhesives
7230	accessories
7231	tools-adhesives
7232	accessories
7233	tools-adhesives
7234	tools-adhesives
7235	accessories
7236	tools-adhesives
7237	accessories
7238	screens-lcds
7239	screens-lcds
7240	screens-lcds
7241	screens-lcds
7242	screens-lcds
7243	screens-lcds
7244	screens-lcds
7245	screens-lcds
7246	screens-lcds
7247	screens-lcds
7248	cables-adapters
7249	cables-adapters
7250	cables-adapters
7251	photo-video
7252	photo-video
7253	photo-video
7254	photo-video
7255	photo-video
7256	photo-video
7257	photo-video
7258	photo-video
7259	photo-video
7260	photo-video
7261	photo-video
7262	cases-covers
7263	cases-covers
7264	tempered-glass-protection
7265	cases-covers
7266	cases-covers
7267	cases-covers
7268	cases-covers
7269	photo-video
7270	photo-video
7271	photo-video
7272	photo-video
7273	photo-video
7274	photo-video
7275	batteries
7276	photo-video
7277	photo-video
7278	photo-video
7279	photo-video
7280	photo-video
7281	photo-video
7282	photo-video
7283	photo-video
7284	photo-video
7285	photo-video
7286	photo-video
7287	photo-video
7288	photo-video
7289	photo-video
7330	tempered-glass-protection
7331	tempered-glass-protection
7332	tempered-glass-protection
7333	tempered-glass-protection
7334	tempered-glass-protection
7335	tempered-glass-protection
7336	it-multimedia
7337	it-multimedia
7338	it-multimedia
7339	accessories
7340	chargers-power
7341	accessories
7342	accessories
7343	cables-adapters
7344	chargers-power
7345	cables-adapters
7346	cables-adapters
7347	cables-adapters
7348	batteries
7349	screens-lcds
7350	screens-lcds
7351	batteries
7352	screens-lcds
7353	screens-lcds
7354	cables-adapters
7355	cables-adapters
7356	cables-adapters
7357	cables-adapters
7358	cables-adapters
7359	cables-adapters
7360	cables-adapters
7361	cables-adapters
7362	cables-adapters
7363	cables-adapters
7364	cables-adapters
7365	cables-adapters
7366	cables-adapters
7367	cables-adapters
7368	cables-adapters
7369	cables-adapters
7290	photo-video
7291	photo-video
7292	photo-video
7293	photo-video
7294	photo-video
7295	photo-video
7296	tools-adhesives
7297	photo-video
7298	photo-video
7299	photo-video
7300	photo-video
7301	photo-video
7302	photo-video
7303	photo-video
7304	photo-video
7305	photo-video
7306	photo-video
7307	photo-video
7308	photo-video
7309	photo-video
7310	photo-video
7311	photo-video
7312	photo-video
7313	cables-adapters
7314	photo-video
7315	photo-video
7316	photo-video
7317	tools-adhesives
7318	photo-video
7319	photo-video
7320	photo-video
7321	photo-video
7322	photo-video
7323	photo-video
7324	photo-video
7325	photo-video
7326	photo-video
7327	photo-video
7328	tempered-glass-protection
7329	photo-video
7410	tempered-glass-protection
7411	tempered-glass-protection
7412	tempered-glass-protection
7413	tempered-glass-protection
7414	tempered-glass-protection
7415	tempered-glass-protection
7416	tempered-glass-protection
7417	tempered-glass-protection
7418	tempered-glass-protection
7419	tempered-glass-protection
7420	tempered-glass-protection
7421	tempered-glass-protection
7422	tempered-glass-protection
7423	tempered-glass-protection
7424	tempered-glass-protection
7425	tempered-glass-protection
7426	tempered-glass-protection
7427	tempered-glass-protection
7428	tempered-glass-protection
7429	tempered-glass-protection
7430	tempered-glass-protection
7431	tempered-glass-protection
7432	cases-covers
7433	cases-covers
7434	cases-covers
7435	cases-covers
7436	cases-covers
7437	cases-covers
7438	cases-covers
7439	cases-covers
7440	cases-covers
7441	cases-covers
7442	cases-covers
7443	cases-covers
7444	tempered-glass-protection
7445	tempered-glass-protection
7446	tempered-glass-protection
7447	tempered-glass-protection
7448	batteries
7449	screens-lcds
7370	cables-adapters
7371	cables-adapters
7372	cables-adapters
7373	cables-adapters
7374	cables-adapters
7375	cables-adapters
7376	cables-adapters
7377	cables-adapters
7378	cables-adapters
7379	cables-adapters
7380	photo-video
7381	photo-video
7382	photo-video
7383	photo-video
7384	photo-video
7385	photo-video
7386	photo-video
7387	photo-video
7388	photo-video
7389	photo-video
7390	photo-video
7391	photo-video
7392	photo-video
7393	photo-video
7394	photo-video
7395	photo-video
7396	photo-video
7397	photo-video
7398	photo-video
7399	photo-video
7400	batteries
7401	photo-video
7402	tempered-glass-protection
7403	tempered-glass-protection
7404	tempered-glass-protection
7405	batteries
7406	screens-lcds
7407	screens-lcds
7408	tempered-glass-protection
7409	tempered-glass-protection
7450	screens-lcds
7451	screens-lcds
7452	tempered-glass-protection
7453	tempered-glass-protection
7454	tempered-glass-protection
7455	tempered-glass-protection
7456	tempered-glass-protection
7457	tempered-glass-protection
7458	tempered-glass-protection
7459	tempered-glass-protection
7460	tempered-glass-protection
7461	tempered-glass-protection
7462	tempered-glass-protection
7463	tempered-glass-protection
7464	tempered-glass-protection
7465	tempered-glass-protection
7466	tools-adhesives
7467	tools-adhesives
7468	tools-adhesives
7469	tools-adhesives
7470	tools-adhesives
7471	tools-adhesives
7472	accessories
7473	accessories
7474	accessories
7475	accessories
7476	accessories
7477	tempered-glass-protection
7478	tempered-glass-protection
7479	tempered-glass-protection
7480	tempered-glass-protection
7481	cables-adapters
7482	cables-adapters
7483	batteries
7484	screens-lcds
7485	cases-covers
7486	cases-covers
7487	cases-covers
7488	cases-covers
7489	cases-covers
7490	cases-covers
7491	cases-covers
7492	cases-covers
7493	cases-covers
7494	cases-covers
7495	cases-covers
7496	cases-covers
7497	cases-covers
7498	cases-covers
7499	cases-covers
7500	cases-covers
7501	cases-covers
7502	cases-covers
7503	cases-covers
7504	cases-covers
7505	cases-covers
7506	cases-covers
7507	cases-covers
7508	cases-covers
7509	cases-covers
7510	cases-covers
7511	cases-covers
7512	accessories
7513	chargers-power
7514	chargers-power
7515	chargers-power
7516	accessories
7517	accessories
7518	chargers-power
7519	cables-adapters
7520	cables-adapters
7521	cables-adapters
7522	chargers-power
7523	cables-adapters
7524	chargers-power
7525	cables-adapters
7526	cables-adapters
7527	cables-adapters
7528	accessories
7529	accessories
7570	tempered-glass-protection
7571	tempered-glass-protection
7572	tempered-glass-protection
7573	tempered-glass-protection
7574	tempered-glass-protection
7575	tempered-glass-protection
7576	tempered-glass-protection
7577	tempered-glass-protection
7578	tempered-glass-protection
7579	tempered-glass-protection
7580	tempered-glass-protection
7581	tempered-glass-protection
7582	tempered-glass-protection
7583	tempered-glass-protection
7584	tempered-glass-protection
7585	tempered-glass-protection
7586	tempered-glass-protection
7587	tempered-glass-protection
7588	tempered-glass-protection
7589	tempered-glass-protection
7590	tempered-glass-protection
7591	cases-covers
7592	tempered-glass-protection
7593	tempered-glass-protection
7594	tempered-glass-protection
7595	tempered-glass-protection
7596	tempered-glass-protection
7597	tempered-glass-protection
7598	tempered-glass-protection
7599	tempered-glass-protection
7600	tempered-glass-protection
7601	tempered-glass-protection
7602	tempered-glass-protection
7603	tempered-glass-protection
7604	tempered-glass-protection
7605	tempered-glass-protection
7606	tempered-glass-protection
7607	tempered-glass-protection
7608	tempered-glass-protection
7609	tempered-glass-protection
7530	accessories
7531	tempered-glass-protection
7532	cases-covers
7533	cases-covers
7534	accessories
7535	accessories
7536	accessories
7537	accessories
7538	accessories
7539	accessories
7540	cables-adapters
7541	chargers-power
7542	cables-adapters
7543	chargers-power
7544	cables-adapters
7545	it-multimedia
7546	cables-adapters
7547	it-multimedia
7548	cables-adapters
7549	accessories
7550	it-multimedia
7551	it-multimedia
7552	accessories
7553	cables-adapters
7554	cables-adapters
7555	cables-adapters
7556	cables-adapters
7557	accessories
7558	accessories
7559	cables-adapters
7560	cables-adapters
7561	cables-adapters
7562	tempered-glass-protection
7563	tempered-glass-protection
7564	tempered-glass-protection
7565	tempered-glass-protection
7566	tempered-glass-protection
7567	tempered-glass-protection
7568	tempered-glass-protection
7569	tempered-glass-protection
7610	tempered-glass-protection
7611	tempered-glass-protection
7612	tempered-glass-protection
7613	tempered-glass-protection
7614	tempered-glass-protection
7615	tempered-glass-protection
7616	tempered-glass-protection
7617	tempered-glass-protection
7618	tempered-glass-protection
7619	tempered-glass-protection
7620	tempered-glass-protection
7621	tempered-glass-protection
7622	tempered-glass-protection
7623	cases-covers
7624	cases-covers
7625	cases-covers
7626	cameras
7627	cases-covers
7628	cameras
7629	cases-covers
7630	cases-covers
7631	tempered-glass-protection
7632	tempered-glass-protection
7633	cases-covers
7634	tempered-glass-protection
7635	tempered-glass-protection
7636	tempered-glass-protection
7637	cases-covers
7638	cases-covers
7639	cases-covers
7640	cameras
7641	tempered-glass-protection
7642	tempered-glass-protection
7643	tempered-glass-protection
7644	tempered-glass-protection
7645	tempered-glass-protection
7646	tempered-glass-protection
7647	tempered-glass-protection
7648	tempered-glass-protection
7649	tempered-glass-protection
7650	tempered-glass-protection
7651	tempered-glass-protection
7652	tempered-glass-protection
7653	tempered-glass-protection
7654	tempered-glass-protection
7655	tempered-glass-protection
7656	tempered-glass-protection
7657	tempered-glass-protection
7658	tempered-glass-protection
7659	tempered-glass-protection
7660	tempered-glass-protection
7661	tempered-glass-protection
7662	tempered-glass-protection
7663	tempered-glass-protection
7664	tempered-glass-protection
7665	cameras
7666	cases-covers
7667	cases-covers
7668	cameras
7669	tempered-glass-protection
7670	tempered-glass-protection
7671	chargers-power
7672	cables-adapters
7673	cables-adapters
7674	cables-adapters
7675	cables-adapters
7676	it-multimedia
7677	it-multimedia
7678	it-multimedia
7679	cables-adapters
7680	cables-adapters
7681	cables-adapters
7682	cables-adapters
7683	it-multimedia
7684	it-multimedia
7685	it-multimedia
7686	cables-adapters
7687	cables-adapters
7688	cables-adapters
7689	cables-adapters
7690	cables-adapters
7691	cables-adapters
7692	cables-adapters
7693	cables-adapters
7694	cables-adapters
7695	cables-adapters
7696	cables-adapters
7697	cables-adapters
7698	cables-adapters
7699	cables-adapters
7700	cables-adapters
7701	cables-adapters
7702	cables-adapters
7703	cables-adapters
7704	cables-adapters
7705	cables-adapters
7706	cables-adapters
7707	cables-adapters
7708	cables-adapters
7709	cables-adapters
7710	cables-adapters
7711	cables-adapters
7712	cables-adapters
7713	cables-adapters
7714	cables-adapters
7715	it-multimedia
7716	back-glass-housings
7717	back-glass-housings
7718	back-glass-housings
7719	back-glass-housings
7720	back-glass-housings
7721	back-glass-housings
7722	screens-lcds
7723	screens-lcds
7724	screens-lcds
7725	screens-lcds
7726	back-glass-housings
7727	back-glass-housings
7728	back-glass-housings
7729	back-glass-housings
7730	back-glass-housings
7731	back-glass-housings
7732	screens-lcds
7733	screens-lcds
7734	screens-lcds
7735	screens-lcds
7736	back-glass-housings
7737	back-glass-housings
7738	back-glass-housings
7739	back-glass-housings
7740	back-glass-housings
7741	back-glass-housings
7742	back-glass-housings
7743	back-glass-housings
7744	batteries
7745	screens-lcds
7746	screens-lcds
7747	back-glass-housings
7748	back-glass-housings
7749	back-glass-housings
7750	back-glass-housings
7751	back-glass-housings
7752	back-glass-housings
7753	back-glass-housings
7754	back-glass-housings
7755	batteries
7756	batteries
7757	screens-lcds
7758	screens-lcds
7759	screens-lcds
7760	screens-lcds
7761	photo-video
7762	photo-video
7763	photo-video
7764	photo-video
7765	photo-video
7766	photo-video
7767	photo-video
7768	photo-video
7769	photo-video
7810	tempered-glass-protection
7811	cases-covers
7812	tempered-glass-protection
7813	cameras
7814	accessories
7815	accessories
7816	accessories
7817	accessories
7818	accessories
7819	accessories
7820	accessories
7821	accessories
7822	accessories
7823	cameras
7824	cases-covers
7825	tempered-glass-protection
7826	tempered-glass-protection
7827	tempered-glass-protection
7828	tempered-glass-protection
7829	tempered-glass-protection
7830	tempered-glass-protection
7831	tempered-glass-protection
7832	tempered-glass-protection
7833	tempered-glass-protection
7834	tempered-glass-protection
7835	tempered-glass-protection
7836	tempered-glass-protection
7837	tempered-glass-protection
7838	tempered-glass-protection
7839	tempered-glass-protection
7840	tempered-glass-protection
7841	tempered-glass-protection
7842	screens-lcds
7843	screens-lcds
7844	screens-lcds
7845	screens-lcds
7846	screens-lcds
7847	screens-lcds
7848	screens-lcds
7849	screens-lcds
7770	photo-video
7771	photo-video
7772	photo-video
7773	photo-video
7774	photo-video
7775	photo-video
7776	photo-video
7777	photo-video
7778	photo-video
7779	photo-video
7780	photo-video
7781	photo-video
7782	photo-video
7783	screens-lcds
7784	screens-lcds
7785	batteries
7786	batteries
7787	batteries
7788	cases-covers
7789	cases-covers
7790	cases-covers
7791	cases-covers
7792	cases-covers
7793	accessories
7794	tempered-glass-protection
7795	tempered-glass-protection
7796	tempered-glass-protection
7797	tempered-glass-protection
7798	tempered-glass-protection
7799	tempered-glass-protection
7800	cases-covers
7801	tempered-glass-protection
7802	tempered-glass-protection
7803	tempered-glass-protection
7804	tempered-glass-protection
7805	tempered-glass-protection
7806	tempered-glass-protection
7807	tempered-glass-protection
7808	tempered-glass-protection
7809	tempered-glass-protection
7850	screens-lcds
7851	screens-lcds
7852	screens-lcds
7853	screens-lcds
7854	screens-lcds
7855	screens-lcds
7856	screens-lcds
7857	screens-lcds
7858	screens-lcds
7859	screens-lcds
7860	screens-lcds
7861	it-multimedia
7862	tempered-glass-protection
7863	tempered-glass-protection
7864	tempered-glass-protection
7865	tempered-glass-protection
7866	tempered-glass-protection
7867	tempered-glass-protection
7868	tempered-glass-protection
7869	tempered-glass-protection
7870	photo-video
7871	photo-video
7872	photo-video
7873	photo-video
7874	photo-video
7875	photo-video
7876	cases-covers
7877	photo-video
7878	photo-video
7879	photo-video
7880	photo-video
7881	photo-video
7882	cases-covers
7883	cases-covers
7884	tools-adhesives
7885	photo-video
7886	photo-video
7887	cases-covers
7888	photo-video
7889	cables-adapters
7890	photo-video
7891	photo-video
7892	photo-video
7893	photo-video
7894	photo-video
7895	photo-video
7896	photo-video
7897	cables-adapters
7898	batteries
7899	photo-video
7900	cables-adapters
